{
  "type": "FeatureCollection",
  "features": [
    {
      "type": "Feature",
      "properties": {
        "unitName": "Hendersonville 1st Ward",
        "unitId": "hendersonville-1st-ward",
        "unitNumber": "46442",
        "churchBoundaryUnitId": "1166823"
      },
      "geometry": {
        "type": "Polygon",
        "coordinates": [
          [
            [
              -82.6713339,
              35.4563638
            ],
            [
              -82.6720206,
              35.4567833
            ],
            [
              -82.6733509,
              35.4563988
            ],
            [
              -82.6747672,
              35.4544761
            ],
            [
              -82.6775996,
              35.4540566
            ],
            [
              -82.6818482,
              35.4533225
            ],
            [
              -82.6827923,
              35.4536721
            ],
            [
              -82.6859251,
              35.4523436
            ],
            [
              -82.6878441,
              35.4531168
            ],
            [
              -82.6921375,
              35.4533594
            ],
            [
              -82.6942505,
              35.4544464
            ],
            [
              -82.6943424,
              35.4544193
            ],
            [
              -82.6955811,
              35.4546509
            ],
            [
              -82.6980702,
              35.4540566
            ],
            [
              -82.7011601,
              35.4546159
            ],
            [
              -82.70425,
              35.4536371
            ],
            [
              -82.7045062,
              35.4533304
            ],
            [
              -82.7085864,
              35.4507666
            ],
            [
              -82.7087599,
              35.4506485
            ],
            [
              -82.7097432,
              35.4504558
            ],
            [
              -82.7129189,
              35.449442
            ],
            [
              -82.7148072,
              35.450281
            ],
            [
              -82.7157084,
              35.4500363
            ],
            [
              -82.7163521,
              35.4483582
            ],
            [
              -82.7175563,
              35.4470147
            ],
            [
              -82.7183262,
              35.4461557
            ],
            [
              -82.7199228,
              35.4425566
            ],
            [
              -82.7227036,
              35.4411561
            ],
            [
              -82.7249352,
              35.4415756
            ],
            [
              -82.7256648,
              35.4410512
            ],
            [
              -82.7262226,
              35.4386386
            ],
            [
              -82.7297417,
              35.4359113
            ],
            [
              -82.730058,
              35.434307
            ],
            [
              -82.7308745,
              35.4322095
            ],
            [
              -82.7368745,
              35.4308445
            ],
            [
              -82.7397095,
              35.4292845
            ],
            [
              -82.7415255,
              35.4245426
            ],
            [
              -82.7452104,
              35.4229256
            ],
            [
              -82.6195343,
              35.3035334
            ],
            [
              -82.6220878,
              35.3031481
            ],
            [
              -82.622474,
              35.302255
            ],
            [
              -82.6226242,
              35.3006439
            ],
            [
              -82.6239117,
              35.2984198
            ],
            [
              -82.6238902,
              35.2962341
            ],
            [
              -82.6226457,
              35.2940975
            ],
            [
              -82.6203282,
              35.2917089
            ],
            [
              -82.6193626,
              35.2903077
            ],
            [
              -82.6189549,
              35.2884337
            ],
            [
              -82.6184131,
              35.2878453
            ],
            [
              -82.6110719,
              35.287495
            ],
            [
              -82.6110054,
              35.2854448
            ],
            [
              -82.6162863,
              35.2601193
            ],
            [
              -82.6145777,
              35.2596199
            ],
            [
              -82.6125121,
              35.260972
            ],
            [
              -82.6120856,
              35.2612611
            ],
            [
              -82.6110315,
              35.2614538
            ],
            [
              -82.6104146,
              35.2612173
            ],
            [
              -82.6043203,
              35.2589549
            ],
            [
              -82.6041617,
              35.2529506
            ],
            [
              -82.6042904,
              35.2528455
            ],
            [
              -82.6046424,
              35.2375471
            ],
            [
              -82.6044603,
              35.2338014
            ],
            [
              -82.603965,
              35.2260193
            ],
            [
              -82.6046453,
              35.221235
            ],
            [
              -82.5906697,
              35.1620253
            ],
            [
              -82.5906185,
              35.1618005
            ],
            [
              -82.5892524,
              35.1597084
            ],
            [
              -82.5860135,
              35.1591814
            ],
            [
              -82.5865144,
              35.1570156
            ],
            [
              -82.5862704,
              35.1546764
            ],
            [
              -82.5856525,
              35.1524695
            ],
            [
              -82.5790354,
              35.1498425
            ],
            [
              -82.5772165,
              35.1481545
            ],
            [
              -82.5749087,
              35.145488
            ],
            [
              -82.574596,
              35.145478
            ],
            [
              -82.574304,
              35.145355
            ],
            [
              -82.5735391,
              35.144843
            ],
            [
              -82.572955,
              35.144452
            ],
            [
              -82.572672,
              35.144434
            ],
            [
              -82.5725641,
              35.1444644
            ],
            [
              -82.572505,
              35.144481
            ],
            [
              -82.571777,
              35.144929
            ],
            [
              -82.571424,
              35.145015
            ],
            [
              -82.5699859,
              35.1451753
            ],
            [
              -82.569908,
              35.145184
            ],
            [
              -82.569441,
              35.145325
            ],
            [
              -82.568271,
              35.145682
            ],
            [
              -82.568181,
              35.145802
            ],
            [
              -82.5683969,
              35.1475455
            ],
            [
              -82.568301,
              35.148303
            ],
            [
              -82.567903,
              35.148929
            ],
            [
              -82.567756,
              35.149033
            ],
            [
              -82.566414,
              35.149323
            ],
            [
              -82.5658639,
              35.1495796
            ],
            [
              -82.565823,
              35.149674
            ],
            [
              -82.566057,
              35.150643
            ],
            [
              -82.566017,
              35.15078
            ],
            [
              -82.565383,
              35.15151
            ],
            [
              -82.5644468,
              35.1522381
            ],
            [
              -82.564241,
              35.15231
            ],
            [
              -82.563312,
              35.152336
            ],
            [
              -82.563018,
              35.152439
            ],
            [
              -82.562889,
              35.152584
            ],
            [
              -82.562709,
              35.15301
            ],
            [
              -82.5626094,
              35.1530571
            ],
            [
              -82.5625243,
              35.1530005
            ],
            [
              -82.562255,
              35.152491
            ],
            [
              -82.561984,
              35.152272
            ],
            [
              -82.561674,
              35.152028
            ],
            [
              -82.5608043,
              35.1516434
            ],
            [
              -82.559062,
              35.151351
            ],
            [
              -82.558536,
              35.151186
            ],
            [
              -82.5580647,
              35.1509307
            ],
            [
              -82.557768,
              35.15077
            ],
            [
              -82.557446,
              35.150769
            ],
            [
              -82.55722,
              35.150848
            ],
            [
              -82.5570866,
              35.1509816
            ],
            [
              -82.556676,
              35.151393
            ],
            [
              -82.556303,
              35.1516
            ],
            [
              -82.55593,
              35.151719
            ],
            [
              -82.555724,
              35.151822
            ],
            [
              -82.555083,
              35.15231
            ],
            [
              -82.5540105,
              35.1527989
            ],
            [
              -82.553845,
              35.152875
            ],
            [
              -82.553469,
              35.15322
            ],
            [
              -82.55333,
              35.153493
            ],
            [
              -82.553327,
              35.153711
            ],
            [
              -82.553531,
              35.153857
            ],
            [
              -82.554134,
              35.154151
            ],
            [
              -82.5548721,
              35.1546411
            ],
            [
              -82.555699,
              35.156253
            ],
            [
              -82.555741,
              35.156321
            ],
            [
              -82.556135,
              35.15748
            ],
            [
              -82.5561471,
              35.157795
            ],
            [
              -82.5561505,
              35.1578821
            ],
            [
              -82.556094,
              35.158098
            ],
            [
              -82.555767,
              35.158801
            ],
            [
              -82.555708,
              35.159431
            ],
            [
              -82.554784,
              35.160325
            ],
            [
              -82.5547324,
              35.160379
            ],
            [
              -82.554219,
              35.160916
            ],
            [
              -82.553808,
              35.16139
            ],
            [
              -82.553232,
              35.161662
            ],
            [
              -82.552804,
              35.161685
            ],
            [
              -82.5510249,
              35.1615511
            ],
            [
              -82.550055,
              35.161544
            ],
            [
              -82.549908,
              35.161584
            ],
            [
              -82.549676,
              35.16174
            ],
            [
              -82.549337,
              35.1619702
            ],
            [
              -82.548894,
              35.162271
            ],
            [
              -82.548766,
              35.162319
            ],
            [
              -82.548146,
              35.1622665
            ],
            [
              -82.547652,
              35.162312
            ],
            [
              -82.5474449,
              35.1624392
            ],
            [
              -82.547346,
              35.162608
            ],
            [
              -82.547094,
              35.163252
            ],
            [
              -82.546778,
              35.163572
            ],
            [
              -82.546375,
              35.163731
            ],
            [
              -82.546199,
              35.16373
            ],
            [
              -82.545985,
              35.16364
            ],
            [
              -82.545762,
              35.163271
            ],
            [
              -82.545207,
              35.162437
            ],
            [
              -82.544043,
              35.162293
            ],
            [
              -82.5416497,
              35.1620734
            ],
            [
              -82.537219,
              35.16088
            ],
            [
              -82.536295,
              35.159981
            ],
            [
              -82.53644,
              35.159235
            ],
            [
              -82.536702,
              35.158389
            ],
            [
              -82.537124,
              35.15698
            ],
            [
              -82.537314,
              35.1565866
            ],
            [
              -82.537338,
              35.1562
            ],
            [
              -82.537246,
              35.155675
            ],
            [
              -82.536775,
              35.154962
            ],
            [
              -82.536474,
              35.154783
            ],
            [
              -82.535703,
              35.154673
            ],
            [
              -82.53538,
              35.154679
            ],
            [
              -82.535096,
              35.154766
            ],
            [
              -82.5349169,
              35.1548667
            ],
            [
              -82.534358,
              35.155181
            ],
            [
              -82.533513,
              35.155603
            ],
            [
              -82.5320918,
              35.1560046
            ],
            [
              -82.531837,
              35.156036
            ],
            [
              -82.531544,
              35.156018
            ],
            [
              -82.5314131,
              35.1559882
            ],
            [
              -82.530559,
              35.155794
            ],
            [
              -82.530071,
              35.155767
            ],
            [
              -82.529064,
              35.155752
            ],
            [
              -82.52746,
              35.155887
            ],
            [
              -82.526822,
              35.156101
            ],
            [
              -82.525566,
              35.15652
            ],
            [
              -82.524887,
              35.156967
            ],
            [
              -82.524482,
              35.157287
            ],
            [
              -82.522195,
              35.158152
            ],
            [
              -82.521989,
              35.158247
            ],
            [
              -82.521416,
              35.1588
            ],
            [
              -82.52117,
              35.158895
            ],
            [
              -82.520113,
              35.159066
            ],
            [
              -82.519926,
              35.159105
            ],
            [
              -82.519738,
              35.159337
            ],
            [
              -82.51921,
              35.161044
            ],
            [
              -82.519192,
              35.161834
            ],
            [
              -82.5190894,
              35.162084
            ],
            [
              -82.518874,
              35.162219
            ],
            [
              -82.5187615,
              35.1622265
            ],
            [
              -82.517994,
              35.162278
            ],
            [
              -82.517771,
              35.16236
            ],
            [
              -82.517542,
              35.162542
            ],
            [
              -82.5169097,
              35.1630292
            ],
            [
              -82.516545,
              35.163291
            ],
            [
              -82.516172,
              35.163434
            ],
            [
              -82.514406,
              35.163478
            ],
            [
              -82.513493,
              35.163146
            ],
            [
              -82.513024,
              35.163104
            ],
            [
              -82.511407,
              35.163313
            ],
            [
              -82.510473,
              35.162935
            ],
            [
              -82.5101885,
              35.1628475
            ],
            [
              -82.508326,
              35.162275
            ],
            [
              -82.5081001,
              35.1624432
            ],
            [
              -82.5073157,
              35.1630272
            ],
            [
              -82.506216,
              35.163846
            ],
            [
              -82.505925,
              35.164051
            ],
            [
              -82.505513,
              35.164573
            ],
            [
              -82.5052654,
              35.1651459
            ],
            [
              -82.505108,
              35.16551
            ],
            [
              -82.5049,
              35.165733
            ],
            [
              -82.5045814,
              35.1658518
            ],
            [
              -82.503954,
              35.165953
            ],
            [
              -82.503681,
              35.165927
            ],
            [
              -82.50274,
              35.165268
            ],
            [
              -82.5020069,
              35.1648126
            ],
            [
              -82.501886,
              35.164738
            ],
            [
              -82.5017141,
              35.1646621
            ],
            [
              -82.500553,
              35.164149
            ],
            [
              -82.4999953,
              35.1637766
            ],
            [
              -82.499844,
              35.163676
            ],
            [
              -82.498779,
              35.162743
            ],
            [
              -82.498259,
              35.162502
            ],
            [
              -82.497887,
              35.162406
            ],
            [
              -82.497534,
              35.162269
            ],
            [
              -82.497122,
              35.162052
            ],
            [
              -82.496505,
              35.161997
            ],
            [
              -82.495711,
              35.162062
            ],
            [
              -82.495182,
              35.162297
            ],
            [
              -82.494712,
              35.162661
            ],
            [
              -82.4945651,
              35.1631611
            ],
            [
              -82.49483,
              35.163564
            ],
            [
              -82.495321,
              35.164109
            ],
            [
              -82.495506,
              35.164313
            ],
            [
              -82.495506,
              35.164732
            ],
            [
              -82.494928,
              35.165306
            ],
            [
              -82.4946872,
              35.1654778
            ],
            [
              -82.494174,
              35.165847
            ],
            [
              -82.4933882,
              35.1668827
            ],
            [
              -82.493322,
              35.16697
            ],
            [
              -82.492891,
              35.167487
            ],
            [
              -82.4925804,
              35.1677558
            ],
            [
              -82.492088,
              35.168182
            ],
            [
              -82.49104,
              35.169336
            ],
            [
              -82.4907654,
              35.1697162
            ],
            [
              -82.490492,
              35.169813
            ],
            [
              -82.489796,
              35.169879
            ],
            [
              -82.488483,
              35.169872
            ],
            [
              -82.4876973,
              35.1697796
            ],
            [
              -82.487248,
              35.169728
            ],
            [
              -82.487297,
              35.170493
            ],
            [
              -82.4873474,
              35.171336
            ],
            [
              -82.487361,
              35.171564
            ],
            [
              -82.487357,
              35.172494
            ],
            [
              -82.4869581,
              35.1730908
            ],
            [
              -82.486839,
              35.173269
            ],
            [
              -82.486653,
              35.173697
            ],
            [
              -82.486653,
              35.174157
            ],
            [
              -82.486653,
              35.174463
            ],
            [
              -82.484722,
              35.173982
            ],
            [
              -82.483938,
              35.173798
            ],
            [
              -82.483095,
              35.173767
            ],
            [
              -82.48233,
              35.17388
            ],
            [
              -82.481537,
              35.174035
            ],
            [
              -82.480753,
              35.174342
            ],
            [
              -82.479969,
              35.174803
            ],
            [
              -82.4793698,
              35.1753093
            ],
            [
              -82.479195,
              35.175457
            ],
            [
              -82.478382,
              35.175967
            ],
            [
              -82.4777556,
              35.1760878
            ],
            [
              -82.476833,
              35.17588
            ],
            [
              -82.476137,
              35.175486
            ],
            [
              -82.475823,
              35.174881
            ],
            [
              -82.4756665,
              35.1745654
            ],
            [
              -82.475519,
              35.174268
            ],
            [
              -82.47495,
              35.174043
            ],
            [
              -82.473961,
              35.174238
            ],
            [
              -82.4736448,
              35.1743288
            ],
            [
              -82.473059,
              35.174497
            ],
            [
              -82.4723144,
              35.1746185
            ],
            [
              -82.470942,
              35.174694
            ],
            [
              -82.470031,
              35.174848
            ],
            [
              -82.469119,
              35.174801
            ],
            [
              -82.4685602,
              35.1746317
            ],
            [
              -82.468482,
              35.174608
            ],
            [
              -82.467992,
              35.174633
            ],
            [
              -82.4679307,
              35.1746646
            ],
            [
              -82.4673559,
              35.174957
            ],
            [
              -82.466581,
              35.175046
            ],
            [
              -82.466071,
              35.175417
            ],
            [
              -82.465738,
              35.175636
            ],
            [
              -82.465189,
              35.175846
            ],
            [
              -82.464307,
              35.176388
            ],
            [
              -82.463612,
              35.176808
            ],
            [
              -82.463024,
              35.177131
            ],
            [
              -82.462377,
              35.177285
            ],
            [
              -82.4621035,
              35.1774
            ],
            [
              -82.461357,
              35.177714
            ],
            [
              -82.46073,
              35.177974
            ],
            [
              -82.460092,
              35.178137
            ],
            [
              -82.4595869,
              35.178136
            ],
            [
              -82.45901,
              35.17786
            ],
            [
              -82.458325,
              35.177573
            ],
            [
              -82.457764,
              35.177396
            ],
            [
              -82.457073,
              35.177348
            ],
            [
              -82.455698,
              35.177381
            ],
            [
              -82.4551518,
              35.1775305
            ],
            [
              -82.455066,
              35.177554
            ],
            [
              -82.454674,
              35.177577
            ],
            [
              -82.4543345,
              35.1774261
            ],
            [
              -82.4541841,
              35.1772122
            ],
            [
              -82.454101,
              35.177094
            ],
            [
              -82.4537939,
              35.1765796
            ],
            [
              -82.453516,
              35.176114
            ],
            [
              -82.453169,
              35.175157
            ],
            [
              -82.452746,
              35.174572
            ],
            [
              -82.452141,
              35.17388
            ],
            [
              -82.4520757,
              35.1737903
            ],
            [
              -82.451989,
              35.173688
            ],
            [
              -82.451813,
              35.173167
            ],
            [
              -82.451736,
              35.172886
            ],
            [
              -82.451977,
              35.1725
            ],
            [
              -82.453003,
              35.171358
            ],
            [
              -82.4549643,
              35.1699254
            ],
            [
              -82.45511,
              35.169819
            ],
            [
              -82.455666,
              35.169148
            ],
            [
              -82.455946,
              35.168811
            ],
            [
              -82.457447,
              35.167401
            ],
            [
              -82.457648,
              35.166849
            ],
            [
              -82.457263,
              35.164699
            ],
            [
              -82.457236,
              35.16415
            ],
            [
              -82.4571357,
              35.1639912
            ],
            [
              -82.4571116,
              35.1639529
            ],
            [
              -82.456349,
              35.163946
            ],
            [
              -82.455217,
              35.164073
            ],
            [
              -82.452693,
              35.164877
            ],
            [
              -82.44725,
              35.165218
            ],
            [
              -82.4437478,
              35.1660752
            ],
            [
              -82.443679,
              35.166092
            ],
            [
              -82.4400202,
              35.1657761
            ],
            [
              -82.439891,
              35.165765
            ],
            [
              -82.4383907,
              35.1671484
            ],
            [
              -82.438019,
              35.167672
            ],
            [
              -82.437676,
              35.167794
            ],
            [
              -82.436921,
              35.167859
            ],
            [
              -82.4359156,
              35.1679031
            ],
            [
              -82.435804,
              35.167908
            ],
            [
              -82.435196,
              35.16807
            ],
            [
              -82.4346772,
              35.1682807
            ],
            [
              -82.435157,
              35.169933
            ],
            [
              -82.435108,
              35.170184
            ],
            [
              -82.434755,
              35.170773
            ],
            [
              -82.4345232,
              35.1710487
            ],
            [
              -82.434165,
              35.171403
            ],
            [
              -82.433498,
              35.171901
            ],
            [
              -82.43314,
              35.172059
            ],
            [
              -82.4330327,
              35.1720978
            ],
            [
              -82.432444,
              35.172311
            ],
            [
              -82.431734,
              35.172833
            ],
            [
              -82.4314877,
              35.1732013
            ],
            [
              -82.431375,
              35.173859
            ],
            [
              -82.431461,
              35.174516
            ],
            [
              -82.431596,
              35.1752908
            ],
            [
              -82.431629,
              35.175873
            ],
            [
              -82.431687,
              35.176414
            ],
            [
              -82.431315,
              35.17714
            ],
            [
              -82.4307653,
              35.1778343
            ],
            [
              -82.429952,
              35.17819
            ],
            [
              -82.42909,
              35.178497
            ],
            [
              -82.428345,
              35.17874
            ],
            [
              -82.4268811,
              35.1789103
            ],
            [
              -82.426806,
              35.178919
            ],
            [
              -82.4262667,
              35.1790805
            ],
            [
              -82.426061,
              35.179379
            ],
            [
              -82.426002,
              35.179863
            ],
            [
              -82.4260049,
              35.1799147
            ],
            [
              -82.42604,
              35.180533
            ],
            [
              -82.425962,
              35.181041
            ],
            [
              -82.4255604,
              35.1813317
            ],
            [
              -82.424982,
              35.181308
            ],
            [
              -82.424433,
              35.181332
            ],
            [
              -82.424315,
              35.181454
            ],
            [
              -82.424599,
              35.181671
            ],
            [
              -82.425815,
              35.182081
            ],
            [
              -82.426334,
              35.182323
            ],
            [
              -82.426961,
              35.182629
            ],
            [
              -82.4276449,
              35.182869
            ],
            [
              -82.427716,
              35.182894
            ],
            [
              -82.4279421,
              35.1830884
            ],
            [
              -82.427994,
              35.183235
            ],
            [
              -82.42799,
              35.183416
            ],
            [
              -82.427969,
              35.1835243
            ],
            [
              -82.427935,
              35.183699
            ],
            [
              -82.427779,
              35.184485
            ],
            [
              -82.42751,
              35.185218
            ],
            [
              -82.427138,
              35.185775
            ],
            [
              -82.426922,
              35.186186
            ],
            [
              -82.4268222,
              35.18638
            ],
            [
              -82.4267071,
              35.1866039
            ],
            [
              -82.426324,
              35.186953
            ],
            [
              -82.425991,
              35.187284
            ],
            [
              -82.425883,
              35.18755
            ],
            [
              -82.425922,
              35.188058
            ],
            [
              -82.426108,
              35.188599
            ],
            [
              -82.4261569,
              35.1890263
            ],
            [
              -82.426098,
              35.1893
            ],
            [
              -82.425745,
              35.189769
            ],
            [
              -82.425363,
              35.189962
            ],
            [
              -82.424863,
              35.190019
            ],
            [
              -82.4240208,
              35.19006
            ],
            [
              -82.423579,
              35.190295
            ],
            [
              -82.423294,
              35.190779
            ],
            [
              -82.423402,
              35.191319
            ],
            [
              -82.423882,
              35.191819
            ],
            [
              -82.424412,
              35.19231
            ],
            [
              -82.4245979,
              35.1926176
            ],
            [
              -82.424578,
              35.192762
            ],
            [
              -82.424461,
              35.193093
            ],
            [
              -82.42398,
              35.193521
            ],
            [
              -82.4230695,
              35.1941739
            ],
            [
              -82.422725,
              35.194643
            ],
            [
              -82.42249,
              35.195232
            ],
            [
              -82.422117,
              35.195999
            ],
            [
              -82.4216884,
              35.1964723
            ],
            [
              -82.421009,
              35.197016
            ],
            [
              -82.420097,
              35.198009
            ],
            [
              -82.419736,
              35.1986197
            ],
            [
              -82.419323,
              35.198913
            ],
            [
              -82.4191878,
              35.1989835
            ],
            [
              -82.418813,
              35.199179
            ],
            [
              -82.418146,
              35.199575
            ],
            [
              -82.417862,
              35.199826
            ],
            [
              -82.4177877,
              35.1999118
            ],
            [
              -82.417597,
              35.200132
            ],
            [
              -82.4172349,
              35.2002775
            ],
            [
              -82.416793,
              35.200238
            ],
            [
              -82.416469,
              35.200028
            ],
            [
              -82.4162553,
              35.1997938
            ],
            [
              -82.416146,
              35.199674
            ],
            [
              -82.415813,
              35.199351
            ],
            [
              -82.415469,
              35.199214
            ],
            [
              -82.4151174,
              35.1992311
            ],
            [
              -82.414871,
              35.199433
            ],
            [
              -82.414783,
              35.1995705
            ],
            [
              -82.414489,
              35.20003
            ],
            [
              -82.414204,
              35.20028
            ],
            [
              -82.4140698,
              35.2002956
            ],
            [
              -82.413783,
              35.200329
            ],
            [
              -82.413616,
              35.200458
            ],
            [
              -82.4133398,
              35.2010464
            ],
            [
              -82.413028,
              35.201491
            ],
            [
              -82.4125368,
              35.2018529
            ],
            [
              -82.411302,
              35.202483
            ],
            [
              -82.410488,
              35.202686
            ],
            [
              -82.4097331,
              35.2028634
            ],
            [
              -82.409203,
              35.202808
            ],
            [
              -82.408749,
              35.2026836
            ],
            [
              -82.408674,
              35.202663
            ],
            [
              -82.408086,
              35.202445
            ],
            [
              -82.407684,
              35.202389
            ],
            [
              -82.407154,
              35.20239
            ],
            [
              -82.406321,
              35.202874
            ],
            [
              -82.405595,
              35.203447
            ],
            [
              -82.4047382,
              35.204167
            ],
            [
              -82.404006,
              35.204352
            ],
            [
              -82.403349,
              35.204473
            ],
            [
              -82.402594,
              35.204595
            ],
            [
              -82.4020932,
              35.2046824
            ],
            [
              -82.401673,
              35.204757
            ],
            [
              -82.401395,
              35.204726
            ],
            [
              -82.401084,
              35.204693
            ],
            [
              -82.400212,
              35.205089
            ],
            [
              -82.400015,
              35.205476
            ],
            [
              -82.3997954,
              35.2057794
            ],
            [
              -82.399711,
              35.205896
            ],
            [
              -82.399329,
              35.206049
            ],
            [
              -82.3991967,
              35.2060663
            ],
            [
              -82.398525,
              35.206154
            ],
            [
              -82.398338,
              35.206477
            ],
            [
              -82.39826,
              35.206639
            ],
            [
              -82.39825,
              35.206913
            ],
            [
              -82.398358,
              35.207284
            ],
            [
              -82.398485,
              35.207647
            ],
            [
              -82.398622,
              35.20776
            ],
            [
              -82.398728,
              35.207801
            ],
            [
              -82.3993306,
              35.2089414
            ],
            [
              -82.399426,
              35.209122
            ],
            [
              -82.399426,
              35.2091787
            ],
            [
              -82.398759,
              35.209663
            ],
            [
              -82.397817,
              35.210325
            ],
            [
              -82.39713,
              35.210834
            ],
            [
              -82.396463,
              35.211229
            ],
            [
              -82.395718,
              35.2118911
            ],
            [
              -82.395659,
              35.212053
            ],
            [
              -82.395727,
              35.212956
            ],
            [
              -82.395698,
              35.213214
            ],
            [
              -82.3938526,
              35.2150302
            ],
            [
              -82.393441,
              35.215248
            ],
            [
              -82.392931,
              35.215402
            ],
            [
              -82.390367,
              35.215449
            ],
            [
              -82.3902863,
              35.2153821
            ],
            [
              -82.38895,
              35.214275
            ],
            [
              -82.3886097,
              35.2140541
            ],
            [
              -82.38844,
              35.213944
            ],
            [
              -82.3880389,
              35.2135498
            ],
            [
              -82.38792,
              35.213251
            ],
            [
              -82.387891,
              35.212783
            ],
            [
              -82.387735,
              35.212194
            ],
            [
              -82.387372,
              35.211832
            ],
            [
              -82.38698,
              35.21163
            ],
            [
              -82.386353,
              35.211437
            ],
            [
              -82.385941,
              35.211486
            ],
            [
              -82.385637,
              35.211558
            ],
            [
              -82.385352,
              35.211567
            ],
            [
              -82.384999,
              35.211333
            ],
            [
              -82.3848831,
              35.2112491
            ],
            [
              -82.384451,
              35.210938
            ],
            [
              -82.384029,
              35.210543
            ],
            [
              -82.383853,
              35.21022
            ],
            [
              -82.383772,
              35.209833
            ],
            [
              -82.383745,
              35.209704
            ],
            [
              -82.383805,
              35.207978
            ],
            [
              -82.3837761,
              35.2076468
            ],
            [
              -82.383962,
              35.207389
            ],
            [
              -82.384521,
              35.207058
            ],
            [
              -82.3851,
              35.20684
            ],
            [
              -82.385277,
              35.206558
            ],
            [
              -82.385169,
              35.206267
            ],
            [
              -82.384659,
              35.205953
            ],
            [
              -82.383679,
              35.205324
            ],
            [
              -82.382983,
              35.20476
            ],
            [
              -82.382503,
              35.204196
            ],
            [
              -82.3824748,
              35.2041194
            ],
            [
              -82.382268,
              35.203559
            ],
            [
              -82.381877,
              35.202922
            ],
            [
              -82.381426,
              35.20268
            ],
            [
              -82.3812952,
              35.2026331
            ],
            [
              -82.380749,
              35.202438
            ],
            [
              -82.380524,
              35.202277
            ],
            [
              -82.380485,
              35.202067
            ],
            [
              -82.380646,
              35.201618
            ],
            [
              -82.38074,
              35.201357
            ],
            [
              -82.3809242,
              35.200896
            ],
            [
              -82.3808682,
              35.2006577
            ],
            [
              -82.380329,
              35.200301
            ],
            [
              -82.37983,
              35.199809
            ],
            [
              -82.379467,
              35.19922
            ],
            [
              -82.379085,
              35.198366
            ],
            [
              -82.378762,
              35.197495
            ],
            [
              -82.378537,
              35.196833
            ],
            [
              -82.378391,
              35.196083
            ],
            [
              -82.37843,
              35.195599
            ],
            [
              -82.378499,
              35.195349
            ],
            [
              -82.3786502,
              35.195315
            ],
            [
              -82.379254,
              35.195179
            ],
            [
              -82.3820683,
              35.1945336
            ],
            [
              -82.3828829,
              35.1943458
            ],
            [
              -82.383137,
              35.194024
            ],
            [
              -82.383343,
              35.193685
            ],
            [
              -82.383765,
              35.192733
            ],
            [
              -82.3839802,
              35.1921859
            ],
            [
              -82.38405,
              35.191523
            ],
            [
              -82.383943,
              35.191007
            ],
            [
              -82.383492,
              35.1907
            ],
            [
              -82.3827572,
              35.1900392
            ],
            [
              -82.382062,
              35.18912
            ],
            [
              -82.3816244,
              35.1882859
            ],
            [
              -82.38122,
              35.187515
            ],
            [
              -82.3808874,
              35.1871454
            ],
            [
              -82.380211,
              35.186766
            ],
            [
              -82.379608,
              35.1865814
            ],
            [
              -82.379133,
              35.186436
            ],
            [
              -82.377418,
              35.185791
            ],
            [
              -82.3765366,
              35.1852274
            ],
            [
              -82.376115,
              35.184743
            ],
            [
              -82.375703,
              35.184138
            ],
            [
              -82.375272,
              35.183808
            ],
            [
              -82.37484,
              35.183429
            ],
            [
              -82.3744606,
              35.1833343
            ],
            [
              -82.374283,
              35.18329
            ],
            [
              -82.373219,
              35.1822019
            ],
            [
              -82.373005,
              35.181662
            ],
            [
              -82.372537,
              35.180727
            ],
            [
              -82.3720595,
              35.1803404
            ],
            [
              -82.370964,
              35.180356
            ],
            [
              -82.370227,
              35.180718
            ],
            [
              -82.369673,
              35.181025
            ],
            [
              -82.368156,
              35.182396
            ],
            [
              -82.368009,
              35.18271
            ],
            [
              -82.367061,
              35.182903
            ],
            [
              -82.366514,
              35.183035
            ],
            [
              -82.366266,
              35.183763
            ],
            [
              -82.365983,
              35.184613
            ],
            [
              -82.364578,
              35.185273
            ],
            [
              -82.364397,
              35.185328
            ],
            [
              -82.363828,
              35.185276
            ],
            [
              -82.36303,
              35.185757
            ],
            [
              -82.36256,
              35.186031
            ],
            [
              -82.362306,
              35.186273
            ],
            [
              -82.362228,
              35.18637
            ],
            [
              -82.362091,
              35.186483
            ],
            [
              -82.362163,
              35.186998
            ],
            [
              -82.362289,
              35.187355
            ],
            [
              -82.363038,
              35.187465
            ],
            [
              -82.363318,
              35.187513
            ],
            [
              -82.3643071,
              35.1877736
            ],
            [
              -82.364569,
              35.189135
            ],
            [
              -82.364304,
              35.189595
            ],
            [
              -82.3629858,
              35.1910378
            ],
            [
              -82.362376,
              35.191054
            ],
            [
              -82.3622546,
              35.1910385
            ],
            [
              -82.361741,
              35.190973
            ],
            [
              -82.3608303,
              35.1910395
            ],
            [
              -82.36002,
              35.191763
            ],
            [
              -82.359687,
              35.192207
            ],
            [
              -82.359305,
              35.192319
            ],
            [
              -82.3591193,
              35.1921343
            ],
            [
              -82.359022,
              35.192117
            ],
            [
              -82.358603,
              35.191714
            ],
            [
              -82.357929,
              35.19152
            ],
            [
              -82.356794,
              35.19181
            ],
            [
              -82.3558216,
              35.1919885
            ],
            [
              -82.35565,
              35.19202
            ],
            [
              -82.3552809,
              35.1919623
            ],
            [
              -82.35484,
              35.19173
            ],
            [
              -82.353616,
              35.190828
            ],
            [
              -82.3513745,
              35.2164346
            ],
            [
              -82.3481844,
              35.2164346
            ],
            [
              -82.3439305,
              35.2169654
            ],
            [
              -82.3375494,
              35.2185615
            ],
            [
              -82.3274464,
              35.2222825
            ],
            [
              -82.3194705,
              35.2281314
            ],
            [
              -82.3210664,
              35.2387655
            ],
            [
              -82.3274464,
              35.2478056
            ],
            [
              -82.3273142,
              35.2487517
            ],
            [
              -82.33174,
              35.2483234
            ],
            [
              -82.334167,
              35.2483234
            ],
            [
              -82.3374507,
              35.2495369
            ],
            [
              -82.340306,
              35.2509646
            ],
            [
              -82.344018,
              35.2532489
            ],
            [
              -82.3480422,
              35.2542965
            ],
            [
              -82.3471204,
              35.2653526
            ],
            [
              -82.3471204,
              35.2839625
            ],
            [
              -82.3465885,
              35.2850255
            ],
            [
              -82.3460574,
              35.2866214
            ],
            [
              -82.3444624,
              35.2871524
            ],
            [
              -82.3439305,
              35.2882164
            ],
            [
              -82.3433984,
              35.2887475
            ],
            [
              -82.3418035,
              35.2903434
            ],
            [
              -82.3402085,
              35.2924695
            ],
            [
              -82.3380815,
              35.2951285
            ],
            [
              -82.3375494,
              35.2956604
            ],
            [
              -82.3359544,
              35.2972555
            ],
            [
              -82.3338275,
              35.2988505
            ],
            [
              -82.3311684,
              35.3025725
            ],
            [
              -82.3311684,
              35.3057624
            ],
            [
              -82.3290415,
              35.3073585
            ],
            [
              -82.3274464,
              35.3084215
            ],
            [
              -82.3253195,
              35.3078895
            ],
            [
              -82.3215975,
              35.3073585
            ],
            [
              -82.3189384,
              35.3073585
            ],
            [
              -82.3162804,
              35.3094844
            ],
            [
              -82.3157485,
              35.3100165
            ],
            [
              -82.3146854,
              35.3105484
            ],
            [
              -82.3141535,
              35.3116115
            ],
            [
              -82.3114944,
              35.3137385
            ],
            [
              -82.3109634,
              35.3158654
            ],
            [
              -82.3120265,
              35.3179926
            ],
            [
              -82.3104315,
              35.3195874
            ],
            [
              -82.3093675,
              35.3222465
            ],
            [
              -82.3093675,
              35.3227775
            ],
            [
              -82.3093675,
              35.3249045
            ],
            [
              -82.3072405,
              35.3264995
            ],
            [
              -82.3056455,
              35.3270314
            ],
            [
              -82.3061774,
              35.3296905
            ],
            [
              -82.3040504,
              35.3328805
            ],
            [
              -82.3024554,
              35.3339446
            ],
            [
              -82.2987334,
              35.3350075
            ],
            [
              -82.2987334,
              35.3362014
            ],
            [
              -82.3179558,
              35.3370552
            ],
            [
              -82.339991,
              35.3254881
            ],
            [
              -82.3403461,
              35.324595
            ],
            [
              -82.3410792,
              35.3239742
            ],
            [
              -82.3420567,
              35.321008
            ],
            [
              -82.3448865,
              35.3210649
            ],
            [
              -82.345573,
              35.3207091
            ],
            [
              -82.3479582,
              35.3203264
            ],
            [
              -82.3505385,
              35.3205431
            ],
            [
              -82.3606665,
              35.3264415
            ],
            [
              -82.3739225,
              35.327772
            ],
            [
              -82.3753387,
              35.3290762
            ],
            [
              -82.3795708,
              35.3291167
            ],
            [
              -82.3814765,
              35.3288978
            ],
            [
              -82.3821254,
              35.3268418
            ],
            [
              -82.3856355,
              35.3271531
            ],
            [
              -82.3866253,
              35.3275185
            ],
            [
              -82.3874943,
              35.3275207
            ],
            [
              -82.3880227,
              35.327617
            ],
            [
              -82.3888155,
              35.3276185
            ],
            [
              -82.3894056,
              35.3257519
            ],
            [
              -82.3947784,
              35.3239903
            ],
            [
              -82.395398,
              35.3227385
            ],
            [
              -82.4003394,
              35.3238998
            ],
            [
              -82.4022868,
              35.326999
            ],
            [
              -82.4149509,
              35.3278088
            ],
            [
              -82.4156762,
              35.3234698
            ],
            [
              -82.4163226,
              35.3233866
            ],
            [
              -82.4193347,
              35.3235879
            ],
            [
              -82.4194534,
              35.3262117
            ],
            [
              -82.4199081,
              35.3281213
            ],
            [
              -82.4207074,
              35.326449
            ],
            [
              -82.4212975,
              35.3261339
            ],
            [
              -82.421504,
              35.3235427
            ],
            [
              -82.4213082,
              35.3221925
            ],
            [
              -82.423454,
              35.3220962
            ],
            [
              -82.4235693,
              35.3237769
            ],
            [
              -82.4234567,
              35.3252799
            ],
            [
              -82.4235854,
              35.3253018
            ],
            [
              -82.4232716,
              35.328341
            ],
            [
              -82.4261676,
              35.3307438
            ],
            [
              -82.4263579,
              35.3315317
            ],
            [
              -82.4261016,
              35.334577
            ],
            [
              -82.4253553,
              35.334519
            ],
            [
              -82.425307,
              35.3351098
            ],
            [
              -82.4265891,
              35.335438
            ],
            [
              -82.4266231,
              35.3357909
            ],
            [
              -82.4272883,
              35.336049
            ],
            [
              -82.4275029,
              35.3363882
            ],
            [
              -82.4360999,
              35.3370081
            ],
            [
              -82.4375902,
              35.3383325
            ],
            [
              -82.4404199,
              35.3413585
            ],
            [
              -82.440948,
              35.3420291
            ],
            [
              -82.4434426,
              35.3442222
            ],
            [
              -82.4487856,
              35.3466901
            ],
            [
              -82.450588,
              35.3476702
            ],
            [
              -82.4525192,
              35.3491404
            ],
            [
              -82.4542787,
              35.3514506
            ],
            [
              -82.4590209,
              35.3598157
            ],
            [
              -82.4654582,
              35.3659928
            ],
            [
              -82.4762943,
              35.3760536
            ],
            [
              -82.4841263,
              35.3806868
            ],
            [
              -82.4861434,
              35.3827162
            ],
            [
              -82.4900057,
              35.3893989
            ],
            [
              -82.492598,
              35.3925442
            ],
            [
              -82.4951086,
              35.3944508
            ],
            [
              -82.4984774,
              35.396165
            ],
            [
              -82.502769,
              35.3975469
            ],
            [
              -82.5032839,
              35.3975818
            ],
            [
              -82.50226,
              35.4001477
            ],
            [
              -82.5023055,
              35.4009157
            ],
            [
              -82.5023058,
              35.4009163
            ],
            [
              -82.5027203,
              35.4018472
            ],
            [
              -82.5026425,
              35.4027327
            ],
            [
              -82.5046942,
              35.4068929
            ],
            [
              -82.5039833,
              35.4077424
            ],
            [
              -82.502779,
              35.4086671
            ],
            [
              -82.5015264,
              35.4086015
            ],
            [
              -82.5014287,
              35.4101124
            ],
            [
              -82.5013684,
              35.4112623
            ],
            [
              -82.5006822,
              35.4125633
            ],
            [
              -82.5001488,
              35.4139526
            ],
            [
              -82.4996828,
              35.4141351
            ],
            [
              -82.499766,
              35.4144718
            ],
            [
              -82.5000342,
              35.4146729
            ],
            [
              -82.4994414,
              35.4149046
            ],
            [
              -82.5000288,
              35.4153483
            ],
            [
              -82.5004768,
              35.4152194
            ],
            [
              -82.4996773,
              35.4182069
            ],
            [
              -82.4998076,
              35.4186834
            ],
            [
              -82.4995206,
              35.4204335
            ],
            [
              -82.5026856,
              35.4219351
            ],
            [
              -82.5041984,
              35.4220138
            ],
            [
              -82.5060532,
              35.4222999
            ],
            [
              -82.5107107,
              35.4217587
            ],
            [
              -82.5144068,
              35.4203948
            ],
            [
              -82.5166774,
              35.4180286
            ],
            [
              -82.5229597,
              35.4163131
            ],
            [
              -82.5257384,
              35.420099
            ],
            [
              -82.5120185,
              35.4332631
            ],
            [
              -82.5101087,
              35.4336652
            ],
            [
              -82.5015042,
              35.4335079
            ],
            [
              -82.5020728,
              35.4350901
            ],
            [
              -82.5031135,
              35.4377213
            ],
            [
              -82.5072751,
              35.4447416
            ],
            [
              -82.5075138,
              35.4447387
            ],
            [
              -82.5161517,
              35.444632
            ],
            [
              -82.5174861,
              35.4446189
            ],
            [
              -82.5212736,
              35.4445358
            ],
            [
              -82.5306634,
              35.4444273
            ],
            [
              -82.5310738,
              35.4444044
            ],
            [
              -82.5328682,
              35.4444
            ],
            [
              -82.5333115,
              35.4444917
            ],
            [
              -82.5335126,
              35.4445933
            ],
            [
              -82.5336454,
              35.4448927
            ],
            [
              -82.5340316,
              35.4448468
            ],
            [
              -82.5350004,
              35.443936
            ],
            [
              -82.5351184,
              35.4424632
            ],
            [
              -82.535494,
              35.441777
            ],
            [
              -82.5354523,
              35.4362998
            ],
            [
              -82.5291966,
              35.4361383
            ],
            [
              -82.5291853,
              35.434778
            ],
            [
              -82.5291303,
              35.4344098
            ],
            [
              -82.5291518,
              35.433964
            ],
            [
              -82.5293415,
              35.4296407
            ],
            [
              -82.530405,
              35.4292724
            ],
            [
              -82.5301073,
              35.4283132
            ],
            [
              -82.5305641,
              35.4265175
            ],
            [
              -82.5302315,
              35.4254591
            ],
            [
              -82.5297527,
              35.4251367
            ],
            [
              -82.5298847,
              35.4232065
            ],
            [
              -82.5303997,
              35.4228852
            ],
            [
              -82.5338544,
              35.4229136
            ],
            [
              -82.5345571,
              35.4230119
            ],
            [
              -82.5353944,
              35.4222688
            ],
            [
              -82.5328281,
              35.4166115
            ],
            [
              -82.5333002,
              35.4164737
            ],
            [
              -82.5383976,
              35.4220701
            ],
            [
              -82.5387758,
              35.4221529
            ],
            [
              -82.5397962,
              35.4232686
            ],
            [
              -82.544356,
              35.4234416
            ],
            [
              -82.5443774,
              35.4234354
            ],
            [
              -82.5465851,
              35.4250646
            ],
            [
              -82.5468383,
              35.4252179
            ],
            [
              -82.5437699,
              35.4282413
            ],
            [
              -82.5446363,
              35.4290652
            ],
            [
              -82.5425357,
              35.4318605
            ],
            [
              -82.5463552,
              35.4397415
            ],
            [
              -82.5497455,
              35.4396629
            ],
            [
              -82.5494773,
              35.4434826
            ],
            [
              -82.5586281,
              35.4442152
            ],
            [
              -82.5586708,
              35.4442186
            ],
            [
              -82.559282,
              35.4439531
            ],
            [
              -82.5596372,
              35.4433504
            ],
            [
              -82.5613191,
              35.442853
            ],
            [
              -82.5613815,
              35.4428345
            ],
            [
              -82.5616846,
              35.4415965
            ],
            [
              -82.5623289,
              35.4408064
            ],
            [
              -82.5622431,
              35.440247
            ],
            [
              -82.5620748,
              35.4400032
            ],
            [
              -82.5624305,
              35.4385505
            ],
            [
              -82.5661015,
              35.4386585
            ],
            [
              -82.5661441,
              35.4385768
            ],
            [
              -82.5666634,
              35.4386386
            ],
            [
              -82.5679938,
              35.4380792
            ],
            [
              -82.5682084,
              35.4373799
            ],
            [
              -82.5678965,
              35.4351667
            ],
            [
              -82.5693242,
              35.433114
            ],
            [
              -82.570376,
              35.4314
            ],
            [
              -82.5740026,
              35.4321315
            ],
            [
              -82.576146,
              35.4326293
            ],
            [
              -82.5815844,
              35.4338925
            ],
            [
              -82.5825446,
              35.4339142
            ],
            [
              -82.5826708,
              35.436296
            ],
            [
              -82.5867907,
              35.4391631
            ],
            [
              -82.5896054,
              35.437216
            ],
            [
              -82.5905045,
              35.4379215
            ],
            [
              -82.5905472,
              35.43789
            ],
            [
              -82.5923436,
              35.436563
            ],
            [
              -82.5925134,
              35.4364376
            ],
            [
              -82.5945744,
              35.4357305
            ],
            [
              -82.5948819,
              35.4358797
            ],
            [
              -82.5962324,
              35.4365348
            ],
            [
              -82.5964605,
              35.4366455
            ],
            [
              -82.5989734,
              35.4371625
            ],
            [
              -82.6005185,
              35.4389775
            ],
            [
              -82.6041345,
              35.4405455
            ],
            [
              -82.6058945,
              35.4418894
            ],
            [
              -82.6075745,
              35.4430095
            ],
            [
              -82.6129674,
              35.4403694
            ],
            [
              -82.6175115,
              35.4405135
            ],
            [
              -82.6207014,
              35.4363656
            ],
            [
              -82.6238345,
              35.4374696
            ],
            [
              -82.6305995,
              35.4408966
            ],
            [
              -82.6418485,
              35.4444644
            ],
            [
              -82.6418671,
              35.4444903
            ],
            [
              -82.6434324,
              35.4466724
            ],
            [
              -82.6441045,
              35.4488645
            ],
            [
              -82.6442435,
              35.4489324
            ],
            [
              -82.6465718,
              35.4480086
            ],
            [
              -82.648503,
              35.4483932
            ],
            [
              -82.6498333,
              35.4497567
            ],
            [
              -82.6512495,
              35.4507355
            ],
            [
              -82.6530091,
              35.4525884
            ],
            [
              -82.6544253,
              35.4535672
            ],
            [
              -82.6587359,
              35.4527488
            ],
            [
              -82.6593364,
              35.4524156
            ],
            [
              -82.6598212,
              35.4526433
            ],
            [
              -82.6632658,
              35.4523087
            ],
            [
              -82.6658408,
              35.4536371
            ],
            [
              -82.6665274,
              35.4556647
            ],
            [
              -82.667772,
              35.4562589
            ],
            [
              -82.6695315,
              35.4561191
            ],
            [
              -82.6713339,
              35.4563638
            ]
          ]
        ]
      }
    },
    {
      "type": "Feature",
      "properties": {
        "unitName": "Forest City Ward",
        "unitId": "forest-city-ward",
        "unitNumber": "49921",
        "churchBoundaryUnitId": "1166827"
      },
      "geometry": {
        "type": "Polygon",
        "coordinates": [
          [
            [
              -81.749553,
              35.609353
            ],
            [
              -81.749823,
              35.609809
            ],
            [
              -81.7499003,
              35.6098989
            ],
            [
              -81.750381,
              35.610458
            ],
            [
              -81.751728,
              35.611132
            ],
            [
              -81.752104,
              35.611265
            ],
            [
              -81.7528062,
              35.6113558
            ],
            [
              -81.753905,
              35.611498
            ],
            [
              -81.754113,
              35.611576
            ],
            [
              -81.754184,
              35.611613
            ],
            [
              -81.754854,
              35.611128
            ],
            [
              -81.755297,
              35.610531
            ],
            [
              -81.75562,
              35.610229
            ],
            [
              -81.757196,
              35.609128
            ],
            [
              -81.757745,
              35.608972
            ],
            [
              -81.758399,
              35.608974
            ],
            [
              -81.759046,
              35.60911
            ],
            [
              -81.759881,
              35.608565
            ],
            [
              -81.76009,
              35.608584
            ],
            [
              -81.760958,
              35.608361
            ],
            [
              -81.76165,
              35.607669
            ],
            [
              -81.762229,
              35.607448
            ],
            [
              -81.762582,
              35.607314
            ],
            [
              -81.7629423,
              35.6072841
            ],
            [
              -81.763789,
              35.60767
            ],
            [
              -81.764099,
              35.607237
            ],
            [
              -81.764694,
              35.606789
            ],
            [
              -81.765607,
              35.606813
            ],
            [
              -81.766296,
              35.606665
            ],
            [
              -81.767333,
              35.604835
            ],
            [
              -81.767736,
              35.604567
            ],
            [
              -81.768217,
              35.604484
            ],
            [
              -81.7681945,
              35.6041669
            ],
            [
              -81.768146,
              35.603483
            ],
            [
              -81.76828,
              35.60318
            ],
            [
              -81.76838,
              35.602957
            ],
            [
              -81.768944,
              35.602915
            ],
            [
              -81.77037,
              35.602845
            ],
            [
              -81.7705409,
              35.6027741
            ],
            [
              -81.771255,
              35.602478
            ],
            [
              -81.7719112,
              35.6019604
            ],
            [
              -81.771269,
              35.60108
            ],
            [
              -81.770853,
              35.600443
            ],
            [
              -81.770644,
              35.599916
            ],
            [
              -81.770485,
              35.599515
            ],
            [
              -81.770016,
              35.598841
            ],
            [
              -81.769634,
              35.5982905
            ],
            [
              -81.768953,
              35.598219
            ],
            [
              -81.768331,
              35.597922
            ],
            [
              -81.768189,
              35.59692
            ],
            [
              -81.7684238,
              35.5962057
            ],
            [
              -81.771595,
              35.595008
            ],
            [
              -81.7717808,
              35.594469
            ],
            [
              -81.772041,
              35.593714
            ],
            [
              -81.772492,
              35.592555
            ],
            [
              -81.7732472,
              35.592563
            ],
            [
              -81.773531,
              35.592566
            ],
            [
              -81.773623,
              35.592569
            ],
            [
              -81.774879,
              35.592572
            ],
            [
              -81.776452,
              35.592406
            ],
            [
              -81.7767263,
              35.5920978
            ],
            [
              -81.77676,
              35.59206
            ],
            [
              -81.777373,
              35.592079
            ],
            [
              -81.77826,
              35.592373
            ],
            [
              -81.7787621,
              35.5924362
            ],
            [
              -81.778903,
              35.592454
            ],
            [
              -81.7790361,
              35.5923988
            ],
            [
              -81.779552,
              35.592185
            ],
            [
              -81.780647,
              35.59184
            ],
            [
              -81.781454,
              35.591808
            ],
            [
              -81.7821125,
              35.5919787
            ],
            [
              -81.782789,
              35.592154
            ],
            [
              -81.7831634,
              35.5919037
            ],
            [
              -81.783272,
              35.591831
            ],
            [
              -81.784483,
              35.592338
            ],
            [
              -81.7854134,
              35.5928923
            ],
            [
              -81.787026,
              35.593853
            ],
            [
              -81.7878826,
              35.5939772
            ],
            [
              -81.788419,
              35.594055
            ],
            [
              -81.790855,
              35.593562
            ],
            [
              -81.793845,
              35.59311
            ],
            [
              -81.7939698,
              35.5930376
            ],
            [
              -81.794925,
              35.592483
            ],
            [
              -81.795131,
              35.592362
            ],
            [
              -81.7958605,
              35.5915431
            ],
            [
              -81.7959478,
              35.5914452
            ],
            [
              -81.796005,
              35.591381
            ],
            [
              -81.796342,
              35.58999
            ],
            [
              -81.796863,
              35.58866
            ],
            [
              -81.797134,
              35.587621
            ],
            [
              -81.796382,
              35.587309
            ],
            [
              -81.7960533,
              35.5860898
            ],
            [
              -81.796449,
              35.584412
            ],
            [
              -81.796973,
              35.583891
            ],
            [
              -81.797176,
              35.583694
            ],
            [
              -81.7977348,
              35.5830781
            ],
            [
              -81.7977617,
              35.5827063
            ],
            [
              -81.7978,
              35.582173
            ],
            [
              -81.798316,
              35.5807
            ],
            [
              -81.799639,
              35.5794848
            ],
            [
              -81.801125,
              35.578969
            ],
            [
              -81.8018286,
              35.578702
            ],
            [
              -81.801942,
              35.578659
            ],
            [
              -81.802817,
              35.578348
            ],
            [
              -81.803684,
              35.578475
            ],
            [
              -81.8048584,
              35.5792978
            ],
            [
              -81.805324,
              35.579624
            ],
            [
              -81.8065592,
              35.5801254
            ],
            [
              -81.8071809,
              35.5803774
            ],
            [
              -81.809487,
              35.581055
            ],
            [
              -81.8104207,
              35.5812056
            ],
            [
              -81.811376,
              35.580612
            ],
            [
              -81.8117929,
              35.5805844
            ],
            [
              -81.813504,
              35.580471
            ],
            [
              -81.814721,
              35.580272
            ],
            [
              -81.815049,
              35.579546
            ],
            [
              -81.8158694,
              35.5787324
            ],
            [
              -81.816018,
              35.578585
            ],
            [
              -81.8166539,
              35.578376
            ],
            [
              -81.817381,
              35.578137
            ],
            [
              -81.818486,
              35.578155
            ],
            [
              -81.819037,
              35.578701
            ],
            [
              -81.819558,
              35.579102
            ],
            [
              -81.820377,
              35.579138
            ],
            [
              -81.821777,
              35.580142
            ],
            [
              -81.822648,
              35.580426
            ],
            [
              -81.822695,
              35.579027
            ],
            [
              -81.822979,
              35.578077
            ],
            [
              -81.823646,
              35.577915
            ],
            [
              -81.824057,
              35.57734
            ],
            [
              -81.824181,
              35.576555
            ],
            [
              -81.82407,
              35.575934
            ],
            [
              -81.823713,
              35.575499
            ],
            [
              -81.824184,
              35.574955
            ],
            [
              -81.8281484,
              35.5740036
            ],
            [
              -81.8295074,
              35.5717595
            ],
            [
              -81.8294805,
              35.5681306
            ],
            [
              -81.8336545,
              35.5635404
            ],
            [
              -81.8337235,
              35.5615115
            ],
            [
              -81.8331724,
              35.5587705
            ],
            [
              -81.8347694,
              35.5575335
            ],
            [
              -81.8370705,
              35.5568835
            ],
            [
              -81.8393125,
              35.5554794
            ],
            [
              -81.8413265,
              35.5526565
            ],
            [
              -81.8410415,
              35.5500994
            ],
            [
              -81.8427505,
              35.5473675
            ],
            [
              -81.8438334,
              35.5441384
            ],
            [
              -81.8426535,
              35.5421615
            ],
            [
              -81.8562625,
              35.5405274
            ],
            [
              -81.8816925,
              35.5374104
            ],
            [
              -81.8917734,
              35.5358824
            ],
            [
              -81.8974845,
              35.5350934
            ],
            [
              -81.9138734,
              35.5327794
            ],
            [
              -81.9459575,
              35.5284406
            ],
            [
              -81.9618824,
              35.5262444
            ],
            [
              -81.9699285,
              35.5251675
            ],
            [
              -81.9724865,
              35.5247455
            ],
            [
              -81.9746434,
              35.5252885
            ],
            [
              -81.9756435,
              35.5280484
            ],
            [
              -81.9780745,
              35.5305856
            ],
            [
              -81.9794404,
              35.5328826
            ],
            [
              -81.9836865,
              35.5364784
            ],
            [
              -81.9862884,
              35.5380814
            ],
            [
              -81.9867764,
              35.5404025
            ],
            [
              -81.9894105,
              35.5413684
            ],
            [
              -81.9953025,
              35.5447604
            ],
            [
              -81.9998275,
              35.5494905
            ],
            [
              -82.0028525,
              35.5518026
            ],
            [
              -82.0056715,
              35.5496475
            ],
            [
              -82.0128974,
              35.5477224
            ],
            [
              -82.0170625,
              35.5422824
            ],
            [
              -82.0196244,
              35.5415215
            ],
            [
              -82.0209714,
              35.5384385
            ],
            [
              -82.0244055,
              35.5372704
            ],
            [
              -82.0288335,
              35.5359706
            ],
            [
              -82.0328905,
              35.5379926
            ],
            [
              -82.0453885,
              35.5379595
            ],
            [
              -82.0593925,
              35.5367585
            ],
            [
              -82.0627515,
              35.5369305
            ],
            [
              -82.0699266,
              35.5368535
            ],
            [
              -82.0762984,
              35.5356696
            ],
            [
              -82.0828925,
              35.5333485
            ],
            [
              -82.0866435,
              35.5328944
            ],
            [
              -82.0951955,
              35.5317435
            ],
            [
              -82.0971544,
              35.5313095
            ],
            [
              -82.1241274,
              35.5243735
            ],
            [
              -82.1294234,
              35.5233484
            ],
            [
              -82.1505425,
              35.5180026
            ],
            [
              -82.1554825,
              35.5205825
            ],
            [
              -82.1619674,
              35.5240695
            ],
            [
              -82.1660944,
              35.5262775
            ],
            [
              -82.1679767,
              35.5273785
            ],
            [
              -82.1690481,
              35.5278786
            ],
            [
              -82.1739417,
              35.5272713
            ],
            [
              -82.174406,
              35.5271642
            ],
            [
              -82.1759775,
              35.527307
            ],
            [
              -82.1766206,
              35.5269499
            ],
            [
              -82.1771921,
              35.5269855
            ],
            [
              -82.1781922,
              35.5268069
            ],
            [
              -82.1791566,
              35.5269142
            ],
            [
              -82.1802996,
              35.5264856
            ],
            [
              -82.1850859,
              35.5258068
            ],
            [
              -82.2100714,
              35.5227615
            ],
            [
              -82.2207635,
              35.5214505
            ],
            [
              -82.2303994,
              35.5201876
            ],
            [
              -82.2331524,
              35.5195035
            ],
            [
              -82.2328405,
              35.5172105
            ],
            [
              -82.2336375,
              35.5152395
            ],
            [
              -82.2338514,
              35.5115224
            ],
            [
              -82.2332515,
              35.5094694
            ],
            [
              -82.2316915,
              35.5070804
            ],
            [
              -82.2281725,
              35.5055335
            ],
            [
              -82.2266005,
              35.5039165
            ],
            [
              -82.2240925,
              35.4998336
            ],
            [
              -82.2335854,
              35.4833355
            ],
            [
              -82.2358614,
              35.4794114
            ],
            [
              -82.2377855,
              35.4761476
            ],
            [
              -82.2401015,
              35.4721345
            ],
            [
              -82.2425825,
              35.4680105
            ],
            [
              -82.2513135,
              35.4605525
            ],
            [
              -82.2538184,
              35.4617784
            ],
            [
              -82.2658714,
              35.4676224
            ],
            [
              -82.2753875,
              35.4502585
            ],
            [
              -82.2768964,
              35.4484384
            ],
            [
              -82.2796165,
              35.4459765
            ],
            [
              -82.2805104,
              35.4422055
            ],
            [
              -82.2789964,
              35.4383715
            ],
            [
              -82.2762015,
              35.4370714
            ],
            [
              -82.2734145,
              35.4303375
            ],
            [
              -82.2751134,
              35.4261995
            ],
            [
              -82.2758304,
              35.4230905
            ],
            [
              -82.2730404,
              35.4188325
            ],
            [
              -82.2732885,
              35.4149585
            ],
            [
              -82.2726765,
              35.4095514
            ],
            [
              -82.2712504,
              35.4077325
            ],
            [
              -82.2686915,
              35.4064095
            ],
            [
              -82.2688909,
              35.4048945
            ],
            [
              -82.264387,
              35.4048818
            ],
            [
              -82.2635984,
              35.4038054
            ],
            [
              -82.265721,
              35.3996846
            ],
            [
              -82.2666146,
              35.3982259
            ],
            [
              -82.2620725,
              35.3944515
            ],
            [
              -82.2610824,
              35.3940494
            ],
            [
              -82.2620434,
              35.3892434
            ],
            [
              -82.2641704,
              35.3849895
            ],
            [
              -82.2718344,
              35.3787631
            ],
            [
              -82.2716355,
              35.3785429
            ],
            [
              -82.2728907,
              35.3769432
            ],
            [
              -82.272939,
              35.3765135
            ],
            [
              -82.2729202,
              35.3764205
            ],
            [
              -82.2718768,
              35.3764161
            ],
            [
              -82.2738688,
              35.3723629
            ],
            [
              -82.275796,
              35.3711379
            ],
            [
              -82.2778855,
              35.3703134
            ],
            [
              -82.2795958,
              35.3673764
            ],
            [
              -82.2806634,
              35.3673808
            ],
            [
              -82.2807304,
              35.3658585
            ],
            [
              -82.2797675,
              35.3651061
            ],
            [
              -82.2806551,
              35.3637247
            ],
            [
              -82.2806545,
              35.3637205
            ],
            [
              -82.2843765,
              35.3589356
            ],
            [
              -82.2907575,
              35.3530864
            ],
            [
              -82.2939474,
              35.3467056
            ],
            [
              -82.2956997,
              35.3425006
            ],
            [
              -82.2945676,
              35.3420112
            ],
            [
              -82.2979422,
              35.3357666
            ],
            [
              -82.2987334,
              35.3362086
            ],
            [
              -82.2987334,
              35.3350075
            ],
            [
              -82.3024554,
              35.3339446
            ],
            [
              -82.3040504,
              35.3328805
            ],
            [
              -82.3061774,
              35.3296905
            ],
            [
              -82.3056455,
              35.3270314
            ],
            [
              -82.3072405,
              35.3264995
            ],
            [
              -82.3093675,
              35.3249045
            ],
            [
              -82.3093675,
              35.3227775
            ],
            [
              -82.3093675,
              35.3222465
            ],
            [
              -82.3104315,
              35.3195874
            ],
            [
              -82.3120265,
              35.3179926
            ],
            [
              -82.3109634,
              35.3158654
            ],
            [
              -82.3114944,
              35.3137385
            ],
            [
              -82.3141535,
              35.3116115
            ],
            [
              -82.3146854,
              35.3105484
            ],
            [
              -82.3157485,
              35.3100165
            ],
            [
              -82.3162804,
              35.3094844
            ],
            [
              -82.3189384,
              35.3073585
            ],
            [
              -82.3215975,
              35.3073585
            ],
            [
              -82.3253195,
              35.3078895
            ],
            [
              -82.3274464,
              35.3084215
            ],
            [
              -82.3290415,
              35.3073585
            ],
            [
              -82.3311684,
              35.3057624
            ],
            [
              -82.3311684,
              35.3025725
            ],
            [
              -82.3338275,
              35.2988505
            ],
            [
              -82.3359544,
              35.2972555
            ],
            [
              -82.3375494,
              35.2956604
            ],
            [
              -82.3380815,
              35.2951285
            ],
            [
              -82.3402085,
              35.2924695
            ],
            [
              -82.3418035,
              35.2903434
            ],
            [
              -82.3433984,
              35.2887475
            ],
            [
              -82.3439305,
              35.2882164
            ],
            [
              -82.3444624,
              35.2871524
            ],
            [
              -82.3460574,
              35.2866214
            ],
            [
              -82.3465885,
              35.2850255
            ],
            [
              -82.3471204,
              35.2839625
            ],
            [
              -82.3471204,
              35.2653526
            ],
            [
              -82.3480422,
              35.2542965
            ],
            [
              -82.344018,
              35.2532489
            ],
            [
              -82.340306,
              35.2509646
            ],
            [
              -82.3374507,
              35.2495369
            ],
            [
              -82.334167,
              35.2483234
            ],
            [
              -82.33174,
              35.2483234
            ],
            [
              -82.3273142,
              35.2487517
            ],
            [
              -82.3274464,
              35.2478056
            ],
            [
              -82.3210664,
              35.2387655
            ],
            [
              -82.3194705,
              35.2281314
            ],
            [
              -82.3274464,
              35.2222825
            ],
            [
              -82.3375494,
              35.2185615
            ],
            [
              -82.3439305,
              35.2169654
            ],
            [
              -82.3481844,
              35.2164346
            ],
            [
              -82.3513745,
              35.2164346
            ],
            [
              -82.353616,
              35.190828
            ],
            [
              -82.352837,
              35.190254
            ],
            [
              -82.352173,
              35.190093
            ],
            [
              -82.351596,
              35.190101
            ],
            [
              -82.350784,
              35.190544
            ],
            [
              -82.350607,
              35.191181
            ],
            [
              -82.3503613,
              35.1923567
            ],
            [
              -82.350351,
              35.192406
            ],
            [
              -82.3500913,
              35.192849
            ],
            [
              -82.3495,
              35.19272
            ],
            [
              -82.348846,
              35.192487
            ],
            [
              -82.348464,
              35.19268
            ],
            [
              -82.347916,
              35.193043
            ],
            [
              -82.347134,
              35.193059
            ],
            [
              -82.346109,
              35.192655
            ],
            [
              -82.345199,
              35.193026
            ],
            [
              -82.3445527,
              35.1931143
            ],
            [
              -82.343782,
              35.192695
            ],
            [
              -82.3432472,
              35.1922532
            ],
            [
              -82.3426792,
              35.1918811
            ],
            [
              -82.342074,
              35.19172
            ],
            [
              -82.341771,
              35.191728
            ],
            [
              -82.341194,
              35.19151
            ],
            [
              -82.340882,
              35.191187
            ],
            [
              -82.340746,
              35.19084
            ],
            [
              -82.340679,
              35.190308
            ],
            [
              -82.340591,
              35.18997
            ],
            [
              -82.3401331,
              35.1891882
            ],
            [
              -82.339675,
              35.189048
            ],
            [
              -82.339508,
              35.18893
            ],
            [
              -82.338824,
              35.188849
            ],
            [
              -82.338013,
              35.18901
            ],
            [
              -82.3380325,
              35.1891205
            ],
            [
              -82.33781,
              35.189339
            ],
            [
              -82.337464,
              35.189679
            ],
            [
              -82.337144,
              35.18969
            ],
            [
              -82.3360063,
              35.1897318
            ],
            [
              -82.33592,
              35.189735
            ],
            [
              -82.335233,
              35.189965
            ],
            [
              -82.33503,
              35.190033
            ],
            [
              -82.333934,
              35.190661
            ],
            [
              -82.332977,
              35.190645
            ],
            [
              -82.332137,
              35.189952
            ],
            [
              -82.3307806,
              35.1890306
            ],
            [
              -82.330791,
              35.188532
            ],
            [
              -82.330901,
              35.187404
            ],
            [
              -82.33055,
              35.1867673
            ],
            [
              -82.329436,
              35.186557
            ],
            [
              -82.328635,
              35.1865
            ],
            [
              -82.327757,
              35.18579
            ],
            [
              -82.3269184,
              35.1850563
            ],
            [
              -82.325804,
              35.18475
            ],
            [
              -82.324407,
              35.184797
            ],
            [
              -82.323345,
              35.1847927
            ],
            [
              -82.321854,
              35.185716
            ],
            [
              -82.321149,
              35.18632
            ],
            [
              -82.320286,
              35.1865071
            ],
            [
              -82.319516,
              35.186674
            ],
            [
              -82.317872,
              35.187859
            ],
            [
              -82.316627,
              35.189575
            ],
            [
              -82.3158724,
              35.1906777
            ],
            [
              -82.314962,
              35.191049
            ],
            [
              -82.314863,
              35.19109
            ],
            [
              -82.30967,
              35.192402
            ],
            [
              -82.307178,
              35.1930101
            ],
            [
              -82.303979,
              35.193415
            ],
            [
              -82.302346,
              35.193511
            ],
            [
              -82.299745,
              35.194001
            ],
            [
              -82.2983286,
              35.1944747
            ],
            [
              -82.292707,
              35.196355
            ],
            [
              -82.2924834,
              35.1964269
            ],
            [
              -82.281963,
              35.199808
            ],
            [
              -82.2812528,
              35.1997451
            ],
            [
              -82.281059,
              35.199728
            ],
            [
              -82.28023,
              35.199655
            ],
            [
              -82.277494,
              35.199395
            ],
            [
              -82.2760337,
              35.1997788
            ],
            [
              -82.275626,
              35.199886
            ],
            [
              -82.27492,
              35.200071
            ],
            [
              -82.2575174,
              35.1986375
            ],
            [
              -82.2518845,
              35.1981735
            ],
            [
              -82.2457935,
              35.1975585
            ],
            [
              -82.2452894,
              35.1975322
            ],
            [
              -82.238444,
              35.197182
            ],
            [
              -82.235735,
              35.19704
            ],
            [
              -82.235027,
              35.197052
            ],
            [
              -82.234387,
              35.197044
            ],
            [
              -82.233556,
              35.19703
            ],
            [
              -82.2309199,
              35.1967845
            ],
            [
              -82.230865,
              35.1967818
            ],
            [
              -82.23046,
              35.196764
            ],
            [
              -82.2295343,
              35.1967126
            ],
            [
              -82.22938,
              35.196704
            ],
            [
              -82.2290535,
              35.1966876
            ],
            [
              -82.2287058,
              35.1966695
            ],
            [
              -82.227316,
              35.196597
            ],
            [
              -82.22707,
              35.196586
            ],
            [
              -82.220378,
              35.196276
            ],
            [
              -82.2199798,
              35.1962515
            ],
            [
              -82.219287,
              35.196209
            ],
            [
              -82.2187576,
              35.196179
            ],
            [
              -82.21687,
              35.196072
            ],
            [
              -82.216217,
              35.196044
            ],
            [
              -82.213529,
              35.195902
            ],
            [
              -82.213363,
              35.195893
            ],
            [
              -82.208029,
              35.195611
            ],
            [
              -82.200078,
              35.195191
            ],
            [
              -82.196201,
              35.1949872
            ],
            [
              -82.195484,
              35.194952
            ],
            [
              -82.194481,
              35.194901
            ],
            [
              -82.190796,
              35.194712
            ],
            [
              -82.188127,
              35.194532
            ],
            [
              -82.186186,
              35.19447
            ],
            [
              -82.185853,
              35.194444
            ],
            [
              -82.185696,
              35.194408
            ],
            [
              -82.1855141,
              35.1943563
            ],
            [
              -82.1811052,
              35.1940676
            ],
            [
              -82.17696,
              35.193961
            ],
            [
              -82.176818,
              35.193932
            ],
            [
              -82.176669,
              35.193926
            ],
            [
              -82.176513,
              35.193932
            ],
            [
              -82.17596,
              35.193961
            ],
            [
              -82.175442,
              35.193966
            ],
            [
              -82.172127,
              35.193884
            ],
            [
              -82.170304,
              35.19384
            ],
            [
              -82.169682,
              35.193823
            ],
            [
              -82.1692974,
              35.1937862
            ],
            [
              -82.168124,
              35.193724
            ],
            [
              -82.167803,
              35.193707
            ],
            [
              -82.167516,
              35.193685
            ],
            [
              -82.167429,
              35.193687
            ],
            [
              -82.164279,
              35.193525
            ],
            [
              -82.163455,
              35.193508
            ],
            [
              -82.151937,
              35.193324
            ],
            [
              -82.145905,
              35.19323
            ],
            [
              -82.138947,
              35.193122
            ],
            [
              -82.129046,
              35.192536
            ],
            [
              -82.125844,
              35.192347
            ],
            [
              -82.125622,
              35.192334
            ],
            [
              -82.120948,
              35.192078
            ],
            [
              -82.113714,
              35.191688
            ],
            [
              -82.109127,
              35.191445
            ],
            [
              -82.108945,
              35.19144
            ],
            [
              -82.10617,
              35.191365
            ],
            [
              -82.09959,
              35.191041
            ],
            [
              -82.098117,
              35.19093
            ],
            [
              -82.092001,
              35.190743
            ],
            [
              -82.090145,
              35.190715
            ],
            [
              -82.089682,
              35.1907037
            ],
            [
              -82.0839547,
              35.1905639
            ],
            [
              -82.080149,
              35.190471
            ],
            [
              -82.075446,
              35.190358
            ],
            [
              -82.070239,
              35.190234
            ],
            [
              -82.069656,
              35.190221
            ],
            [
              -82.067232,
              35.190164
            ],
            [
              -82.0669178,
              35.1901565
            ],
            [
              -82.065219,
              35.190116
            ],
            [
              -82.058765,
              35.189949
            ],
            [
              -82.055111,
              35.189855
            ],
            [
              -82.0490514,
              35.1896978
            ],
            [
              -82.048444,
              35.189682
            ],
            [
              -82.048334,
              35.1896787
            ],
            [
              -82.045762,
              35.189602
            ],
            [
              -82.040565,
              35.189478
            ],
            [
              -82.0400818,
              35.189465
            ],
            [
              -82.03941,
              35.189447
            ],
            [
              -82.034372,
              35.18931
            ],
            [
              -82.027328,
              35.189119
            ],
            [
              -82.021599,
              35.188975
            ],
            [
              -82.017,
              35.188885
            ],
            [
              -82.015306,
              35.188842
            ],
            [
              -82.012422,
              35.188769
            ],
            [
              -82.010509,
              35.188721
            ],
            [
              -82.009986,
              35.188708
            ],
            [
              -82.008173,
              35.188651
            ],
            [
              -82.007666,
              35.188647
            ],
            [
              -82.0054109,
              35.1885938
            ],
            [
              -82.001729,
              35.188507
            ],
            [
              -81.9967,
              35.1883349
            ],
            [
              -81.995855,
              35.188306
            ],
            [
              -81.992576,
              35.188219
            ],
            [
              -81.9880758,
              35.1880439
            ],
            [
              -81.986871,
              35.187997
            ],
            [
              -81.9860846,
              35.1879662
            ],
            [
              -81.982405,
              35.187822
            ],
            [
              -81.97884,
              35.187683
            ],
            [
              -81.9786598,
              35.187676
            ],
            [
              -81.976352,
              35.187586
            ],
            [
              -81.9697581,
              35.1873045
            ],
            [
              -81.969326,
              35.187286
            ],
            [
              -81.959604,
              35.186871
            ],
            [
              -81.958238,
              35.186805
            ],
            [
              -81.953707,
              35.186622
            ],
            [
              -81.951098,
              35.186511
            ],
            [
              -81.946545,
              35.186317
            ],
            [
              -81.942727,
              35.186155
            ],
            [
              -81.937526,
              35.185934
            ],
            [
              -81.930769,
              35.185691
            ],
            [
              -81.925612,
              35.185505
            ],
            [
              -81.918809,
              35.185327
            ],
            [
              -81.906095,
              35.184915
            ],
            [
              -81.9001,
              35.184721
            ],
            [
              -81.8998564,
              35.1847134
            ],
            [
              -81.899398,
              35.184699
            ],
            [
              -81.898685,
              35.1846748
            ],
            [
              -81.898515,
              35.184669
            ],
            [
              -81.8946818,
              35.1845403
            ],
            [
              -81.891161,
              35.184422
            ],
            [
              -81.8863554,
              35.1843088
            ],
            [
              -81.883944,
              35.184252
            ],
            [
              -81.881286,
              35.184167
            ],
            [
              -81.8758818,
              35.1839634
            ],
            [
              -81.875339,
              35.183943
            ],
            [
              -81.874826,
              35.183927
            ],
            [
              -81.874433,
              35.184114
            ],
            [
              -81.8719074,
              35.1840275
            ],
            [
              -81.8501515,
              35.1832815
            ],
            [
              -81.8440914,
              35.1830375
            ],
            [
              -81.8404336,
              35.1829074
            ],
            [
              -81.8158238,
              35.1819379
            ],
            [
              -81.8020815,
              35.1813964
            ],
            [
              -81.8013773,
              35.1813776
            ],
            [
              -81.7750004,
              35.1806734
            ],
            [
              -81.768059,
              35.180494
            ],
            [
              -81.766254,
              35.189407
            ],
            [
              -81.765412,
              35.193569
            ],
            [
              -81.764263,
              35.199244
            ],
            [
              -81.763301,
              35.203994
            ],
            [
              -81.763144,
              35.204771
            ],
            [
              -81.7629114,
              35.20592
            ],
            [
              -81.762882,
              35.206065
            ],
            [
              -81.76276,
              35.206668
            ],
            [
              -81.762579,
              35.207561
            ],
            [
              -81.761843,
              35.211192
            ],
            [
              -81.761693,
              35.211851
            ],
            [
              -81.761682,
              35.2119
            ],
            [
              -81.7614273,
              35.2131342
            ],
            [
              -81.761371,
              35.213407
            ],
            [
              -81.761005,
              35.215216
            ],
            [
              -81.760787,
              35.216312
            ],
            [
              -81.760518,
              35.21767
            ],
            [
              -81.760426,
              35.218126
            ],
            [
              -81.7600811,
              35.2198578
            ],
            [
              -81.76016,
              35.220999
            ],
            [
              -81.760156,
              35.221357
            ],
            [
              -81.759945,
              35.222297
            ],
            [
              -81.759914,
              35.222372
            ],
            [
              -81.759833,
              35.222567
            ],
            [
              -81.7592405,
              35.2231713
            ],
            [
              -81.758349,
              35.224647
            ],
            [
              -81.758104,
              35.225186
            ],
            [
              -81.757973,
              35.225474
            ],
            [
              -81.75767,
              35.226742
            ],
            [
              -81.757215,
              35.227778
            ],
            [
              -81.7570245,
              35.2282159
            ],
            [
              -81.753471,
              35.236383
            ],
            [
              -81.752983,
              35.237616
            ],
            [
              -81.752182,
              35.239426
            ],
            [
              -81.7512727,
              35.241479
            ],
            [
              -81.74932,
              35.245888
            ],
            [
              -81.745838,
              35.253751
            ],
            [
              -81.743935,
              35.258364
            ],
            [
              -81.74325,
              35.25994
            ],
            [
              -81.740884,
              35.265685
            ],
            [
              -81.740563,
              35.266432
            ],
            [
              -81.740539,
              35.266492
            ],
            [
              -81.737846,
              35.273064
            ],
            [
              -81.737636,
              35.273573
            ],
            [
              -81.7376,
              35.273661
            ],
            [
              -81.737125,
              35.2748159
            ],
            [
              -81.735215,
              35.27946
            ],
            [
              -81.733841,
              35.282799
            ],
            [
              -81.733748,
              35.283085
            ],
            [
              -81.733488,
              35.28374
            ],
            [
              -81.7331123,
              35.2844961
            ],
            [
              -81.730874,
              35.289001
            ],
            [
              -81.729254,
              35.293718
            ],
            [
              -81.728509,
              35.295542
            ],
            [
              -81.728492,
              35.2956101
            ],
            [
              -81.728478,
              35.295666
            ],
            [
              -81.728468,
              35.295737
            ],
            [
              -81.727658,
              35.298513
            ],
            [
              -81.727309,
              35.29923
            ],
            [
              -81.7250826,
              35.3038112
            ],
            [
              -81.725037,
              35.303905
            ],
            [
              -81.724411,
              35.304676
            ],
            [
              -81.724382,
              35.304764
            ],
            [
              -81.724416,
              35.304832
            ],
            [
              -81.724274,
              35.305096
            ],
            [
              -81.721064,
              35.313275
            ],
            [
              -81.719616,
              35.316963
            ],
            [
              -81.719559,
              35.317101
            ],
            [
              -81.719007,
              35.318444
            ],
            [
              -81.718799,
              35.31894
            ],
            [
              -81.71635,
              35.324866
            ],
            [
              -81.714267,
              35.329906
            ],
            [
              -81.713852,
              35.3309086
            ],
            [
              -81.712475,
              35.334235
            ],
            [
              -81.712086,
              35.335205
            ],
            [
              -81.7119914,
              35.3354433
            ],
            [
              -81.71041,
              35.339426
            ],
            [
              -81.710299,
              35.339705
            ],
            [
              -81.70966,
              35.341145
            ],
            [
              -81.708918,
              35.342818
            ],
            [
              -81.708689,
              35.343304
            ],
            [
              -81.7085422,
              35.3436148
            ],
            [
              -81.707536,
              35.345745
            ],
            [
              -81.7071081,
              35.3470363
            ],
            [
              -81.707091,
              35.347088
            ],
            [
              -81.70527,
              35.3514219
            ],
            [
              -81.7028556,
              35.3571751
            ],
            [
              -81.702676,
              35.360891
            ],
            [
              -81.7026651,
              35.3610669
            ],
            [
              -81.702232,
              35.368088
            ],
            [
              -81.702041,
              35.37471
            ],
            [
              -81.702043,
              35.375126
            ],
            [
              -81.7019964,
              35.3765613
            ],
            [
              -81.7019935,
              35.3766403
            ],
            [
              -81.701399,
              35.384795
            ],
            [
              -81.701306,
              35.385073
            ],
            [
              -81.701199,
              35.387
            ],
            [
              -81.700702,
              35.395931
            ],
            [
              -81.700578,
              35.399932
            ],
            [
              -81.700477,
              35.399991
            ],
            [
              -81.700392,
              35.401451
            ],
            [
              -81.700334,
              35.402497
            ],
            [
              -81.699989,
              35.408766
            ],
            [
              -81.699382,
              35.419687
            ],
            [
              -81.699045,
              35.425743
            ],
            [
              -81.69887,
              35.43091
            ],
            [
              -81.698787,
              35.431719
            ],
            [
              -81.698522,
              35.436655
            ],
            [
              -81.698359,
              35.439395
            ],
            [
              -81.698302,
              35.440327
            ],
            [
              -81.698197,
              35.442045
            ],
            [
              -81.698174,
              35.442429
            ],
            [
              -81.698164,
              35.444678
            ],
            [
              -81.698146,
              35.448681
            ],
            [
              -81.69786,
              35.454177
            ],
            [
              -81.697493,
              35.461246
            ],
            [
              -81.697425,
              35.461853
            ],
            [
              -81.697394,
              35.4624113
            ],
            [
              -81.697252,
              35.46497
            ],
            [
              -81.697165,
              35.466527
            ],
            [
              -81.696874,
              35.471544
            ],
            [
              -81.696764,
              35.472962
            ],
            [
              -81.696504,
              35.47631
            ],
            [
              -81.696243,
              35.479679
            ],
            [
              -81.696286,
              35.481751
            ],
            [
              -81.696299,
              35.482363
            ],
            [
              -81.696342,
              35.484446
            ],
            [
              -81.696351,
              35.484905
            ],
            [
              -81.696298,
              35.486005
            ],
            [
              -81.696175,
              35.488577
            ],
            [
              -81.695768,
              35.49436
            ],
            [
              -81.695567,
              35.497211
            ],
            [
              -81.695377,
              35.499438
            ],
            [
              -81.695213,
              35.503426
            ],
            [
              -81.695052,
              35.506132
            ],
            [
              -81.69489,
              35.510493
            ],
            [
              -81.694697,
              35.514959
            ],
            [
              -81.694729,
              35.518559
            ],
            [
              -81.694441,
              35.526893
            ],
            [
              -81.694149,
              35.531907
            ],
            [
              -81.694129,
              35.533577
            ],
            [
              -81.693664,
              35.543531
            ],
            [
              -81.693289,
              35.55233
            ],
            [
              -81.692901,
              35.56144
            ],
            [
              -81.692511,
              35.570575
            ],
            [
              -81.6923477,
              35.5784558
            ],
            [
              -81.69232,
              35.57979
            ],
            [
              -81.692439,
              35.579318
            ],
            [
              -81.692719,
              35.578996
            ],
            [
              -81.693084,
              35.578927
            ],
            [
              -81.693954,
              35.578904
            ],
            [
              -81.694684,
              35.579179
            ],
            [
              -81.695581,
              35.579706
            ],
            [
              -81.695974,
              35.579706
            ],
            [
              -81.696282,
              35.579614
            ],
            [
              -81.696983,
              35.578835
            ],
            [
              -81.697291,
              35.578697
            ],
            [
              -81.697601,
              35.57872
            ],
            [
              -81.698414,
              35.579018
            ],
            [
              -81.698975,
              35.579476
            ],
            [
              -81.699902,
              35.5804812
            ],
            [
              -81.700434,
              35.581058
            ],
            [
              -81.700855,
              35.581309
            ],
            [
              -81.701501,
              35.581515
            ],
            [
              -81.701949,
              35.58179
            ],
            [
              -81.702118,
              35.582157
            ],
            [
              -81.702287,
              35.583097
            ],
            [
              -81.702455,
              35.583348
            ],
            [
              -81.702904,
              35.583348
            ],
            [
              -81.7031,
              35.583188
            ],
            [
              -81.703128,
              35.582225
            ],
            [
              -81.703016,
              35.581859
            ],
            [
              -81.703072,
              35.581607
            ],
            [
              -81.703296,
              35.581446
            ],
            [
              -81.703632,
              35.581538
            ],
            [
              -81.703774,
              35.582088
            ],
            [
              -81.70411,
              35.582317
            ],
            [
              -81.704306,
              35.582225
            ],
            [
              -81.704334,
              35.581148
            ],
            [
              -81.7044745,
              35.580897
            ],
            [
              -81.704699,
              35.580804
            ],
            [
              -81.705456,
              35.580987
            ],
            [
              -81.706185,
              35.581743
            ],
            [
              -81.70641,
              35.582086
            ],
            [
              -81.706881,
              35.582891
            ],
            [
              -81.7070482,
              35.5833483
            ],
            [
              -81.707122,
              35.58355
            ],
            [
              -81.707108,
              35.585829
            ],
            [
              -81.707474,
              35.5861726
            ],
            [
              -81.707663,
              35.58635
            ],
            [
              -81.707733,
              35.5866269
            ],
            [
              -81.707777,
              35.586801
            ],
            [
              -81.7079362,
              35.5869833
            ],
            [
              -81.708403,
              35.587518
            ],
            [
              -81.708972,
              35.588583
            ],
            [
              -81.709157,
              35.588721
            ],
            [
              -81.709257,
              35.589115
            ],
            [
              -81.709456,
              35.589439
            ],
            [
              -81.7094609,
              35.5896199
            ],
            [
              -81.70947,
              35.589959
            ],
            [
              -81.709627,
              35.590006
            ],
            [
              -81.709925,
              35.589948
            ],
            [
              -81.710267,
              35.58967
            ],
            [
              -81.7104755,
              35.5895959
            ],
            [
              -81.711049,
              35.589392
            ],
            [
              -81.7118958,
              35.5895623
            ],
            [
              -81.711974,
              35.589578
            ],
            [
              -81.712287,
              35.589844
            ],
            [
              -81.7123251,
              35.5899109
            ],
            [
              -81.712458,
              35.590144
            ],
            [
              -81.712373,
              35.590769
            ],
            [
              -81.712287,
              35.590816
            ],
            [
              -81.7122295,
              35.5910445
            ],
            [
              -81.712159,
              35.591325
            ],
            [
              -81.712159,
              35.592088
            ],
            [
              -81.712415,
              35.592354
            ],
            [
              -81.712899,
              35.592574
            ],
            [
              -81.7133259,
              35.592655
            ],
            [
              -81.713568,
              35.592701
            ],
            [
              -81.714023,
              35.593002
            ],
            [
              -81.714412,
              35.5933917
            ],
            [
              -81.714578,
              35.593558
            ],
            [
              -81.716072,
              35.594622
            ],
            [
              -81.716144,
              35.5947829
            ],
            [
              -81.716243,
              35.595004
            ],
            [
              -81.7161455,
              35.5953648
            ],
            [
              -81.715901,
              35.595686
            ],
            [
              -81.715716,
              35.596253
            ],
            [
              -81.715778,
              35.596535
            ],
            [
              -81.715946,
              35.596604
            ],
            [
              -81.7161562,
              35.596551
            ],
            [
              -81.716311,
              35.596512
            ],
            [
              -81.716535,
              35.596214
            ],
            [
              -81.716619,
              35.595917
            ],
            [
              -81.716871,
              35.595733
            ],
            [
              -81.71732,
              35.595756
            ],
            [
              -81.71732,
              35.596191
            ],
            [
              -81.7161651,
              35.5978596
            ],
            [
              -81.716115,
              35.597932
            ],
            [
              -81.7161696,
              35.5983111
            ],
            [
              -81.717237,
              35.598161
            ],
            [
              -81.717573,
              35.598321
            ],
            [
              -81.717657,
              35.598458
            ],
            [
              -81.717489,
              35.599031
            ],
            [
              -81.7161811,
              35.6001928
            ],
            [
              -81.715555,
              35.600749
            ],
            [
              -81.715275,
              35.601116
            ],
            [
              -81.715275,
              35.601413
            ],
            [
              -81.7155,
              35.601551
            ],
            [
              -81.716032,
              35.601459
            ],
            [
              -81.7161893,
              35.6013786
            ],
            [
              -81.716257,
              35.601344
            ],
            [
              -81.716565,
              35.600749
            ],
            [
              -81.716789,
              35.600634
            ],
            [
              -81.71721,
              35.600611
            ],
            [
              -81.717434,
              35.600703
            ],
            [
              -81.717406,
              35.601023
            ],
            [
              -81.7161971,
              35.6025153
            ],
            [
              -81.715977,
              35.602787
            ],
            [
              -81.716089,
              35.603039
            ],
            [
              -81.716201,
              35.603154
            ],
            [
              -81.716367,
              35.603564
            ],
            [
              -81.719083,
              35.606271
            ],
            [
              -81.719919,
              35.606998
            ],
            [
              -81.720471,
              35.607064
            ],
            [
              -81.720767,
              35.607064
            ],
            [
              -81.7212695,
              35.6071619
            ],
            [
              -81.721743,
              35.60709
            ],
            [
              -81.722058,
              35.606937
            ],
            [
              -81.722285,
              35.60676
            ],
            [
              -81.723794,
              35.606464
            ],
            [
              -81.724359,
              35.605061
            ],
            [
              -81.7245648,
              35.6048363
            ],
            [
              -81.725562,
              35.604353
            ],
            [
              -81.725977,
              35.604232
            ],
            [
              -81.727388,
              35.603483
            ],
            [
              -81.7277271,
              35.603516
            ],
            [
              -81.728007,
              35.603515
            ],
            [
              -81.729045,
              35.603194
            ],
            [
              -81.7311747,
              35.6023769
            ],
            [
              -81.732689,
              35.601796
            ],
            [
              -81.733418,
              35.601635
            ],
            [
              -81.733783,
              35.601773
            ],
            [
              -81.7338595,
              35.6018564
            ],
            [
              -81.733951,
              35.601956
            ],
            [
              -81.7341581,
              35.6020061
            ],
            [
              -81.734708,
              35.602139
            ],
            [
              -81.736166,
              35.601886
            ],
            [
              -81.736435,
              35.601823
            ],
            [
              -81.738045,
              35.602137
            ],
            [
              -81.738269,
              35.602549
            ],
            [
              -81.738999,
              35.603282
            ],
            [
              -81.7397,
              35.603579
            ],
            [
              -81.740177,
              35.60351
            ],
            [
              -81.740373,
              35.60319
            ],
            [
              -81.740784,
              35.603825
            ],
            [
              -81.741918,
              35.604585
            ],
            [
              -81.742953,
              35.604715
            ],
            [
              -81.744215,
              35.604693
            ],
            [
              -81.744392,
              35.604442
            ],
            [
              -81.745103,
              35.604088
            ],
            [
              -81.745813,
              35.603855
            ],
            [
              -81.746316,
              35.604412
            ],
            [
              -81.746896,
              35.605227
            ],
            [
              -81.747319,
              35.606156
            ],
            [
              -81.747634,
              35.606317
            ],
            [
              -81.747929,
              35.606794
            ],
            [
              -81.749446,
              35.608401
            ],
            [
              -81.749823,
              35.608902
            ],
            [
              -81.749553,
              35.609353
            ]
          ]
        ]
      }
    },
    {
      "type": "Feature",
      "properties": {
        "unitName": "Asheville Ward",
        "unitId": "asheville-ward",
        "unitNumber": "139173",
        "churchBoundaryUnitId": "1166825"
      },
      "geometry": {
        "type": "Polygon",
        "coordinates": [
          [
            [
              -82.6516978,
              35.5920242
            ],
            [
              -82.652481,
              35.598829
            ],
            [
              -82.6559786,
              35.6005999
            ],
            [
              -82.6589827,
              35.5997363
            ],
            [
              -82.6694796,
              35.5928879
            ],
            [
              -82.6788887,
              35.5888152
            ],
            [
              -82.6789367,
              35.5880773
            ],
            [
              -82.6792116,
              35.5878658
            ],
            [
              -82.6793779,
              35.5876149
            ],
            [
              -82.6798982,
              35.5878341
            ],
            [
              -82.6808692,
              35.5881177
            ],
            [
              -82.6808359,
              35.588257
            ],
            [
              -82.6802819,
              35.5903599
            ],
            [
              -82.6819703,
              35.5903228
            ],
            [
              -82.6833912,
              35.5904162
            ],
            [
              -82.6842347,
              35.590907
            ],
            [
              -82.6986053,
              35.5908206
            ],
            [
              -82.6980671,
              35.5962845
            ],
            [
              -82.7102667,
              35.5987293
            ],
            [
              -82.7198368,
              35.5930063
            ],
            [
              -82.7398171,
              35.5845258
            ],
            [
              -82.7459969,
              35.5804073
            ],
            [
              -82.7573695,
              35.5754509
            ],
            [
              -82.7672961,
              35.5693427
            ],
            [
              -82.766336,
              35.568265
            ],
            [
              -82.765992,
              35.567517
            ],
            [
              -82.765913,
              35.567339
            ],
            [
              -82.765814,
              35.566759
            ],
            [
              -82.766345,
              35.566396
            ],
            [
              -82.768419,
              35.565758
            ],
            [
              -82.771682,
              35.563451
            ],
            [
              -82.773078,
              35.562
            ],
            [
              -82.773804,
              35.56063
            ],
            [
              -82.774363,
              35.559477
            ],
            [
              -82.775237,
              35.558034
            ],
            [
              -82.7753088,
              35.5579628
            ],
            [
              -82.7760896,
              35.5571839
            ],
            [
              -82.776573,
              35.556414
            ],
            [
              -82.7776236,
              35.5556387
            ],
            [
              -82.776413,
              35.554416
            ],
            [
              -82.7761965,
              35.55411
            ],
            [
              -82.775557,
              35.553909
            ],
            [
              -82.773816,
              35.553314
            ],
            [
              -82.7726353,
              35.5524361
            ],
            [
              -82.77166,
              35.550785
            ],
            [
              -82.7710776,
              35.5502913
            ],
            [
              -82.77041,
              35.549021
            ],
            [
              -82.770232,
              35.548514
            ],
            [
              -82.769803,
              35.5471589
            ],
            [
              -82.769728,
              35.546919
            ],
            [
              -82.769521,
              35.546379
            ],
            [
              -82.7688337,
              35.5456851
            ],
            [
              -82.768684,
              35.545534
            ],
            [
              -82.767798,
              35.544374
            ],
            [
              -82.767257,
              35.543512
            ],
            [
              -82.767301,
              35.5433548
            ],
            [
              -82.767396,
              35.542852
            ],
            [
              -82.767495,
              35.542349
            ],
            [
              -82.767466,
              35.542311
            ],
            [
              -82.766986,
              35.541453
            ],
            [
              -82.766856,
              35.541385
            ],
            [
              -82.766769,
              35.541228
            ],
            [
              -82.766056,
              35.540752
            ],
            [
              -82.765999,
              35.5407
            ],
            [
              -82.7666615,
              35.5378015
            ],
            [
              -82.7675055,
              35.5358495
            ],
            [
              -82.7689395,
              35.5342934
            ],
            [
              -82.7732934,
              35.5325265
            ],
            [
              -82.7750175,
              35.5300006
            ],
            [
              -82.7775755,
              35.5289366
            ],
            [
              -82.7793305,
              35.5272665
            ],
            [
              -82.7804615,
              35.5247295
            ],
            [
              -82.7795315,
              35.5228724
            ],
            [
              -82.7780385,
              35.5200586
            ],
            [
              -82.7794384,
              35.5175754
            ],
            [
              -82.7797045,
              35.5155045
            ],
            [
              -82.7831505,
              35.5117634
            ],
            [
              -82.7846974,
              35.5085245
            ],
            [
              -82.7847765,
              35.5064285
            ],
            [
              -82.7825814,
              35.5046245
            ],
            [
              -82.7846434,
              35.4998166
            ],
            [
              -82.7864474,
              35.4981415
            ],
            [
              -82.7856545,
              35.4949115
            ],
            [
              -82.7872715,
              35.4937185
            ],
            [
              -82.7888674,
              35.4906286
            ],
            [
              -82.7931974,
              35.4844915
            ],
            [
              -82.7953934,
              35.4767975
            ],
            [
              -82.7979735,
              35.4721355
            ],
            [
              -82.8002765,
              35.4705375
            ],
            [
              -82.7944184,
              35.4693015
            ],
            [
              -82.7948604,
              35.4672795
            ],
            [
              -82.7944304,
              35.4651355
            ],
            [
              -82.7913865,
              35.4623316
            ],
            [
              -82.7895795,
              35.4591456
            ],
            [
              -82.7858874,
              35.4568434
            ],
            [
              -82.7852665,
              35.4533646
            ],
            [
              -82.7855146,
              35.4512275
            ],
            [
              -82.7841145,
              35.4483696
            ],
            [
              -82.7840915,
              35.4440166
            ],
            [
              -82.7816765,
              35.4393075
            ],
            [
              -82.7763945,
              35.4363804
            ],
            [
              -82.7744015,
              35.4357275
            ],
            [
              -82.7701125,
              35.4338374
            ],
            [
              -82.7685865,
              35.4324395
            ],
            [
              -82.7663295,
              35.4327205
            ],
            [
              -82.7634724,
              35.4306185
            ],
            [
              -82.7586995,
              35.4281915
            ],
            [
              -82.7561805,
              35.4253286
            ],
            [
              -82.7472745,
              35.4251465
            ],
            [
              -82.7452105,
              35.4229256
            ],
            [
              -82.7415255,
              35.4245426
            ],
            [
              -82.7397095,
              35.4292845
            ],
            [
              -82.7368745,
              35.4308445
            ],
            [
              -82.7308745,
              35.4322095
            ],
            [
              -82.730058,
              35.434307
            ],
            [
              -82.7297417,
              35.4359113
            ],
            [
              -82.7262226,
              35.4386386
            ],
            [
              -82.7256648,
              35.4410512
            ],
            [
              -82.7249352,
              35.4415756
            ],
            [
              -82.7227036,
              35.4411561
            ],
            [
              -82.7199228,
              35.4425566
            ],
            [
              -82.7183262,
              35.4461557
            ],
            [
              -82.7175563,
              35.4470147
            ],
            [
              -82.7163521,
              35.4483582
            ],
            [
              -82.7157084,
              35.4500363
            ],
            [
              -82.7148072,
              35.450281
            ],
            [
              -82.7129189,
              35.449442
            ],
            [
              -82.7097432,
              35.4504558
            ],
            [
              -82.7087599,
              35.4506485
            ],
            [
              -82.7085864,
              35.4507666
            ],
            [
              -82.7045062,
              35.4533304
            ],
            [
              -82.70425,
              35.4536371
            ],
            [
              -82.7011601,
              35.4546159
            ],
            [
              -82.6980702,
              35.4540566
            ],
            [
              -82.6955811,
              35.4546509
            ],
            [
              -82.6943424,
              35.4544193
            ],
            [
              -82.6942505,
              35.4544464
            ],
            [
              -82.6921375,
              35.4533594
            ],
            [
              -82.6878441,
              35.4531168
            ],
            [
              -82.6859251,
              35.4523436
            ],
            [
              -82.6827923,
              35.4536721
            ],
            [
              -82.6818482,
              35.4533225
            ],
            [
              -82.6775996,
              35.4540566
            ],
            [
              -82.6747672,
              35.4544761
            ],
            [
              -82.6733509,
              35.4563988
            ],
            [
              -82.6720206,
              35.4567833
            ],
            [
              -82.6713339,
              35.4563638
            ],
            [
              -82.6695315,
              35.4561191
            ],
            [
              -82.667772,
              35.4562589
            ],
            [
              -82.6665274,
              35.4556647
            ],
            [
              -82.6658408,
              35.4536371
            ],
            [
              -82.6632658,
              35.4523087
            ],
            [
              -82.6598212,
              35.4526433
            ],
            [
              -82.6593364,
              35.4524156
            ],
            [
              -82.6587359,
              35.4527488
            ],
            [
              -82.6544253,
              35.4535672
            ],
            [
              -82.6530091,
              35.4525884
            ],
            [
              -82.6512495,
              35.4507355
            ],
            [
              -82.6498333,
              35.4497567
            ],
            [
              -82.648503,
              35.4483932
            ],
            [
              -82.6465718,
              35.4480086
            ],
            [
              -82.6442435,
              35.4489324
            ],
            [
              -82.6441045,
              35.4488645
            ],
            [
              -82.6434324,
              35.4466724
            ],
            [
              -82.6418671,
              35.4444903
            ],
            [
              -82.6418485,
              35.4444644
            ],
            [
              -82.6305995,
              35.4408966
            ],
            [
              -82.6238345,
              35.4374696
            ],
            [
              -82.6207014,
              35.4363656
            ],
            [
              -82.6175115,
              35.4405135
            ],
            [
              -82.6129674,
              35.4403694
            ],
            [
              -82.6075745,
              35.4430095
            ],
            [
              -82.6058945,
              35.4418894
            ],
            [
              -82.6041345,
              35.4405455
            ],
            [
              -82.6005185,
              35.4389775
            ],
            [
              -82.5989734,
              35.4371625
            ],
            [
              -82.5964605,
              35.4366455
            ],
            [
              -82.5962324,
              35.4365348
            ],
            [
              -82.5948819,
              35.4358797
            ],
            [
              -82.5945744,
              35.4357305
            ],
            [
              -82.5925134,
              35.4364376
            ],
            [
              -82.5923436,
              35.436563
            ],
            [
              -82.5905472,
              35.43789
            ],
            [
              -82.5905045,
              35.4379215
            ],
            [
              -82.5896054,
              35.437216
            ],
            [
              -82.5867907,
              35.4391631
            ],
            [
              -82.5826708,
              35.436296
            ],
            [
              -82.5825446,
              35.4339142
            ],
            [
              -82.5815844,
              35.4338925
            ],
            [
              -82.576146,
              35.4326293
            ],
            [
              -82.5740026,
              35.4321315
            ],
            [
              -82.570376,
              35.4314
            ],
            [
              -82.5693242,
              35.433114
            ],
            [
              -82.5678965,
              35.4351667
            ],
            [
              -82.5682084,
              35.4373799
            ],
            [
              -82.5679938,
              35.4380792
            ],
            [
              -82.5666634,
              35.4386386
            ],
            [
              -82.5661441,
              35.4385768
            ],
            [
              -82.5661015,
              35.4386585
            ],
            [
              -82.5624305,
              35.4385505
            ],
            [
              -82.5620748,
              35.4400032
            ],
            [
              -82.5622431,
              35.440247
            ],
            [
              -82.5623289,
              35.4408064
            ],
            [
              -82.5616846,
              35.4415965
            ],
            [
              -82.5613815,
              35.4428345
            ],
            [
              -82.5613191,
              35.442853
            ],
            [
              -82.5596372,
              35.4433504
            ],
            [
              -82.559282,
              35.4439531
            ],
            [
              -82.5586708,
              35.4442186
            ],
            [
              -82.5586281,
              35.4442152
            ],
            [
              -82.5494773,
              35.4434826
            ],
            [
              -82.5497455,
              35.4396629
            ],
            [
              -82.5463552,
              35.4397415
            ],
            [
              -82.5425357,
              35.4318605
            ],
            [
              -82.5446363,
              35.4290652
            ],
            [
              -82.5437699,
              35.4282413
            ],
            [
              -82.5468383,
              35.4252179
            ],
            [
              -82.5465851,
              35.4250646
            ],
            [
              -82.5443774,
              35.4234354
            ],
            [
              -82.544356,
              35.4234416
            ],
            [
              -82.5397962,
              35.4232686
            ],
            [
              -82.5387758,
              35.4221529
            ],
            [
              -82.5383976,
              35.4220701
            ],
            [
              -82.5333002,
              35.4164737
            ],
            [
              -82.5328281,
              35.4166115
            ],
            [
              -82.5353944,
              35.4222688
            ],
            [
              -82.5345571,
              35.4230119
            ],
            [
              -82.5338544,
              35.4229136
            ],
            [
              -82.5303997,
              35.4228852
            ],
            [
              -82.5298847,
              35.4232065
            ],
            [
              -82.5297527,
              35.4251367
            ],
            [
              -82.5302315,
              35.4254591
            ],
            [
              -82.5305641,
              35.4265175
            ],
            [
              -82.5301073,
              35.4283132
            ],
            [
              -82.530405,
              35.4292724
            ],
            [
              -82.5293415,
              35.4296407
            ],
            [
              -82.5291518,
              35.433964
            ],
            [
              -82.5291303,
              35.4344098
            ],
            [
              -82.5291853,
              35.434778
            ],
            [
              -82.5291966,
              35.4361383
            ],
            [
              -82.5354523,
              35.4362998
            ],
            [
              -82.535494,
              35.441777
            ],
            [
              -82.5351184,
              35.4424632
            ],
            [
              -82.5350004,
              35.443936
            ],
            [
              -82.5340316,
              35.4448468
            ],
            [
              -82.5336454,
              35.4448927
            ],
            [
              -82.5335126,
              35.4445933
            ],
            [
              -82.5333115,
              35.4444917
            ],
            [
              -82.5328682,
              35.4444
            ],
            [
              -82.5310738,
              35.4444044
            ],
            [
              -82.5306634,
              35.4444273
            ],
            [
              -82.5212736,
              35.4445358
            ],
            [
              -82.5174861,
              35.4446189
            ],
            [
              -82.5161517,
              35.444632
            ],
            [
              -82.5075138,
              35.4447387
            ],
            [
              -82.4990616,
              35.4448412
            ],
            [
              -82.4986699,
              35.4449876
            ],
            [
              -82.4983494,
              35.4450685
            ],
            [
              -82.4981617,
              35.4448554
            ],
            [
              -82.4820886,
              35.4450502
            ],
            [
              -82.4731786,
              35.4451951
            ],
            [
              -82.4703576,
              35.4453049
            ],
            [
              -82.4696455,
              35.445518
            ],
            [
              -82.469097,
              35.4459091
            ],
            [
              -82.4670639,
              35.4478646
            ],
            [
              -82.4655069,
              35.4486385
            ],
            [
              -82.4660962,
              35.4486906
            ],
            [
              -82.4660968,
              35.4486907
            ],
            [
              -82.4668584,
              35.4496082
            ],
            [
              -82.470242,
              35.4535859
            ],
            [
              -82.4687292,
              35.4546783
            ],
            [
              -82.468292,
              35.4552941
            ],
            [
              -82.4667203,
              35.4571238
            ],
            [
              -82.4665245,
              35.4576066
            ],
            [
              -82.4662401,
              35.4580632
            ],
            [
              -82.4659961,
              35.4588454
            ],
            [
              -82.4682491,
              35.4605058
            ],
            [
              -82.4661809,
              35.4625093
            ],
            [
              -82.4670365,
              35.4627846
            ],
            [
              -82.4674764,
              35.4634684
            ],
            [
              -82.4682784,
              35.4632739
            ],
            [
              -82.4684474,
              35.4636977
            ],
            [
              -82.4677849,
              35.4638529
            ],
            [
              -82.4680263,
              35.4640432
            ],
            [
              -82.4681657,
              35.464277
            ],
            [
              -82.4685627,
              35.4641634
            ],
            [
              -82.4688792,
              35.4652841
            ],
            [
              -82.4694272,
              35.4678634
            ],
            [
              -82.4695586,
              35.4680447
            ],
            [
              -82.4699985,
              35.4685384
            ],
            [
              -82.4699422,
              35.4687088
            ],
            [
              -82.469843,
              35.4688529
            ],
            [
              -82.4707631,
              35.4700395
            ],
            [
              -82.4706049,
              35.4701967
            ],
            [
              -82.4698592,
              35.4696594
            ],
            [
              -82.4691377,
              35.4701552
            ],
            [
              -82.469009,
              35.4715473
            ],
            [
              -82.4696259,
              35.4721523
            ],
            [
              -82.4700631,
              35.472172
            ],
            [
              -82.4726564,
              35.4742712
            ],
            [
              -82.4720039,
              35.4807697
            ],
            [
              -82.472379,
              35.481541
            ],
            [
              -82.4720009,
              35.4815672
            ],
            [
              -82.4719767,
              35.4820826
            ],
            [
              -82.4715154,
              35.481945
            ],
            [
              -82.470992,
              35.4826396
            ],
            [
              -82.4695114,
              35.4830567
            ],
            [
              -82.4693558,
              35.4830939
            ],
            [
              -82.4686504,
              35.4835525
            ],
            [
              -82.47008,
              35.4840265
            ],
            [
              -82.4697367,
              35.4845594
            ],
            [
              -82.4693612,
              35.4843912
            ],
            [
              -82.469034,
              35.484662
            ],
            [
              -82.4690554,
              35.4849241
            ],
            [
              -82.4694202,
              35.4850421
            ],
            [
              -82.4693988,
              35.4850879
            ],
            [
              -82.4689991,
              35.4850137
            ],
            [
              -82.4686919,
              35.4880242
            ],
            [
              -82.4675117,
              35.4877534
            ],
            [
              -82.467294,
              35.4894318
            ],
            [
              -82.4669104,
              35.4894361
            ],
            [
              -82.4672001,
              35.4901128
            ],
            [
              -82.4671197,
              35.4902132
            ],
            [
              -82.4708399,
              35.4914952
            ],
            [
              -82.4668135,
              35.494579
            ],
            [
              -82.4668135,
              35.4931836
            ],
            [
              -82.4662368,
              35.493188
            ],
            [
              -82.4657621,
              35.4932338
            ],
            [
              -82.4652229,
              35.4935265
            ],
            [
              -82.465172,
              35.493592
            ],
            [
              -82.4638826,
              35.4950474
            ],
            [
              -82.4628961,
              35.4959103
            ],
            [
              -82.4649533,
              35.496002
            ],
            [
              -82.4607649,
              35.499202
            ],
            [
              -82.4604756,
              35.5007834
            ],
            [
              -82.4597903,
              35.5022649
            ],
            [
              -82.4601149,
              35.5022693
            ],
            [
              -82.4589964,
              35.5036559
            ],
            [
              -82.4588798,
              35.5058515
            ],
            [
              -82.4617037,
              35.507979
            ],
            [
              -82.4613175,
              35.5089474
            ],
            [
              -82.4625272,
              35.51055
            ],
            [
              -82.4613524,
              35.5115739
            ],
            [
              -82.4604331,
              35.5116535
            ],
            [
              -82.4603553,
              35.5121993
            ],
            [
              -82.458577,
              35.5119788
            ],
            [
              -82.4583517,
              35.5129744
            ],
            [
              -82.4591532,
              35.5131381
            ],
            [
              -82.458303,
              35.5142101
            ],
            [
              -82.4598644,
              35.5153754
            ],
            [
              -82.4589294,
              35.5169025
            ],
            [
              -82.459172,
              35.51799
            ],
            [
              -82.4593651,
              35.5182826
            ],
            [
              -82.4603659,
              35.5193647
            ],
            [
              -82.4610203,
              35.5214889
            ],
            [
              -82.4598213,
              35.5232643
            ],
            [
              -82.4689382,
              35.5252857
            ],
            [
              -82.4726333,
              35.5261628
            ],
            [
              -82.4725287,
              35.526189
            ],
            [
              -82.4743326,
              35.5274693
            ],
            [
              -82.4779169,
              35.530274
            ],
            [
              -82.4781154,
              35.5298833
            ],
            [
              -82.4783139,
              35.5296475
            ],
            [
              -82.4789818,
              35.5290058
            ],
            [
              -82.479663,
              35.52877
            ],
            [
              -82.4801297,
              35.5284622
            ],
            [
              -82.4803899,
              35.5286652
            ],
            [
              -82.4805125,
              35.5287285
            ],
            [
              -82.4805956,
              35.5287264
            ],
            [
              -82.4806063,
              35.5287613
            ],
            [
              -82.4819931,
              35.528853
            ],
            [
              -82.48228,
              35.5291389
            ],
            [
              -82.4859438,
              35.5267134
            ],
            [
              -82.4856139,
              35.526613
            ],
            [
              -82.4856407,
              35.5265104
            ],
            [
              -82.4858043,
              35.5262353
            ],
            [
              -82.4868692,
              35.5255848
            ],
            [
              -82.4869791,
              35.5257245
            ],
            [
              -82.4871642,
              35.525921
            ],
            [
              -82.4876953,
              35.526124
            ],
            [
              -82.4868665,
              35.5263117
            ],
            [
              -82.4883176,
              35.5276629
            ],
            [
              -82.4885804,
              35.5276171
            ],
            [
              -82.4889077,
              35.527914
            ],
            [
              -82.4895949,
              35.5295657
            ],
            [
              -82.4900461,
              35.5303791
            ],
            [
              -82.4904431,
              35.5303093
            ],
            [
              -82.4920175,
              35.5316582
            ],
            [
              -82.4914033,
              35.5323371
            ],
            [
              -82.4913202,
              35.5327409
            ],
            [
              -82.4914865,
              35.5331251
            ],
            [
              -82.4915428,
              35.5333608
            ],
            [
              -82.4918405,
              35.5338061
            ],
            [
              -82.4920846,
              35.533734
            ],
            [
              -82.4922267,
              35.5342994
            ],
            [
              -82.4919639,
              35.5347686
            ],
            [
              -82.491722,
              35.5350794
            ],
            [
              -82.490633,
              35.5354417
            ],
            [
              -82.4905847,
              35.5360878
            ],
            [
              -82.4938088,
              35.5350139
            ],
            [
              -82.493857,
              35.5345883
            ],
            [
              -82.4950587,
              35.5345839
            ],
            [
              -82.4949036,
              35.5362802
            ],
            [
              -82.4950444,
              35.536433
            ],
            [
              -82.4950578,
              35.536651
            ],
            [
              -82.4938014,
              35.5388614
            ],
            [
              -82.493707,
              35.5393572
            ],
            [
              -82.493762,
              35.5395428
            ],
            [
              -82.4937057,
              35.5398134
            ],
            [
              -82.4935863,
              35.5400797
            ],
            [
              -82.4934495,
              35.5407086
            ],
            [
              -82.4952825,
              35.5424922
            ],
            [
              -82.4955426,
              35.5430084
            ],
            [
              -82.4962454,
              35.5440952
            ],
            [
              -82.4962132,
              35.544463
            ],
            [
              -82.4978307,
              35.5450044
            ],
            [
              -82.501222,
              35.5459057
            ],
            [
              -82.5019381,
              35.5463073
            ],
            [
              -82.5053606,
              35.5459051
            ],
            [
              -82.5069619,
              35.5452155
            ],
            [
              -82.5091801,
              35.5446742
            ],
            [
              -82.5092176,
              35.5442443
            ],
            [
              -82.5100622,
              35.543144
            ],
            [
              -82.5108614,
              35.5431724
            ],
            [
              -82.5109655,
              35.5416926
            ],
            [
              -82.5110991,
              35.5404869
            ],
            [
              -82.5145132,
              35.5406367
            ],
            [
              -82.5143807,
              35.5431844
            ],
            [
              -82.515711,
              35.5430447
            ],
            [
              -82.5155957,
              35.5439853
            ],
            [
              -82.5171541,
              35.5438681
            ],
            [
              -82.5171621,
              35.5442173
            ],
            [
              -82.5175939,
              35.5441867
            ],
            [
              -82.5175859,
              35.543855
            ],
            [
              -82.5187235,
              35.5437773
            ],
            [
              -82.5193618,
              35.5437729
            ],
            [
              -82.5191848,
              35.5431335
            ],
            [
              -82.5204428,
              35.543199
            ],
            [
              -82.5205098,
              35.5438777
            ],
            [
              -82.5215961,
              35.5438995
            ],
            [
              -82.521749,
              35.5445259
            ],
            [
              -82.5219243,
              35.5459614
            ],
            [
              -82.5216257,
              35.5471705
            ],
            [
              -82.5234362,
              35.5470483
            ],
            [
              -82.5238814,
              35.5469217
            ],
            [
              -82.5248567,
              35.5469675
            ],
            [
              -82.5252215,
              35.5469587
            ],
            [
              -82.5254576,
              35.5470111
            ],
            [
              -82.5255434,
              35.547142
            ],
            [
              -82.5255112,
              35.5474476
            ],
            [
              -82.526863,
              35.5475261
            ],
            [
              -82.5281505,
              35.5474301
            ],
            [
              -82.5295238,
              35.5474825
            ],
            [
              -82.529073,
              35.5556852
            ],
            [
              -82.5283166,
              35.555803
            ],
            [
              -82.5284078,
              35.557265
            ],
            [
              -82.5247662,
              35.5569434
            ],
            [
              -82.5249475,
              35.5571554
            ],
            [
              -82.5261907,
              35.5583498
            ],
            [
              -82.5277564,
              35.5607315
            ],
            [
              -82.5284243,
              35.561493
            ],
            [
              -82.5291174,
              35.5629793
            ],
            [
              -82.5336544,
              35.564116
            ],
            [
              -82.5381391,
              35.565687
            ],
            [
              -82.5396518,
              35.5661059
            ],
            [
              -82.5425486,
              35.5674935
            ],
            [
              -82.5437673,
              35.5672166
            ],
            [
              -82.5448191,
              35.5701318
            ],
            [
              -82.5459349,
              35.5700227
            ],
            [
              -82.5473243,
              35.5690671
            ],
            [
              -82.5492667,
              35.568284
            ],
            [
              -82.5510279,
              35.5670975
            ],
            [
              -82.5523282,
              35.566799
            ],
            [
              -82.5547476,
              35.5660136
            ],
            [
              -82.5556354,
              35.5659045
            ],
            [
              -82.5561624,
              35.5657801
            ],
            [
              -82.556554,
              35.5654354
            ],
            [
              -82.5568415,
              35.5643139
            ],
            [
              -82.5569113,
              35.5640019
            ],
            [
              -82.5577991,
              35.5634564
            ],
            [
              -82.5586279,
              35.5633386
            ],
            [
              -82.5612028,
              35.5633844
            ],
            [
              -82.5632275,
              35.5636503
            ],
            [
              -82.5643433,
              35.5638947
            ],
            [
              -82.5651828,
              35.5641739
            ],
            [
              -82.5670563,
              35.5668034
            ],
            [
              -82.5741557,
              35.5649526
            ],
            [
              -82.5814084,
              35.5645686
            ],
            [
              -82.5838975,
              35.5655461
            ],
            [
              -82.5881032,
              35.5651621
            ],
            [
              -82.5923518,
              35.5629628
            ],
            [
              -82.5929064,
              35.5600451
            ],
            [
              -82.5929955,
              35.5595764
            ],
            [
              -82.5914935,
              35.5560502
            ],
            [
              -82.5894983,
              35.5543423
            ],
            [
              -82.5904505,
              35.5540412
            ],
            [
              -82.5911747,
              35.5542223
            ],
            [
              -82.5938878,
              35.5561568
            ],
            [
              -82.5959263,
              35.5580492
            ],
            [
              -82.5963934,
              35.5584829
            ],
            [
              -82.5973997,
              35.5601089
            ],
            [
              -82.5967313,
              35.5618073
            ],
            [
              -82.5974555,
              35.5629681
            ],
            [
              -82.5982012,
              35.5633172
            ],
            [
              -82.5992526,
              35.5632037
            ],
            [
              -82.6002584,
              35.5630444
            ],
            [
              -82.6007546,
              35.5632583
            ],
            [
              -82.6010255,
              35.5637165
            ],
            [
              -82.6013072,
              35.5639521
            ],
            [
              -82.6026143,
              35.5669627
            ],
            [
              -82.6028852,
              35.567362
            ],
            [
              -82.6032849,
              35.5674362
            ],
            [
              -82.6047199,
              35.5669016
            ],
            [
              -82.6053964,
              35.5660828
            ],
            [
              -82.6065873,
              35.5656508
            ],
            [
              -82.6069333,
              35.5656508
            ],
            [
              -82.6074322,
              35.5651712
            ],
            [
              -82.6079606,
              35.5649356
            ],
            [
              -82.6085373,
              35.5648439
            ],
            [
              -82.6089906,
              35.5649661
            ],
            [
              -82.6096829,
              35.5649692
            ],
            [
              -82.6104008,
              35.5648118
            ],
            [
              -82.6106353,
              35.5647918
            ],
            [
              -82.6115129,
              35.5649679
            ],
            [
              -82.612495,
              35.5650385
            ],
            [
              -82.612893,
              35.5650113
            ],
            [
              -82.6136138,
              35.5650813
            ],
            [
              -82.6137556,
              35.5651094
            ],
            [
              -82.6141393,
              35.5651792
            ],
            [
              -82.6145743,
              35.5653458
            ],
            [
              -82.614973,
              35.5654903
            ],
            [
              -82.6151926,
              35.5656321
            ],
            [
              -82.6154109,
              35.5659076
            ],
            [
              -82.6155856,
              35.566356
            ],
            [
              -82.6158956,
              35.5670204
            ],
            [
              -82.6159723,
              35.5673089
            ],
            [
              -82.6159133,
              35.56749
            ],
            [
              -82.6160769,
              35.5679678
            ],
            [
              -82.6162191,
              35.5679001
            ],
            [
              -82.6165356,
              35.5677823
            ],
            [
              -82.6168065,
              35.5678238
            ],
            [
              -82.6171659,
              35.5681205
            ],
            [
              -82.61741,
              35.5686856
            ],
            [
              -82.6171015,
              35.5687641
            ],
            [
              -82.6172169,
              35.5693314
            ],
            [
              -82.6176299,
              35.5699881
            ],
            [
              -82.6183327,
              35.5700557
            ],
            [
              -82.6186009,
              35.5700993
            ],
            [
              -82.6189335,
              35.5702259
            ],
            [
              -82.6193385,
              35.5708503
            ],
            [
              -82.619384,
              35.57082
            ],
            [
              -82.619916,
              35.570482
            ],
            [
              -82.620051,
              35.570403
            ],
            [
              -82.6200656,
              35.5703948
            ],
            [
              -82.6201001,
              35.5704257
            ],
            [
              -82.6204574,
              35.5707698
            ],
            [
              -82.620967,
              35.5705287
            ],
            [
              -82.6212795,
              35.5703967
            ],
            [
              -82.6215745,
              35.5703465
            ],
            [
              -82.6218801,
              35.5703255
            ],
            [
              -82.6224501,
              35.5704183
            ],
            [
              -82.6224208,
              35.5706663
            ],
            [
              -82.6222304,
              35.5714866
            ],
            [
              -82.6222012,
              35.5715877
            ],
            [
              -82.6217506,
              35.5719717
            ],
            [
              -82.6222119,
              35.573272
            ],
            [
              -82.6223085,
              35.5738305
            ],
            [
              -82.6231561,
              35.5743977
            ],
            [
              -82.6244221,
              35.5753314
            ],
            [
              -82.6252482,
              35.5757415
            ],
            [
              -82.6259487,
              35.576413
            ],
            [
              -82.6267641,
              35.5764436
            ],
            [
              -82.626756,
              35.5769082
            ],
            [
              -82.6269572,
              35.5769148
            ],
            [
              -82.627035,
              35.5769977
            ],
            [
              -82.6272522,
              35.5769279
            ],
            [
              -82.6273032,
              35.5771242
            ],
            [
              -82.6273783,
              35.5773293
            ],
            [
              -82.6281669,
              35.5770849
            ],
            [
              -82.6284297,
              35.5777154
            ],
            [
              -82.6290064,
              35.5776478
            ],
            [
              -82.6289528,
              35.5770369
            ],
            [
              -82.6301195,
              35.5770915
            ],
            [
              -82.6304065,
              35.577674
            ],
            [
              -82.6328242,
              35.5777634
            ],
            [
              -82.6327879,
              35.5794876
            ],
            [
              -82.6336113,
              35.5788004
            ],
            [
              -82.6337133,
              35.5788811
            ],
            [
              -82.6352394,
              35.5789575
            ],
            [
              -82.6352528,
              35.5786848
            ],
            [
              -82.6358349,
              35.5789095
            ],
            [
              -82.6357249,
              35.5783118
            ],
            [
              -82.6358939,
              35.5782594
            ],
            [
              -82.6365028,
              35.5784514
            ],
            [
              -82.6365162,
              35.579012
            ],
            [
              -82.6370348,
              35.5790728
            ],
            [
              -82.6376195,
              35.5790183
            ],
            [
              -82.6377778,
              35.5790357
            ],
            [
              -82.6391407,
              35.5815357
            ],
            [
              -82.6381912,
              35.5819087
            ],
            [
              -82.6381429,
              35.5821574
            ],
            [
              -82.6390146,
              35.5818716
            ],
            [
              -82.6392238,
              35.5821966
            ],
            [
              -82.6392801,
              35.5824758
            ],
            [
              -82.6392587,
              35.5826634
            ],
            [
              -82.6393848,
              35.5828205
            ],
            [
              -82.6395484,
              35.5827769
            ],
            [
              -82.6397522,
              35.5826045
            ],
            [
              -82.6399963,
              35.5826067
            ],
            [
              -82.6399641,
              35.5825064
            ],
            [
              -82.6404335,
              35.5823101
            ],
            [
              -82.6405998,
              35.5826918
            ],
            [
              -82.6405327,
              35.5834498
            ],
            [
              -82.6424612,
              35.5838774
            ],
            [
              -82.6458076,
              35.5836046
            ],
            [
              -82.6522128,
              35.5845557
            ],
            [
              -82.6516978,
              35.5920242
            ]
          ]
        ]
      }
    },
    {
      "type": "Feature",
      "properties": {
        "unitName": "Weaverville Ward",
        "unitId": "weaverville-ward",
        "unitNumber": "156922",
        "churchBoundaryUnitId": "1166828"
      },
      "geometry": {
        "type": "Polygon",
        "coordinates": [
          [
            [
              -82.3443991,
              36.071184
            ],
            [
              -82.344793,
              36.072826
            ],
            [
              -82.3449696,
              36.0741911
            ],
            [
              -82.344949,
              36.075482
            ],
            [
              -82.345116,
              36.07636
            ],
            [
              -82.345516,
              36.076976
            ],
            [
              -82.346081,
              36.077437
            ],
            [
              -82.346855,
              36.077755
            ],
            [
              -82.347826,
              36.078329
            ],
            [
              -82.3480412,
              36.0785379
            ],
            [
              -82.348677,
              36.079155
            ],
            [
              -82.3491716,
              36.0797721
            ],
            [
              -82.349565,
              36.080263
            ],
            [
              -82.3496001,
              36.0803101
            ],
            [
              -82.350149,
              36.081046
            ],
            [
              -82.350327,
              36.081985
            ],
            [
              -82.3504185,
              36.0825696
            ],
            [
              -82.350446,
              36.082743
            ],
            [
              -82.350558,
              36.083349
            ],
            [
              -82.351018,
              36.083999
            ],
            [
              -82.351718,
              36.08446
            ],
            [
              -82.352345,
              36.084644
            ],
            [
              -82.352886,
              36.084644
            ],
            [
              -82.354071,
              36.084473
            ],
            [
              -82.354961,
              36.084112
            ],
            [
              -82.355842,
              36.083536
            ],
            [
              -82.356477,
              36.082999
            ],
            [
              -82.357068,
              36.082425
            ],
            [
              -82.357237,
              36.081893
            ],
            [
              -82.357499,
              36.08096
            ],
            [
              -82.3575449,
              36.0808409
            ],
            [
              -82.358004,
              36.079649
            ],
            [
              -82.358531,
              36.078898
            ],
            [
              -82.358741,
              36.078768
            ],
            [
              -82.3594758,
              36.0785015
            ],
            [
              -82.3598359,
              36.0783708
            ],
            [
              -82.360056,
              36.078291
            ],
            [
              -82.3631064,
              36.0778164
            ],
            [
              -82.363334,
              36.077781
            ],
            [
              -82.3651487,
              36.0775973
            ],
            [
              -82.3661208,
              36.0774989
            ],
            [
              -82.368679,
              36.07724
            ],
            [
              -82.369457,
              36.077012
            ],
            [
              -82.37053,
              36.076568
            ],
            [
              -82.371304,
              36.076072
            ],
            [
              -82.371926,
              36.075298
            ],
            [
              -82.372363,
              36.074531
            ],
            [
              -82.3732127,
              36.0732171
            ],
            [
              -82.373401,
              36.072926
            ],
            [
              -82.3736115,
              36.0727205
            ],
            [
              -82.3744338,
              36.0719179
            ],
            [
              -82.374776,
              36.071584
            ],
            [
              -82.3755383,
              36.0711517
            ],
            [
              -82.375774,
              36.071018
            ],
            [
              -82.3763419,
              36.0708305
            ],
            [
              -82.376837,
              36.070667
            ],
            [
              -82.3777977,
              36.0705323
            ],
            [
              -82.37832,
              36.070459
            ],
            [
              -82.3787837,
              36.0705523
            ],
            [
              -82.379398,
              36.070676
            ],
            [
              -82.3800906,
              36.0710439
            ],
            [
              -82.380407,
              36.071212
            ],
            [
              -82.3806497,
              36.0714407
            ],
            [
              -82.380858,
              36.071637
            ],
            [
              -82.3809573,
              36.0718748
            ],
            [
              -82.381142,
              36.072317
            ],
            [
              -82.381755,
              36.073058
            ],
            [
              -82.382669,
              36.07409
            ],
            [
              -82.383748,
              36.075048
            ],
            [
              -82.384935,
              36.075927
            ],
            [
              -82.386429,
              36.076848
            ],
            [
              -82.3868671,
              36.0770665
            ],
            [
              -82.38761,
              36.077437
            ],
            [
              -82.3882337,
              36.0778266
            ],
            [
              -82.388721,
              36.078131
            ],
            [
              -82.390342,
              36.079199
            ],
            [
              -82.391581,
              36.079844
            ],
            [
              -82.392683,
              36.080457
            ],
            [
              -82.394166,
              36.080945
            ],
            [
              -82.396116,
              36.081534
            ],
            [
              -82.397321,
              36.081816
            ],
            [
              -82.398627,
              36.081939
            ],
            [
              -82.399756,
              36.08179
            ],
            [
              -82.400696,
              36.081495
            ],
            [
              -82.401437,
              36.081149
            ],
            [
              -82.40194,
              36.080559
            ],
            [
              -82.402511,
              36.0797447
            ],
            [
              -82.402688,
              36.079352
            ],
            [
              -82.402814,
              36.078499
            ],
            [
              -82.4027132,
              36.0776978
            ],
            [
              -82.4026864,
              36.0776241
            ],
            [
              -82.402156,
              36.0763
            ],
            [
              -82.4012363,
              36.0751251
            ],
            [
              -82.401201,
              36.07508
            ],
            [
              -82.399641,
              36.073759
            ],
            [
              -82.399199,
              36.073181
            ],
            [
              -82.399073,
              36.07267
            ],
            [
              -82.399076,
              36.072257
            ],
            [
              -82.399209,
              36.071861
            ],
            [
              -82.399629,
              36.071515
            ],
            [
              -82.400147,
              36.071283
            ],
            [
              -82.400844,
              36.071246
            ],
            [
              -82.401668,
              36.071267
            ],
            [
              -82.402154,
              36.07144
            ],
            [
              -82.4030854,
              36.0718338
            ],
            [
              -82.403716,
              36.072216
            ],
            [
              -82.404619,
              36.072244
            ],
            [
              -82.4052932,
              36.0720375
            ],
            [
              -82.405931,
              36.071879
            ],
            [
              -82.406496,
              36.071898
            ],
            [
              -82.407458,
              36.071975
            ],
            [
              -82.4075102,
              36.0719757
            ],
            [
              -82.408499,
              36.071988
            ],
            [
              -82.4096933,
              36.0719135
            ],
            [
              -82.411835,
              36.071761
            ],
            [
              -82.4138,
              36.071705
            ],
            [
              -82.414563,
              36.071749
            ],
            [
              -82.415058,
              36.071872
            ],
            [
              -82.415494,
              36.072052
            ],
            [
              -82.416077,
              36.072411
            ],
            [
              -82.41667,
              36.07284
            ],
            [
              -82.416758,
              36.072708
            ],
            [
              -82.416847,
              36.072576
            ],
            [
              -82.416922,
              36.072458
            ],
            [
              -82.4179096,
              36.0705583
            ],
            [
              -82.417928,
              36.070523
            ],
            [
              -82.418674,
              36.069147
            ],
            [
              -82.419199,
              36.06818
            ],
            [
              -82.419677,
              36.067608
            ],
            [
              -82.422083,
              36.064736
            ],
            [
              -82.423384,
              36.062789
            ],
            [
              -82.428045,
              36.05581
            ],
            [
              -82.4320426,
              36.0498256
            ],
            [
              -82.432707,
              36.048831
            ],
            [
              -82.4328614,
              36.0485997
            ],
            [
              -82.434084,
              36.046768
            ],
            [
              -82.434859,
              36.045609
            ],
            [
              -82.436439,
              36.043292
            ],
            [
              -82.439653,
              36.038584
            ],
            [
              -82.4397874,
              36.0383874
            ],
            [
              -82.440907,
              36.03675
            ],
            [
              -82.4409372,
              36.0367029
            ],
            [
              -82.441007,
              36.036594
            ],
            [
              -82.441128,
              36.0364235
            ],
            [
              -82.441231,
              36.036274
            ],
            [
              -82.443252,
              36.033313
            ],
            [
              -82.443434,
              36.033045
            ],
            [
              -82.4435286,
              36.0329062
            ],
            [
              -82.443895,
              36.032369
            ],
            [
              -82.448761,
              36.025239
            ],
            [
              -82.45396,
              36.017621
            ],
            [
              -82.45916,
              36.010003
            ],
            [
              -82.460658,
              36.007809
            ],
            [
              -82.460758,
              36.007709
            ],
            [
              -82.46086,
              36.007633
            ],
            [
              -82.461158,
              36.007409
            ],
            [
              -82.461758,
              36.007409
            ],
            [
              -82.461894,
              36.0073977
            ],
            [
              -82.462228,
              36.00737
            ],
            [
              -82.462958,
              36.007309
            ],
            [
              -82.463458,
              36.007009
            ],
            [
              -82.4645552,
              36.0065103
            ],
            [
              -82.465958,
              36.005509
            ],
            [
              -82.467258,
              36.004609
            ],
            [
              -82.468559,
              36.003409
            ],
            [
              -82.469859,
              36.003109
            ],
            [
              -82.469959,
              36.003109
            ],
            [
              -82.470459,
              36.002909
            ],
            [
              -82.470859,
              36.002709
            ],
            [
              -82.471259,
              36.002309
            ],
            [
              -82.471859,
              36.001609
            ],
            [
              -82.472059,
              36.001409
            ],
            [
              -82.472259,
              36.001109
            ],
            [
              -82.472558,
              36.000959
            ],
            [
              -82.472859,
              36.000809
            ],
            [
              -82.4733027,
              36.0005872
            ],
            [
              -82.4735163,
              36.0004804
            ],
            [
              -82.5570999,
              36.0408633
            ],
            [
              -82.5620305,
              36.0397759
            ],
            [
              -82.5886652,
              36.033898
            ],
            [
              -82.5909217,
              36.0333997
            ],
            [
              -82.590963,
              36.033606
            ],
            [
              -82.591263,
              36.034106
            ],
            [
              -82.591463,
              36.034606
            ],
            [
              -82.591763,
              36.035306
            ],
            [
              -82.5919636,
              36.0357062
            ],
            [
              -82.592363,
              36.035806
            ],
            [
              -82.592663,
              36.035806
            ],
            [
              -82.592963,
              36.035906
            ],
            [
              -82.593463,
              36.036006
            ],
            [
              -82.594363,
              36.036106
            ],
            [
              -82.594763,
              36.036306
            ],
            [
              -82.595263,
              36.036406
            ],
            [
              -82.595563,
              36.036606
            ],
            [
              -82.595863,
              36.036606
            ],
            [
              -82.596263,
              36.036606
            ],
            [
              -82.596863,
              36.036606
            ],
            [
              -82.597563,
              36.036506
            ],
            [
              -82.598263,
              36.036606
            ],
            [
              -82.598963,
              36.036506
            ],
            [
              -82.599563,
              36.036406
            ],
            [
              -82.600163,
              36.036206
            ],
            [
              -82.600271,
              36.036188
            ],
            [
              -82.600763,
              36.036106
            ],
            [
              -82.601363,
              36.035906
            ],
            [
              -82.601763,
              36.036006
            ],
            [
              -82.601863,
              36.036206
            ],
            [
              -82.601863,
              36.036506
            ],
            [
              -82.601763,
              36.036906
            ],
            [
              -82.601663,
              36.037606
            ],
            [
              -82.6016631,
              36.0380062
            ],
            [
              -82.601963,
              36.038706
            ],
            [
              -82.602363,
              36.039406
            ],
            [
              -82.602463,
              36.039506
            ],
            [
              -82.602663,
              36.039606
            ],
            [
              -82.6027262,
              36.039606
            ],
            [
              -82.602877,
              36.039833
            ],
            [
              -82.6029575,
              36.0399925
            ],
            [
              -82.603098,
              36.040006
            ],
            [
              -82.603164,
              36.040006
            ],
            [
              -82.603207,
              36.040049
            ],
            [
              -82.603264,
              36.040106
            ],
            [
              -82.603443,
              36.040142
            ],
            [
              -82.603764,
              36.040206
            ],
            [
              -82.6040602,
              36.0402554
            ],
            [
              -82.604364,
              36.040306
            ],
            [
              -82.604664,
              36.040406
            ],
            [
              -82.605364,
              36.040606
            ],
            [
              -82.6061641,
              36.0410062
            ],
            [
              -82.606264,
              36.041206
            ],
            [
              -82.606464,
              36.041406
            ],
            [
              -82.606664,
              36.041706
            ],
            [
              -82.607164,
              36.042206
            ],
            [
              -82.607364,
              36.042506
            ],
            [
              -82.607764,
              36.043106
            ],
            [
              -82.607964,
              36.043306
            ],
            [
              -82.608364,
              36.043806
            ],
            [
              -82.608964,
              36.044306
            ],
            [
              -82.609309,
              36.044651
            ],
            [
              -82.609464,
              36.044806
            ],
            [
              -82.609664,
              36.044906
            ],
            [
              -82.610264,
              36.045006
            ],
            [
              -82.610464,
              36.045106
            ],
            [
              -82.610717,
              36.045005
            ],
            [
              -82.610964,
              36.044906
            ],
            [
              -82.611164,
              36.044906
            ],
            [
              -82.611396,
              36.045292
            ],
            [
              -82.611464,
              36.045406
            ],
            [
              -82.611864,
              36.045706
            ],
            [
              -82.6122651,
              36.0460064
            ],
            [
              -82.612602,
              36.046119
            ],
            [
              -82.612864,
              36.046206
            ],
            [
              -82.613564,
              36.046406
            ],
            [
              -82.613965,
              36.046306
            ],
            [
              -82.6140319,
              36.046306
            ],
            [
              -82.614165,
              36.046306
            ],
            [
              -82.614365,
              36.046306
            ],
            [
              -82.614965,
              36.046306
            ],
            [
              -82.615265,
              36.046406
            ],
            [
              -82.6154527,
              36.0465468
            ],
            [
              -82.615665,
              36.046706
            ],
            [
              -82.616265,
              36.046906
            ],
            [
              -82.616765,
              36.046806
            ],
            [
              -82.6168527,
              36.0467841
            ],
            [
              -82.617165,
              36.046706
            ],
            [
              -82.617465,
              36.046706
            ],
            [
              -82.617865,
              36.046906
            ],
            [
              -82.618165,
              36.047006
            ],
            [
              -82.618265,
              36.047306
            ],
            [
              -82.618365,
              36.047606
            ],
            [
              -82.618265,
              36.048106
            ],
            [
              -82.618165,
              36.048406
            ],
            [
              -82.6181281,
              36.0485722
            ],
            [
              -82.617965,
              36.049306
            ],
            [
              -82.618065,
              36.051206
            ],
            [
              -82.6180648,
              36.051299
            ],
            [
              -82.617965,
              36.051406
            ],
            [
              -82.617865,
              36.051806
            ],
            [
              -82.617792,
              36.05226
            ],
            [
              -82.617765,
              36.052306
            ],
            [
              -82.617665,
              36.052706
            ],
            [
              -82.6176445,
              36.052829
            ],
            [
              -82.617565,
              36.053306
            ],
            [
              -82.617265,
              36.054206
            ],
            [
              -82.617465,
              36.054406
            ],
            [
              -82.617965,
              36.054806
            ],
            [
              -82.617965,
              36.0549068
            ],
            [
              -82.617965,
              36.055106
            ],
            [
              -82.617965,
              36.055406
            ],
            [
              -82.618265,
              36.055706
            ],
            [
              -82.618665,
              36.056106
            ],
            [
              -82.619206,
              36.056557
            ],
            [
              -82.619265,
              36.056606
            ],
            [
              -82.61997,
              36.056958
            ],
            [
              -82.620065,
              36.057006
            ],
            [
              -82.620765,
              36.057106
            ],
            [
              -82.621289,
              36.057256
            ],
            [
              -82.621465,
              36.057306
            ],
            [
              -82.622265,
              36.057506
            ],
            [
              -82.622765,
              36.057906
            ],
            [
              -82.6227965,
              36.0580631
            ],
            [
              -82.622841,
              36.058285
            ],
            [
              -82.622865,
              36.058406
            ],
            [
              -82.622972,
              36.058459
            ],
            [
              -82.623065,
              36.058506
            ],
            [
              -82.6233257,
              36.0586177
            ],
            [
              -82.623765,
              36.058806
            ],
            [
              -82.62385,
              36.059144
            ],
            [
              -82.6238613,
              36.0591906
            ],
            [
              -82.6238972,
              36.0592167
            ],
            [
              -82.624165,
              36.059306
            ],
            [
              -82.624264,
              36.0596031
            ],
            [
              -82.624365,
              36.059806
            ],
            [
              -82.6246244,
              36.0599789
            ],
            [
              -82.624665,
              36.060006
            ],
            [
              -82.624865,
              36.060231
            ],
            [
              -82.625365,
              36.060406
            ],
            [
              -82.626165,
              36.060706
            ],
            [
              -82.626665,
              36.061006
            ],
            [
              -82.627165,
              36.061406
            ],
            [
              -82.627465,
              36.061606
            ],
            [
              -82.6277717,
              36.061836
            ],
            [
              -82.627865,
              36.061906
            ],
            [
              -82.627965,
              36.062006
            ],
            [
              -82.6281745,
              36.0620584
            ],
            [
              -82.628365,
              36.062106
            ],
            [
              -82.6286558,
              36.0623241
            ],
            [
              -82.628765,
              36.062406
            ],
            [
              -82.629265,
              36.062706
            ],
            [
              -82.629865,
              36.063106
            ],
            [
              -82.630265,
              36.063406
            ],
            [
              -82.630765,
              36.063506
            ],
            [
              -82.631065,
              36.063706
            ],
            [
              -82.6314061,
              36.0638424
            ],
            [
              -82.631565,
              36.063906
            ],
            [
              -82.6317759,
              36.0640466
            ],
            [
              -82.631865,
              36.064106
            ],
            [
              -82.6320638,
              36.0642054
            ],
            [
              -82.632165,
              36.064706
            ],
            [
              -82.632165,
              36.065005
            ],
            [
              -82.632165,
              36.065405
            ],
            [
              -82.632265,
              36.065705
            ],
            [
              -82.632465,
              36.065805
            ],
            [
              -82.632606,
              36.065793
            ],
            [
              -82.632765,
              36.065805
            ],
            [
              -82.633465,
              36.065705
            ],
            [
              -82.633965,
              36.065605
            ],
            [
              -82.634765,
              36.065605
            ],
            [
              -82.635665,
              36.065805
            ],
            [
              -82.636379,
              36.065903
            ],
            [
              -82.6371636,
              36.0658052
            ],
            [
              -82.637465,
              36.065505
            ],
            [
              -82.637865,
              36.065305
            ],
            [
              -82.638265,
              36.065005
            ],
            [
              -82.638365,
              36.064905
            ],
            [
              -82.638465,
              36.064905
            ],
            [
              -82.639665,
              36.064205
            ],
            [
              -82.640165,
              36.064005
            ],
            [
              -82.640665,
              36.063805
            ],
            [
              -82.641265,
              36.063505
            ],
            [
              -82.641765,
              36.063305
            ],
            [
              -82.642165,
              36.063305
            ],
            [
              -82.6422052,
              36.0632949
            ],
            [
              -82.642632,
              36.063188
            ],
            [
              -82.642965,
              36.063105
            ],
            [
              -82.643057,
              36.063059
            ],
            [
              -82.6435646,
              36.0628045
            ],
            [
              -82.644165,
              36.062405
            ],
            [
              -82.644765,
              36.062005
            ],
            [
              -82.645365,
              36.061605
            ],
            [
              -82.645965,
              36.061105
            ],
            [
              -82.646565,
              36.060505
            ],
            [
              -82.646759,
              36.0601171
            ],
            [
              -82.647096,
              36.05984
            ],
            [
              -82.647265,
              36.059705
            ],
            [
              -82.647665,
              36.059405
            ],
            [
              -82.648265,
              36.059005
            ],
            [
              -82.649065,
              36.058505
            ],
            [
              -82.649365,
              36.058305
            ],
            [
              -82.649765,
              36.058005
            ],
            [
              -82.650165,
              36.057805
            ],
            [
              -82.65138,
              36.057376
            ],
            [
              -82.651582,
              36.057305
            ],
            [
              -82.651865,
              36.057305
            ],
            [
              -82.6527157,
              36.0572105
            ],
            [
              -82.652765,
              36.057205
            ],
            [
              -82.6531263,
              36.0571147
            ],
            [
              -82.653165,
              36.057105
            ],
            [
              -82.653665,
              36.056905
            ],
            [
              -82.653965,
              36.056605
            ],
            [
              -82.654365,
              36.056405
            ],
            [
              -82.654815,
              36.056225
            ],
            [
              -82.657166,
              36.056605
            ],
            [
              -82.65725,
              36.056636
            ],
            [
              -82.657966,
              36.056905
            ],
            [
              -82.658466,
              36.057105
            ],
            [
              -82.6591676,
              36.0571039
            ],
            [
              -82.659466,
              36.056905
            ],
            [
              -82.659665,
              36.0566066
            ],
            [
              -82.659966,
              36.056305
            ],
            [
              -82.660266,
              36.055905
            ],
            [
              -82.6606678,
              36.0556045
            ],
            [
              -82.661066,
              36.055505
            ],
            [
              -82.661766,
              36.055305
            ],
            [
              -82.662666,
              36.055005
            ],
            [
              -82.663366,
              36.054705
            ],
            [
              -82.664427,
              36.054126
            ],
            [
              -82.664466,
              36.054105
            ],
            [
              -82.6652673,
              36.053569
            ],
            [
              -82.665354,
              36.053511
            ],
            [
              -82.665966,
              36.053205
            ],
            [
              -82.6667675,
              36.0529054
            ],
            [
              -82.667166,
              36.053005
            ],
            [
              -82.667466,
              36.053005
            ],
            [
              -82.6675959,
              36.053005
            ],
            [
              -82.667866,
              36.053005
            ],
            [
              -82.668366,
              36.052905
            ],
            [
              -82.668766,
              36.053005
            ],
            [
              -82.6692671,
              36.0532047
            ],
            [
              -82.670066,
              36.053005
            ],
            [
              -82.670666,
              36.052805
            ],
            [
              -82.670866,
              36.052605
            ],
            [
              -82.671088,
              36.052273
            ],
            [
              -82.6712623,
              36.0520111
            ],
            [
              -82.671466,
              36.051905
            ],
            [
              -82.671561,
              36.051881
            ],
            [
              -82.671866,
              36.051805
            ],
            [
              -82.672366,
              36.051705
            ],
            [
              -82.672466,
              36.051605
            ],
            [
              -82.672966,
              36.050405
            ],
            [
              -82.673072,
              36.050143
            ],
            [
              -82.6731679,
              36.0499046
            ],
            [
              -82.673366,
              36.049805
            ],
            [
              -82.6735812,
              36.0496436
            ],
            [
              -82.673766,
              36.049505
            ],
            [
              -82.6738234,
              36.0494906
            ],
            [
              -82.674097,
              36.049422
            ],
            [
              -82.674166,
              36.049405
            ],
            [
              -82.674566,
              36.049105
            ],
            [
              -82.674609,
              36.049062
            ],
            [
              -82.674666,
              36.049005
            ],
            [
              -82.6750626,
              36.0487076
            ],
            [
              -82.675666,
              36.048605
            ],
            [
              -82.6758933,
              36.0486805
            ],
            [
              -82.675966,
              36.048705
            ],
            [
              -82.676766,
              36.048705
            ],
            [
              -82.677566,
              36.048705
            ],
            [
              -82.678066,
              36.048705
            ],
            [
              -82.6782512,
              36.0486124
            ],
            [
              -82.678366,
              36.048605
            ],
            [
              -82.678461,
              36.048605
            ],
            [
              -82.678566,
              36.048605
            ],
            [
              -82.678767,
              36.0486046
            ],
            [
              -82.678915,
              36.048545
            ],
            [
              -82.679266,
              36.048405
            ],
            [
              -82.679666,
              36.047905
            ],
            [
              -82.6799211,
              36.04765
            ],
            [
              -82.679966,
              36.047605
            ],
            [
              -82.680366,
              36.047205
            ],
            [
              -82.681066,
              36.046605
            ],
            [
              -82.681453,
              36.046347
            ],
            [
              -82.681666,
              36.046205
            ],
            [
              -82.682066,
              36.046005
            ],
            [
              -82.6821844,
              36.046005
            ],
            [
              -82.682566,
              36.046005
            ],
            [
              -82.682966,
              36.046105
            ],
            [
              -82.683566,
              36.046105
            ],
            [
              -82.684266,
              36.045605
            ],
            [
              -82.6847663,
              36.0450036
            ],
            [
              -82.684966,
              36.044405
            ],
            [
              -82.685066,
              36.043905
            ],
            [
              -82.685166,
              36.043505
            ],
            [
              -82.685266,
              36.043005
            ],
            [
              -82.685266,
              36.0427577
            ],
            [
              -82.685266,
              36.042705
            ],
            [
              -82.685366,
              36.042305
            ],
            [
              -82.685566,
              36.042005
            ],
            [
              -82.686066,
              36.041305
            ],
            [
              -82.686466,
              36.040805
            ],
            [
              -82.687066,
              36.040105
            ],
            [
              -82.687466,
              36.039705
            ],
            [
              -82.687966,
              36.039205
            ],
            [
              -82.688866,
              36.038605
            ],
            [
              -82.689266,
              36.038405
            ],
            [
              -82.689666,
              36.038205
            ],
            [
              -82.690266,
              36.037905
            ],
            [
              -82.6907665,
              36.037705
            ],
            [
              -82.691166,
              36.037705
            ],
            [
              -82.691766,
              36.037605
            ],
            [
              -82.692266,
              36.037605
            ],
            [
              -82.692966,
              36.037105
            ],
            [
              -82.6934661,
              36.0368053
            ],
            [
              -82.693866,
              36.036805
            ],
            [
              -82.694466,
              36.036805
            ],
            [
              -82.694871,
              36.036737
            ],
            [
              -82.695066,
              36.036705
            ],
            [
              -82.695482,
              36.036455
            ],
            [
              -82.695566,
              36.036405
            ],
            [
              -82.6958226,
              36.0362511
            ],
            [
              -82.696066,
              36.036105
            ],
            [
              -82.696266,
              36.036105
            ],
            [
              -82.696692,
              36.036034
            ],
            [
              -82.6968666,
              36.0360047
            ],
            [
              -82.697013,
              36.035932
            ],
            [
              -82.697266,
              36.035805
            ],
            [
              -82.697666,
              36.035505
            ],
            [
              -82.697866,
              36.035005
            ],
            [
              -82.697866,
              36.034705
            ],
            [
              -82.697866,
              36.034648
            ],
            [
              -82.697866,
              36.034505
            ],
            [
              -82.697866,
              36.034405
            ],
            [
              -82.697966,
              36.034305
            ],
            [
              -82.698066,
              36.034205
            ],
            [
              -82.6982685,
              36.0341058
            ],
            [
              -82.698423,
              36.034157
            ],
            [
              -82.698566,
              36.034205
            ],
            [
              -82.699066,
              36.034305
            ],
            [
              -82.699866,
              36.034505
            ],
            [
              -82.7004651,
              36.0346032
            ],
            [
              -82.70212,
              36.0325611
            ],
            [
              -82.702379,
              36.032241
            ],
            [
              -82.704186,
              36.031709
            ],
            [
              -82.7051059,
              36.0314609
            ],
            [
              -82.705339,
              36.031398
            ],
            [
              -82.7088448,
              36.0298055
            ],
            [
              -82.709066,
              36.029705
            ],
            [
              -82.709864,
              36.029743
            ],
            [
              -82.710804,
              36.029672
            ],
            [
              -82.711332,
              36.029465
            ],
            [
              -82.711877,
              36.029277
            ],
            [
              -82.7128628,
              36.0291247
            ],
            [
              -82.712984,
              36.029106
            ],
            [
              -82.713566,
              36.029105
            ],
            [
              -82.714266,
              36.029005
            ],
            [
              -82.714866,
              36.028805
            ],
            [
              -82.7151658,
              36.0286048
            ],
            [
              -82.715466,
              36.028005
            ],
            [
              -82.715566,
              36.027305
            ],
            [
              -82.715566,
              36.026905
            ],
            [
              -82.715466,
              36.026105
            ],
            [
              -82.715466,
              36.025205
            ],
            [
              -82.7154489,
              36.0251064
            ],
            [
              -82.715378,
              36.024682
            ],
            [
              -82.715365,
              36.024605
            ],
            [
              -82.715365,
              36.024254
            ],
            [
              -82.715365,
              36.024104
            ],
            [
              -82.715365,
              36.023921
            ],
            [
              -82.715365,
              36.023804
            ],
            [
              -82.715465,
              36.023604
            ],
            [
              -82.715565,
              36.023204
            ],
            [
              -82.715665,
              36.023004
            ],
            [
              -82.715965,
              36.022804
            ],
            [
              -82.716665,
              36.022404
            ],
            [
              -82.717365,
              36.022104
            ],
            [
              -82.718065,
              36.022004
            ],
            [
              -82.7186615,
              36.022004
            ],
            [
              -82.718765,
              36.022004
            ],
            [
              -82.719165,
              36.021904
            ],
            [
              -82.7196567,
              36.0217073
            ],
            [
              -82.7197038,
              36.0216807
            ],
            [
              -82.720165,
              36.021404
            ],
            [
              -82.7202281,
              36.0213409
            ],
            [
              -82.720665,
              36.020904
            ],
            [
              -82.721365,
              36.020304
            ],
            [
              -82.722265,
              36.019704
            ],
            [
              -82.722665,
              36.019504
            ],
            [
              -82.722665,
              36.019404
            ],
            [
              -82.724565,
              36.018504
            ],
            [
              -82.725065,
              36.018204
            ],
            [
              -82.725665,
              36.018104
            ],
            [
              -82.726066,
              36.018204
            ],
            [
              -82.7266714,
              36.018377
            ],
            [
              -82.726766,
              36.018404
            ],
            [
              -82.727366,
              36.018504
            ],
            [
              -82.7278634,
              36.018504
            ],
            [
              -82.728366,
              36.018304
            ],
            [
              -82.728866,
              36.018104
            ],
            [
              -82.729266,
              36.017904
            ],
            [
              -82.7295403,
              36.0178491
            ],
            [
              -82.729766,
              36.017804
            ],
            [
              -82.7301652,
              36.0176045
            ],
            [
              -82.730766,
              36.017604
            ],
            [
              -82.731366,
              36.017604
            ],
            [
              -82.731866,
              36.017604
            ],
            [
              -82.732166,
              36.017304
            ],
            [
              -82.732266,
              36.017004
            ],
            [
              -82.732566,
              36.016604
            ],
            [
              -82.732866,
              36.016104
            ],
            [
              -82.7332658,
              36.0157042
            ],
            [
              -82.733766,
              36.015404
            ],
            [
              -82.734266,
              36.015204
            ],
            [
              -82.734666,
              36.015104
            ],
            [
              -82.734866,
              36.015104
            ],
            [
              -82.735166,
              36.015104
            ],
            [
              -82.735766,
              36.015204
            ],
            [
              -82.736366,
              36.015304
            ],
            [
              -82.736966,
              36.015404
            ],
            [
              -82.7375665,
              36.0154039
            ],
            [
              -82.738266,
              36.015204
            ],
            [
              -82.738866,
              36.015004
            ],
            [
              -82.739366,
              36.014704
            ],
            [
              -82.739566,
              36.014504
            ],
            [
              -82.7394585,
              36.0142895
            ],
            [
              -82.739366,
              36.014104
            ],
            [
              -82.739266,
              36.013904
            ],
            [
              -82.739266,
              36.0132042
            ],
            [
              -82.739566,
              36.012604
            ],
            [
              -82.739966,
              36.012204
            ],
            [
              -82.740066,
              36.012104
            ],
            [
              -82.740466,
              36.011904
            ],
            [
              -82.740766,
              36.012004
            ],
            [
              -82.741165,
              36.012204
            ],
            [
              -82.741766,
              36.012504
            ],
            [
              -82.7422669,
              36.0125036
            ],
            [
              -82.742866,
              36.012204
            ],
            [
              -82.743066,
              36.011904
            ],
            [
              -82.743166,
              36.011604
            ],
            [
              -82.7431474,
              36.0115083
            ],
            [
              -82.743068,
              36.011099
            ],
            [
              -82.743166,
              36.010804
            ],
            [
              -82.743361,
              36.010687
            ],
            [
              -82.743666,
              36.010504
            ],
            [
              -82.744066,
              36.010304
            ],
            [
              -82.74452,
              36.009941
            ],
            [
              -82.744566,
              36.009904
            ],
            [
              -82.745366,
              36.009604
            ],
            [
              -82.745966,
              36.009404
            ],
            [
              -82.746219,
              36.009467
            ],
            [
              -82.746366,
              36.009504
            ],
            [
              -82.746766,
              36.009604
            ],
            [
              -82.747468,
              36.0099042
            ],
            [
              -82.748266,
              36.010004
            ],
            [
              -82.7488645,
              36.0099042
            ],
            [
              -82.749466,
              36.009404
            ],
            [
              -82.749766,
              36.009204
            ],
            [
              -82.749866,
              36.009204
            ],
            [
              -82.749966,
              36.009104
            ],
            [
              -82.750066,
              36.009104
            ],
            [
              -82.750166,
              36.009004
            ],
            [
              -82.7503532,
              36.009004
            ],
            [
              -82.7504063,
              36.0089637
            ],
            [
              -82.750466,
              36.008904
            ],
            [
              -82.750666,
              36.0088032
            ],
            [
              -82.750666,
              36.008604
            ],
            [
              -82.7505996,
              36.0084932
            ],
            [
              -82.750366,
              36.008103
            ],
            [
              -82.750166,
              36.007604
            ],
            [
              -82.750166,
              36.007504
            ],
            [
              -82.750066,
              36.007204
            ],
            [
              -82.749966,
              36.006604
            ],
            [
              -82.749966,
              36.006304
            ],
            [
              -82.750066,
              36.006104
            ],
            [
              -82.750066,
              36.006005
            ],
            [
              -82.750166,
              36.006004
            ],
            [
              -82.750466,
              36.006004
            ],
            [
              -82.750523,
              36.006004
            ],
            [
              -82.750666,
              36.006004
            ],
            [
              -82.750866,
              36.006004
            ],
            [
              -82.751366,
              36.006004
            ],
            [
              -82.751566,
              36.006004
            ],
            [
              -82.751725,
              36.0060835
            ],
            [
              -82.751766,
              36.006104
            ],
            [
              -82.751966,
              36.006104
            ],
            [
              -82.7521608,
              36.006104
            ],
            [
              -82.752166,
              36.006004
            ],
            [
              -82.7522938,
              36.006004
            ],
            [
              -82.752366,
              36.006004
            ],
            [
              -82.752466,
              36.005904
            ],
            [
              -82.752566,
              36.005804
            ],
            [
              -82.7525937,
              36.0057693
            ],
            [
              -82.752725,
              36.005605
            ],
            [
              -82.752966,
              36.005304
            ],
            [
              -82.753466,
              36.004904
            ],
            [
              -82.753866,
              36.004604
            ],
            [
              -82.753945,
              36.004578
            ],
            [
              -82.754166,
              36.004504
            ],
            [
              -82.7544697,
              36.004304
            ],
            [
              -82.754666,
              36.004304
            ],
            [
              -82.754766,
              36.004304
            ],
            [
              -82.755266,
              36.004404
            ],
            [
              -82.755766,
              36.004404
            ],
            [
              -82.755966,
              36.004404
            ],
            [
              -82.756966,
              36.004304
            ],
            [
              -82.757566,
              36.004204
            ],
            [
              -82.757866,
              36.004204
            ],
            [
              -82.7583907,
              36.0040541
            ],
            [
              -82.758566,
              36.004004
            ],
            [
              -82.759066,
              36.004004
            ],
            [
              -82.759166,
              36.0040043
            ],
            [
              -82.759166,
              36.004204
            ],
            [
              -82.759666,
              36.004504
            ],
            [
              -82.759766,
              36.004604
            ],
            [
              -82.759766,
              36.004704
            ],
            [
              -82.760066,
              36.004904
            ],
            [
              -82.760466,
              36.004904
            ],
            [
              -82.760866,
              36.004904
            ],
            [
              -82.761466,
              36.004804
            ],
            [
              -82.761666,
              36.004804
            ],
            [
              -82.7620655,
              36.004804
            ],
            [
              -82.762066,
              36.004704
            ],
            [
              -82.7622668,
              36.0046986
            ],
            [
              -82.762366,
              36.004604
            ],
            [
              -82.7624372,
              36.004604
            ],
            [
              -82.762666,
              36.004604
            ],
            [
              -82.763066,
              36.004504
            ],
            [
              -82.7631648,
              36.0042077
            ],
            [
              -82.7633154,
              36.0041293
            ],
            [
              -82.764366,
              36.003604
            ],
            [
              -82.764466,
              36.003604
            ],
            [
              -82.764566,
              36.003504
            ],
            [
              -82.764766,
              36.003404
            ],
            [
              -82.764966,
              36.003304
            ],
            [
              -82.7652852,
              36.0030646
            ],
            [
              -82.765366,
              36.003004
            ],
            [
              -82.7654477,
              36.0029768
            ],
            [
              -82.765666,
              36.002904
            ],
            [
              -82.7657809,
              36.0028006
            ],
            [
              -82.766166,
              36.002704
            ],
            [
              -82.7662233,
              36.0026811
            ],
            [
              -82.766666,
              36.002504
            ],
            [
              -82.7668724,
              36.002504
            ],
            [
              -82.767066,
              36.002504
            ],
            [
              -82.767466,
              36.002404
            ],
            [
              -82.767966,
              36.002304
            ],
            [
              -82.768266,
              36.002204
            ],
            [
              -82.768566,
              36.002104
            ],
            [
              -82.768866,
              36.002004
            ],
            [
              -82.7690261,
              36.001924
            ],
            [
              -82.769266,
              36.001804
            ],
            [
              -82.7698843,
              36.0016911
            ],
            [
              -82.771266,
              36.001204
            ],
            [
              -82.7714047,
              36.0010653
            ],
            [
              -82.771466,
              36.001004
            ],
            [
              -82.771866,
              36.000804
            ],
            [
              -82.772037,
              36.000718
            ],
            [
              -82.772266,
              36.000604
            ],
            [
              -82.772566,
              36.000504
            ],
            [
              -82.772766,
              36.000504
            ],
            [
              -82.77431,
              36.000618
            ],
            [
              -82.7748605,
              36.000725
            ],
            [
              -82.774943,
              36.000741
            ],
            [
              -82.775866,
              36.000804
            ],
            [
              -82.775937,
              36.000566
            ],
            [
              -82.775966,
              36.000504
            ],
            [
              -82.775966,
              36.000447
            ],
            [
              -82.775966,
              36.000304
            ],
            [
              -82.776002,
              36.000104
            ],
            [
              -82.775852,
              35.9993583
            ],
            [
              -82.775782,
              35.99901
            ],
            [
              -82.7765214,
              35.9984352
            ],
            [
              -82.777283,
              35.998812
            ],
            [
              -82.777979,
              35.998051
            ],
            [
              -82.7785796,
              35.9970046
            ],
            [
              -82.778249,
              35.995991
            ],
            [
              -82.778839,
              35.994907
            ],
            [
              -82.779168,
              35.993487
            ],
            [
              -82.779388,
              35.992496
            ],
            [
              -82.7794761,
              35.9924537
            ],
            [
              -82.78024,
              35.992087
            ],
            [
              -82.7804414,
              35.9917234
            ],
            [
              -82.7806,
              35.991437
            ],
            [
              -82.7812958,
              35.991077
            ],
            [
              -82.781373,
              35.991037
            ],
            [
              -82.781663,
              35.9907992
            ],
            [
              -82.782202,
              35.990357
            ],
            [
              -82.783158,
              35.98984
            ],
            [
              -82.784547,
              35.98914
            ],
            [
              -82.7857028,
              35.9888038
            ],
            [
              -82.785254,
              35.987888
            ],
            [
              -82.785132,
              35.987084
            ],
            [
              -82.784998,
              35.98631
            ],
            [
              -82.785071,
              35.985059
            ],
            [
              -82.7852438,
              35.9841537
            ],
            [
              -82.784815,
              35.982797
            ],
            [
              -82.784175,
              35.981865
            ],
            [
              -82.784858,
              35.980973
            ],
            [
              -82.784983,
              35.98043
            ],
            [
              -82.785147,
              35.979706
            ],
            [
              -82.785431,
              35.978702
            ],
            [
              -82.7855588,
              35.9777971
            ],
            [
              -82.784602,
              35.977107
            ],
            [
              -82.7833112,
              35.9756482
            ],
            [
              -82.78181,
              35.974563
            ],
            [
              -82.7803193,
              35.9743662
            ],
            [
              -82.778626,
              35.974793
            ],
            [
              -82.777624,
              35.974314
            ],
            [
              -82.7764345,
              35.973886
            ],
            [
              -82.775889,
              35.973362
            ],
            [
              -82.7749069,
              35.9719776
            ],
            [
              -82.775753,
              35.971362
            ],
            [
              -82.7768325,
              35.9701638
            ],
            [
              -82.777265,
              35.968186
            ],
            [
              -82.777751,
              35.966913
            ],
            [
              -82.779252,
              35.966295
            ],
            [
              -82.7809014,
              35.9657738
            ],
            [
              -82.781524,
              35.965577
            ],
            [
              -82.7830497,
              35.9649964
            ],
            [
              -82.7830866,
              35.9649818
            ],
            [
              -82.784536,
              35.963906
            ],
            [
              -82.7853554,
              35.9625277
            ],
            [
              -82.78534,
              35.960965
            ],
            [
              -82.7851915,
              35.9592377
            ],
            [
              -82.786022,
              35.957453
            ],
            [
              -82.787035,
              35.955874
            ],
            [
              -82.7870365,
              35.9558265
            ],
            [
              -82.787064,
              35.954953
            ],
            [
              -82.7870865,
              35.9535205
            ],
            [
              -82.787088,
              35.953428
            ],
            [
              -82.787465,
              35.952164
            ],
            [
              -82.787637,
              35.952033
            ],
            [
              -82.7885266,
              35.9513582
            ],
            [
              -82.789754,
              35.951785
            ],
            [
              -82.790651,
              35.951183
            ],
            [
              -82.7914558,
              35.9509626
            ],
            [
              -82.79213,
              35.949622
            ],
            [
              -82.7931642,
              35.9488877
            ],
            [
              -82.793475,
              35.948667
            ],
            [
              -82.7942189,
              35.9476046
            ],
            [
              -82.794337,
              35.947436
            ],
            [
              -82.794517,
              35.947241
            ],
            [
              -82.795091,
              35.946619
            ],
            [
              -82.7958625,
              35.9465398
            ],
            [
              -82.796553,
              35.946469
            ],
            [
              -82.798047,
              35.945545
            ],
            [
              -82.799194,
              35.945045
            ],
            [
              -82.8004291,
              35.9441574
            ],
            [
              -82.801446,
              35.942673
            ],
            [
              -82.802111,
              35.941445
            ],
            [
              -82.8027347,
              35.9409685
            ],
            [
              -82.803424,
              35.940442
            ],
            [
              -82.804061,
              35.93932
            ],
            [
              -82.8043827,
              35.9386871
            ],
            [
              -82.805851,
              35.937939
            ],
            [
              -82.806174,
              35.936909
            ],
            [
              -82.806018,
              35.935697
            ],
            [
              -82.80494,
              35.934134
            ],
            [
              -82.8045386,
              35.9335472
            ],
            [
              -82.8028425,
              35.9300365
            ],
            [
              -82.802808,
              35.929965
            ],
            [
              -82.80293,
              35.928904
            ],
            [
              -82.805834,
              35.927111
            ],
            [
              -82.8098771,
              35.9268533
            ],
            [
              -82.811122,
              35.926774
            ],
            [
              -82.8126509,
              35.9255688
            ],
            [
              -82.813498,
              35.925338
            ],
            [
              -82.815129,
              35.925654
            ],
            [
              -82.81541,
              35.924529
            ],
            [
              -82.81613,
              35.923986
            ],
            [
              -82.818315,
              35.923455
            ],
            [
              -82.819721,
              35.92262
            ],
            [
              -82.820411,
              35.922077
            ],
            [
              -82.8218621,
              35.9218401
            ],
            [
              -82.82257,
              35.922531
            ],
            [
              -82.82297,
              35.923994
            ],
            [
              -82.8235398,
              35.9251864
            ],
            [
              -82.8235662,
              35.9252387
            ],
            [
              -82.824924,
              35.926258
            ],
            [
              -82.825568,
              35.927105
            ],
            [
              -82.826252,
              35.927563
            ],
            [
              -82.826603,
              35.92818
            ],
            [
              -82.8258742,
              35.9291498
            ],
            [
              -82.826046,
              35.929721
            ],
            [
              -82.826592,
              35.930246
            ],
            [
              -82.827287,
              35.93114
            ],
            [
              -82.828231,
              35.932135
            ],
            [
              -82.8289338,
              35.932932
            ],
            [
              -82.830112,
              35.932972
            ],
            [
              -82.8309731,
              35.932509
            ],
            [
              -82.831882,
              35.932898
            ],
            [
              -82.8328771,
              35.9332065
            ],
            [
              -82.833011,
              35.933754
            ],
            [
              -82.833268,
              35.934993
            ],
            [
              -82.8338122,
              35.9358161
            ],
            [
              -82.834741,
              35.936158
            ],
            [
              -82.8353049,
              35.9366916
            ],
            [
              -82.835338,
              35.936723
            ],
            [
              -82.8363816,
              35.937323
            ],
            [
              -82.837827,
              35.937309
            ],
            [
              -82.8388311,
              35.9374482
            ],
            [
              -82.8391921,
              35.9380831
            ],
            [
              -82.839254,
              35.938192
            ],
            [
              -82.839236,
              35.939112
            ],
            [
              -82.839994,
              35.940167
            ],
            [
              -82.840555,
              35.940877
            ],
            [
              -82.841259,
              35.941722
            ],
            [
              -82.841938,
              35.941987
            ],
            [
              -82.843525,
              35.942053
            ],
            [
              -82.8445932,
              35.9420631
            ],
            [
              -82.844728,
              35.942698
            ],
            [
              -82.8446871,
              35.9430997
            ],
            [
              -82.844608,
              35.943878
            ],
            [
              -82.8448774,
              35.9452304
            ],
            [
              -82.845844,
              35.946313
            ],
            [
              -82.846444,
              35.946135
            ],
            [
              -82.8475126,
              35.946128
            ],
            [
              -82.84897,
              35.947027
            ],
            [
              -82.8498491,
              35.9477732
            ],
            [
              -82.850578,
              35.948852
            ],
            [
              -82.851134,
              35.949304
            ],
            [
              -82.851641,
              35.9495614
            ],
            [
              -82.8522642,
              35.9494236
            ],
            [
              -82.852555,
              35.94909
            ],
            [
              -82.853797,
              35.948854
            ],
            [
              -82.855815,
              35.948349
            ],
            [
              -82.857494,
              35.948139
            ],
            [
              -82.8580167,
              35.9480667
            ],
            [
              -82.858925,
              35.947941
            ],
            [
              -82.859545,
              35.947787
            ],
            [
              -82.8607279,
              35.9474336
            ],
            [
              -82.861405,
              35.947719
            ],
            [
              -82.8626,
              35.948404
            ],
            [
              -82.86357,
              35.948809
            ],
            [
              -82.864683,
              35.949003
            ],
            [
              -82.8664858,
              35.9496016
            ],
            [
              -82.867233,
              35.95045
            ],
            [
              -82.868088,
              35.950591
            ],
            [
              -82.8693157,
              35.9505659
            ],
            [
              -82.869832,
              35.951018
            ],
            [
              -82.870667,
              35.95199
            ],
            [
              -82.871553,
              35.952171
            ],
            [
              -82.873054,
              35.952408
            ],
            [
              -82.8741627,
              35.952695
            ],
            [
              -82.874868,
              35.95237
            ],
            [
              -82.876053,
              35.951638
            ],
            [
              -82.877444,
              35.951025
            ],
            [
              -82.878005,
              35.9504829
            ],
            [
              -82.879311,
              35.950222
            ],
            [
              -82.8794583,
              35.9502027
            ],
            [
              -82.880902,
              35.950014
            ],
            [
              -82.882453,
              35.94983
            ],
            [
              -82.883255,
              35.949637
            ],
            [
              -82.8836126,
              35.9494023
            ],
            [
              -82.883933,
              35.949192
            ],
            [
              -82.885407,
              35.948878
            ],
            [
              -82.886714,
              35.948594
            ],
            [
              -82.8872748,
              35.9486967
            ],
            [
              -82.887697,
              35.948774
            ],
            [
              -82.889132,
              35.9483386
            ],
            [
              -82.88978,
              35.947506
            ],
            [
              -82.890794,
              35.946468
            ],
            [
              -82.891951,
              35.945731
            ],
            [
              -82.8926597,
              35.9451822
            ],
            [
              -82.89374,
              35.944871
            ],
            [
              -82.895416,
              35.944889
            ],
            [
              -82.896948,
              35.944624
            ],
            [
              -82.897636,
              35.94482
            ],
            [
              -82.897977,
              35.944918
            ],
            [
              -82.898506,
              35.945101
            ],
            [
              -82.898636,
              35.944799
            ],
            [
              -82.898813,
              35.944391
            ],
            [
              -82.898992,
              35.943977
            ],
            [
              -82.8991797,
              35.9435443
            ],
            [
              -82.899384,
              35.943073
            ],
            [
              -82.9001387,
              35.941336
            ],
            [
              -82.9017128,
              35.9377085
            ],
            [
              -82.901687,
              35.936994
            ],
            [
              -82.9016458,
              35.936943
            ],
            [
              -82.901253,
              35.936457
            ],
            [
              -82.901525,
              35.935572
            ],
            [
              -82.900959,
              35.934703
            ],
            [
              -82.900433,
              35.934366
            ],
            [
              -82.900237,
              35.933759
            ],
            [
              -82.900307,
              35.933179
            ],
            [
              -82.899676,
              35.932623
            ],
            [
              -82.899477,
              35.932226
            ],
            [
              -82.8996401,
              35.9317279
            ],
            [
              -82.899399,
              35.931087
            ],
            [
              -82.8990075,
              35.9303818
            ],
            [
              -82.899288,
              35.929577
            ],
            [
              -82.8997647,
              35.9293334
            ],
            [
              -82.900323,
              35.929048
            ],
            [
              -82.900362,
              35.928507
            ],
            [
              -82.901008,
              35.928208
            ],
            [
              -82.901624,
              35.927384
            ],
            [
              -82.9020978,
              35.9268162
            ],
            [
              -82.902968,
              35.926632
            ],
            [
              -82.903872,
              35.926214
            ],
            [
              -82.90483,
              35.926103
            ],
            [
              -82.906009,
              35.926286
            ],
            [
              -82.907456,
              35.926891
            ],
            [
              -82.908189,
              35.927262
            ],
            [
              -82.910176,
              35.927461
            ],
            [
              -82.91103,
              35.9277871
            ],
            [
              -82.911533,
              35.928145
            ],
            [
              -82.911705,
              35.928422
            ],
            [
              -82.911815,
              35.928899
            ],
            [
              -82.912052,
              35.929426
            ],
            [
              -82.912696,
              35.929583
            ],
            [
              -82.914424,
              35.929702
            ],
            [
              -82.9145553,
              35.929658
            ],
            [
              -82.916015,
              35.929169
            ],
            [
              -82.918175,
              35.928924
            ],
            [
              -82.9195565,
              35.9288562
            ],
            [
              -82.92007,
              35.928831
            ],
            [
              -82.920188,
              35.928444
            ],
            [
              -82.920283,
              35.927715
            ],
            [
              -82.920596,
              35.927224
            ],
            [
              -82.919928,
              35.926381
            ],
            [
              -82.919393,
              35.925786
            ],
            [
              -82.918649,
              35.92536
            ],
            [
              -82.917877,
              35.924919
            ],
            [
              -82.916972,
              35.92406
            ],
            [
              -82.9164271,
              35.9241481
            ],
            [
              -82.916162,
              35.924191
            ],
            [
              -82.91548,
              35.924409
            ],
            [
              -82.914827,
              35.924325
            ],
            [
              -82.913894,
              35.924382
            ],
            [
              -82.913556,
              35.9241168
            ],
            [
              -82.913411,
              35.924003
            ],
            [
              -82.913544,
              35.922817
            ],
            [
              -82.913582,
              35.921667
            ],
            [
              -82.913298,
              35.920923
            ],
            [
              -82.912976,
              35.920355
            ],
            [
              -82.912379,
              35.920106
            ],
            [
              -82.9119,
              35.919611
            ],
            [
              -82.911952,
              35.918909
            ],
            [
              -82.912208,
              35.91846
            ],
            [
              -82.912455,
              35.917904
            ],
            [
              -82.91254,
              35.917686
            ],
            [
              -82.912132,
              35.917279
            ],
            [
              -82.9118438,
              35.9166705
            ],
            [
              -82.911782,
              35.91654
            ],
            [
              -82.912099,
              35.91621
            ],
            [
              -82.913255,
              35.915589
            ],
            [
              -82.9139839,
              35.9153047
            ],
            [
              -82.914201,
              35.91522
            ],
            [
              -82.914486,
              35.914937
            ],
            [
              -82.913942,
              35.914557
            ],
            [
              -82.91334,
              35.914047
            ],
            [
              -82.913099,
              35.913498
            ],
            [
              -82.912691,
              35.913318
            ],
            [
              -82.912019,
              35.913257
            ],
            [
              -82.911185,
              35.912873
            ],
            [
              -82.910678,
              35.91267
            ],
            [
              -82.910356,
              35.911976
            ],
            [
              -82.909878,
              35.911021
            ],
            [
              -82.909404,
              35.910948
            ],
            [
              -82.908812,
              35.911113
            ],
            [
              -82.908258,
              35.911063
            ],
            [
              -82.908196,
              35.910334
            ],
            [
              -82.908329,
              35.90964
            ],
            [
              -82.908259,
              35.909248
            ],
            [
              -82.907725,
              35.908561
            ],
            [
              -82.9069183,
              35.9073985
            ],
            [
              -82.907547,
              35.906397
            ],
            [
              -82.908418,
              35.905075
            ],
            [
              -82.907789,
              35.903882
            ],
            [
              -82.9066633,
              35.9034901
            ],
            [
              -82.90612,
              35.903
            ],
            [
              -82.90588,
              35.90236
            ],
            [
              -82.905725,
              35.901947
            ],
            [
              -82.904961,
              35.899478
            ],
            [
              -82.904813,
              35.897854
            ],
            [
              -82.904543,
              35.897012
            ],
            [
              -82.903992,
              35.896393
            ],
            [
              -82.903135,
              35.895326
            ],
            [
              -82.902785,
              35.894492
            ],
            [
              -82.902175,
              35.893396
            ],
            [
              -82.901109,
              35.892956
            ],
            [
              -82.90123,
              35.892239
            ],
            [
              -82.902097,
              35.8914729
            ],
            [
              -82.902141,
              35.891434
            ],
            [
              -82.9020525,
              35.8903901
            ],
            [
              -82.902891,
              35.888643
            ],
            [
              -82.904005,
              35.887485
            ],
            [
              -82.905166,
              35.886408
            ],
            [
              -82.906231,
              35.8852658
            ],
            [
              -82.906528,
              35.884091
            ],
            [
              -82.906407,
              35.883695
            ],
            [
              -82.905829,
              35.882994
            ],
            [
              -82.905202,
              35.8827619
            ],
            [
              -82.905054,
              35.882236
            ],
            [
              -82.90435,
              35.881421
            ],
            [
              -82.9035599,
              35.8803797
            ],
            [
              -82.902859,
              35.880565
            ],
            [
              -82.902056,
              35.880823
            ],
            [
              -82.9012463,
              35.8807525
            ],
            [
              -82.901103,
              35.88074
            ],
            [
              -82.9009819,
              35.8807951
            ],
            [
              -82.90003,
              35.881228
            ],
            [
              -82.899658,
              35.881119
            ],
            [
              -82.8992842,
              35.8810686
            ],
            [
              -82.899206,
              35.881058
            ],
            [
              -82.8990267,
              35.88111
            ],
            [
              -82.898672,
              35.881213
            ],
            [
              -82.8979834,
              35.8812777
            ],
            [
              -82.897162,
              35.880826
            ],
            [
              -82.896325,
              35.8803
            ],
            [
              -82.896098,
              35.879749
            ],
            [
              -82.896238,
              35.879129
            ],
            [
              -82.896584,
              35.878471
            ],
            [
              -82.897274,
              35.877882
            ],
            [
              -82.8978895,
              35.8776005
            ],
            [
              -82.89793,
              35.877582
            ],
            [
              -82.8979918,
              35.8774778
            ],
            [
              -82.898234,
              35.877069
            ],
            [
              -82.8987611,
              35.8765547
            ],
            [
              -82.898896,
              35.876423
            ],
            [
              -82.8994018,
              35.8757854
            ],
            [
              -82.899521,
              35.875102
            ],
            [
              -82.899674,
              35.874859
            ],
            [
              -82.899743,
              35.874391
            ],
            [
              -82.900002,
              35.873891
            ],
            [
              -82.900408,
              35.873335
            ],
            [
              -82.901302,
              35.872593
            ],
            [
              -82.901857,
              35.872456
            ],
            [
              -82.902572,
              35.872335
            ],
            [
              -82.903365,
              35.871964
            ],
            [
              -82.9039333,
              35.8718101
            ],
            [
              -82.90531,
              35.871254
            ],
            [
              -82.906015,
              35.87077
            ],
            [
              -82.9063784,
              35.8703091
            ],
            [
              -82.906531,
              35.870254
            ],
            [
              -82.907156,
              35.870125
            ],
            [
              -82.907592,
              35.869915
            ],
            [
              -82.9078032,
              35.8697497
            ],
            [
              -82.9079,
              35.869674
            ],
            [
              -82.9081937,
              35.8695964
            ],
            [
              -82.908604,
              35.869488
            ],
            [
              -82.909616,
              35.86919
            ],
            [
              -82.91037,
              35.868827
            ],
            [
              -82.9107272,
              35.8686017
            ],
            [
              -82.911204,
              35.868657
            ],
            [
              -82.91164,
              35.868714
            ],
            [
              -82.9121007,
              35.8685835
            ],
            [
              -82.912265,
              35.868537
            ],
            [
              -82.913009,
              35.868472
            ],
            [
              -82.9136133,
              35.8685638
            ],
            [
              -82.913753,
              35.868585
            ],
            [
              -82.914755,
              35.868722
            ],
            [
              -82.91545,
              35.868754
            ],
            [
              -82.916085,
              35.868722
            ],
            [
              -82.918684,
              35.868722
            ],
            [
              -82.919289,
              35.86869
            ],
            [
              -82.919924,
              35.868601
            ],
            [
              -82.9206083,
              35.8684718
            ],
            [
              -82.920837,
              35.868109
            ],
            [
              -82.920807,
              35.867601
            ],
            [
              -82.920887,
              35.86702
            ],
            [
              -82.921174,
              35.866343
            ],
            [
              -82.921164,
              35.865875
            ],
            [
              -82.9210782,
              35.8656136
            ],
            [
              -82.920877,
              35.864996
            ],
            [
              -82.920867,
              35.864625
            ],
            [
              -82.921214,
              35.863826
            ],
            [
              -82.9212503,
              35.8637463
            ],
            [
              -82.921442,
              35.863326
            ],
            [
              -82.921333,
              35.8628424
            ],
            [
              -82.920906,
              35.862253
            ],
            [
              -82.920529,
              35.861608
            ],
            [
              -82.92046,
              35.861366
            ],
            [
              -82.920093,
              35.861156
            ],
            [
              -82.919468,
              35.860842
            ],
            [
              -82.9191673,
              35.8606314
            ],
            [
              -82.918754,
              35.860342
            ],
            [
              -82.918575,
              35.860027
            ],
            [
              -82.918506,
              35.859148
            ],
            [
              -82.918644,
              35.858745
            ],
            [
              -82.91924,
              35.858244
            ],
            [
              -82.9196595,
              35.8578426
            ],
            [
              -82.919795,
              35.857285
            ],
            [
              -82.920132,
              35.856502
            ],
            [
              -82.920281,
              35.856026
            ],
            [
              -82.920321,
              35.855502
            ],
            [
              -82.9202421,
              35.8551956
            ],
            [
              -82.919904,
              35.854784
            ],
            [
              -82.919835,
              35.854566
            ],
            [
              -82.919825,
              35.854381
            ],
            [
              -82.920063,
              35.853808
            ],
            [
              -82.9200889,
              35.8537412
            ],
            [
              -82.920291,
              35.853219
            ],
            [
              -82.92027,
              35.852921
            ],
            [
              -82.920241,
              35.852614
            ],
            [
              -82.919973,
              35.852421
            ],
            [
              -82.9199421,
              35.8523517
            ],
            [
              -82.919883,
              35.852219
            ],
            [
              -82.9199138,
              35.8520891
            ],
            [
              -82.920062,
              35.851913
            ],
            [
              -82.920578,
              35.851622
            ],
            [
              -82.920905,
              35.851316
            ],
            [
              -82.920974,
              35.851074
            ],
            [
              -82.920905,
              35.850743
            ],
            [
              -82.920657,
              35.850477
            ],
            [
              -82.92028,
              35.850227
            ],
            [
              -82.9199138,
              35.8498727
            ],
            [
              -82.9198226,
              35.8496857
            ],
            [
              -82.919764,
              35.849348
            ],
            [
              -82.919824,
              35.848339
            ],
            [
              -82.919804,
              35.848178
            ],
            [
              -82.919735,
              35.847912
            ],
            [
              -82.919219,
              35.847428
            ],
            [
              -82.91903,
              35.847025
            ],
            [
              -82.918832,
              35.846428
            ],
            [
              -82.918574,
              35.845887
            ],
            [
              -82.918356,
              35.845468
            ],
            [
              -82.918058,
              35.845202
            ],
            [
              -82.9173942,
              35.8446132
            ],
            [
              -82.917215,
              35.844234
            ],
            [
              -82.9172078,
              35.8441124
            ],
            [
              -82.917166,
              35.843411
            ],
            [
              -82.917027,
              35.842991
            ],
            [
              -82.91669,
              35.842419
            ],
            [
              -82.9163904,
              35.8419168
            ],
            [
              -82.916303,
              35.84179
            ],
            [
              -82.916273,
              35.841604
            ],
            [
              -82.916552,
              35.84137
            ],
            [
              -82.917435,
              35.841144
            ],
            [
              -82.917901,
              35.841056
            ],
            [
              -82.9184611,
              35.8410217
            ],
            [
              -82.918833,
              35.840999
            ],
            [
              -82.9192094,
              35.8408223
            ],
            [
              -82.919508,
              35.840588
            ],
            [
              -82.919736,
              35.84012
            ],
            [
              -82.920023,
              35.83958
            ],
            [
              -82.920212,
              35.839386
            ],
            [
              -82.920727,
              35.839321
            ],
            [
              -82.921987,
              35.839225
            ],
            [
              -82.9236314,
              35.839102
            ],
            [
              -82.924012,
              35.83906
            ],
            [
              -82.924427,
              35.839015
            ],
            [
              -82.9261532,
              35.8387811
            ],
            [
              -82.9262304,
              35.8387707
            ],
            [
              -82.926817,
              35.838692
            ],
            [
              -82.927249,
              35.838631
            ],
            [
              -82.92757,
              35.838586
            ],
            [
              -82.928929,
              35.838191
            ],
            [
              -82.929514,
              35.838038
            ],
            [
              -82.930188,
              35.837812
            ],
            [
              -82.931021,
              35.837666
            ],
            [
              -82.931914,
              35.837529
            ],
            [
              -82.932132,
              35.837449
            ],
            [
              -82.932767,
              35.837174
            ],
            [
              -82.933183,
              35.836956
            ],
            [
              -82.933689,
              35.836803
            ],
            [
              -82.9339953,
              35.8366343
            ],
            [
              -82.934036,
              35.836521
            ],
            [
              -82.933957,
              35.836359
            ],
            [
              -82.9338644,
              35.8362415
            ],
            [
              -82.9335,
              35.835779
            ],
            [
              -82.933143,
              35.835295
            ],
            [
              -82.932955,
              35.834972
            ],
            [
              -82.932846,
              35.834641
            ],
            [
              -82.932856,
              35.834351
            ],
            [
              -82.932836,
              35.833819
            ],
            [
              -82.932796,
              35.833569
            ],
            [
              -82.9328554,
              35.8332377
            ],
            [
              -82.933222,
              35.832915
            ],
            [
              -82.933649,
              35.832706
            ],
            [
              -82.933877,
              35.83252
            ],
            [
              -82.933956,
              35.832375
            ],
            [
              -82.933946,
              35.832213
            ],
            [
              -82.933777,
              35.831746
            ],
            [
              -82.933797,
              35.83152
            ],
            [
              -82.933797,
              35.831278
            ],
            [
              -82.933708,
              35.831133
            ],
            [
              -82.933291,
              35.830737
            ],
            [
              -82.933192,
              35.830625
            ],
            [
              -82.9331946,
              35.8304527
            ],
            [
              -82.933549,
              35.830132
            ],
            [
              -82.934441,
              35.829318
            ],
            [
              -82.9346481,
              35.8290204
            ],
            [
              -82.9346866,
              35.8289213
            ],
            [
              -82.9347393,
              35.8287831
            ],
            [
              -82.934798,
              35.828414
            ],
            [
              -82.935026,
              35.827963
            ],
            [
              -82.935264,
              35.827301
            ],
            [
              -82.9353892,
              35.8270642
            ],
            [
              -82.935631,
              35.826607
            ],
            [
              -82.935769,
              35.826188
            ],
            [
              -82.9359566,
              35.8255636
            ],
            [
              -82.936176,
              35.825438
            ],
            [
              -82.93685,
              35.825357
            ],
            [
              -82.937653,
              35.825341
            ],
            [
              -82.937805,
              35.825376
            ],
            [
              -82.9380307,
              35.8254373
            ],
            [
              -82.938218,
              35.825518
            ],
            [
              -82.938645,
              35.825841
            ],
            [
              -82.938774,
              35.825881
            ],
            [
              -82.93924,
              35.825792
            ],
            [
              -82.939716,
              35.825711
            ],
            [
              -82.940093,
              35.825744
            ],
            [
              -82.940985,
              35.825856
            ],
            [
              -82.942274,
              35.825759
            ],
            [
              -82.9438299,
              35.8256379
            ],
            [
              -82.944287,
              35.825493
            ],
            [
              -82.94503,
              35.824993
            ],
            [
              -82.945516,
              35.824662
            ],
            [
              -82.945843,
              35.824299
            ],
            [
              -82.946279,
              35.823589
            ],
            [
              -82.9468027,
              35.8230345
            ],
            [
              -82.946884,
              35.822758
            ],
            [
              -82.946735,
              35.82221
            ],
            [
              -82.946695,
              35.822
            ],
            [
              -82.946983,
              35.82175
            ],
            [
              -82.947706,
              35.820999
            ],
            [
              -82.948241,
              35.820201
            ],
            [
              -82.9485388,
              35.8198926
            ],
            [
              -82.948459,
              35.819346
            ],
            [
              -82.94829,
              35.818676
            ],
            [
              -82.9481285,
              35.8182338
            ],
            [
              -82.948072,
              35.818079
            ],
            [
              -82.948022,
              35.817805
            ],
            [
              -82.948181,
              35.81762
            ],
            [
              -82.948548,
              35.817394
            ],
            [
              -82.948994,
              35.817063
            ],
            [
              -82.949469,
              35.816514
            ],
            [
              -82.949796,
              35.816272
            ],
            [
              -82.9500466,
              35.816277
            ],
            [
              -82.950134,
              35.81628
            ],
            [
              -82.95052,
              35.816417
            ],
            [
              -82.950986,
              35.816748
            ],
            [
              -82.951314,
              35.81682
            ],
            [
              -82.951532,
              35.816756
            ],
            [
              -82.952027,
              35.816183
            ],
            [
              -82.952314,
              35.815417
            ],
            [
              -82.952701,
              35.814916
            ],
            [
              -82.952889,
              35.814545
            ],
            [
              -82.953216,
              35.814255
            ],
            [
              -82.9537614,
              35.8137605
            ],
            [
              -82.9538511,
              35.8135522
            ],
            [
              -82.95389,
              35.812956
            ],
            [
              -82.953939,
              35.812674
            ],
            [
              -82.954137,
              35.812351
            ],
            [
              -82.9545049,
              35.8118951
            ],
            [
              -82.954534,
              35.811859
            ],
            [
              -82.954702,
              35.811569
            ],
            [
              -82.9549088,
              35.8108789
            ],
            [
              -82.9549954,
              35.8106579
            ],
            [
              -82.955396,
              35.810213
            ],
            [
              -82.955752,
              35.809802
            ],
            [
              -82.95596,
              35.809213
            ],
            [
              -82.95598,
              35.808269
            ],
            [
              -82.9561239,
              35.807885
            ],
            [
              -82.956604,
              35.807309
            ],
            [
              -82.9566446,
              35.8072709
            ],
            [
              -82.95706,
              35.806881
            ],
            [
              -82.9575149,
              35.8062513
            ],
            [
              -82.957921,
              35.805462
            ],
            [
              -82.958278,
              35.804655
            ],
            [
              -82.9584651,
              35.8040849
            ],
            [
              -82.958951,
              35.803324
            ],
            [
              -82.959427,
              35.80267
            ],
            [
              -82.959883,
              35.802235
            ],
            [
              -82.960507,
              35.801767
            ],
            [
              -82.960873,
              35.80146
            ],
            [
              -82.9612503,
              35.8011205
            ],
            [
              -82.961725,
              35.800492
            ],
            [
              -82.961904,
              35.799863
            ],
            [
              -82.961922,
              35.799567
            ],
            [
              -82.961943,
              35.79925
            ],
            [
              -82.961943,
              35.799193
            ],
            [
              -82.961863,
              35.798637
            ],
            [
              -82.961903,
              35.798169
            ],
            [
              -82.961942,
              35.797604
            ],
            [
              -82.961863,
              35.797209
            ],
            [
              -82.961724,
              35.797039
            ],
            [
              -82.9617144,
              35.7969197
            ],
            [
              -82.961793,
              35.796838
            ],
            [
              -82.962269,
              35.796434
            ],
            [
              -82.962417,
              35.796055
            ],
            [
              -82.962678,
              35.795727
            ],
            [
              -82.962802,
              35.795571
            ],
            [
              -82.962842,
              35.795127
            ],
            [
              -82.962772,
              35.794039
            ],
            [
              -82.9626231,
              35.7933617
            ],
            [
              -82.962206,
              35.792756
            ],
            [
              -82.96179,
              35.792264
            ],
            [
              -82.961766,
              35.792156
            ],
            [
              -82.96169,
              35.791813
            ],
            [
              -82.96164,
              35.791055
            ],
            [
              -82.960857,
              35.79099
            ],
            [
              -82.960309,
              35.790873
            ],
            [
              -82.960025,
              35.790813
            ],
            [
              -82.959876,
              35.790708
            ],
            [
              -82.959757,
              35.790402
            ],
            [
              -82.959638,
              35.790103
            ],
            [
              -82.95941,
              35.789878
            ],
            [
              -82.959192,
              35.789676
            ],
            [
              -82.9590631,
              35.7893606
            ],
            [
              -82.959152,
              35.789119
            ],
            [
              -82.95931,
              35.788587
            ],
            [
              -82.959379,
              35.788006
            ],
            [
              -82.959504,
              35.787433
            ],
            [
              -82.959488,
              35.787313
            ],
            [
              -82.959508,
              35.787071
            ],
            [
              -82.959428,
              35.786958
            ],
            [
              -82.959319,
              35.786813
            ],
            [
              -82.959012,
              35.786619
            ],
            [
              -82.958834,
              35.786498
            ],
            [
              -82.9587152,
              35.7862645
            ],
            [
              -82.9583456,
              35.7860436
            ],
            [
              -82.957912,
              35.785926
            ],
            [
              -82.957649,
              35.78583
            ],
            [
              -82.957238,
              35.785547
            ],
            [
              -82.956891,
              35.785305
            ],
            [
              -82.9567624,
              35.785118
            ],
            [
              -82.956861,
              35.784845
            ],
            [
              -82.957059,
              35.784514
            ],
            [
              -82.957386,
              35.784208
            ],
            [
              -82.957621,
              35.783977
            ],
            [
              -82.957687,
              35.783912
            ],
            [
              -82.957747,
              35.78355
            ],
            [
              -82.957606,
              35.783249
            ],
            [
              -82.957315,
              35.782648
            ],
            [
              -82.957229,
              35.782467
            ],
            [
              -82.957079,
              35.782383
            ],
            [
              -82.956925,
              35.782371
            ],
            [
              -82.95675,
              35.78234
            ],
            [
              -82.9566877,
              35.7823441
            ],
            [
              -82.956229,
              35.782374
            ],
            [
              -82.955736,
              35.782607
            ],
            [
              -82.955516,
              35.782606
            ],
            [
              -82.955264,
              35.782478
            ],
            [
              -82.954918,
              35.782005
            ],
            [
              -82.954591,
              35.78158
            ],
            [
              -82.954396,
              35.781337
            ],
            [
              -82.9543827,
              35.781275
            ],
            [
              -82.954312,
              35.780945
            ],
            [
              -82.954081,
              35.78055
            ],
            [
              -82.953833,
              35.780096
            ],
            [
              -82.953261,
              35.77975
            ],
            [
              -82.953105,
              35.779732
            ],
            [
              -82.95295,
              35.77956
            ],
            [
              -82.952713,
              35.779332
            ],
            [
              -82.9526738,
              35.7792127
            ],
            [
              -82.952132,
              35.779177
            ],
            [
              -82.951748,
              35.779019
            ],
            [
              -82.95168,
              35.778981
            ],
            [
              -82.951638,
              35.778927
            ],
            [
              -82.951699,
              35.778798
            ],
            [
              -82.952158,
              35.778308
            ],
            [
              -82.952373,
              35.778007
            ],
            [
              -82.952458,
              35.777798
            ],
            [
              -82.952461,
              35.777603
            ],
            [
              -82.952198,
              35.777098
            ],
            [
              -82.952006,
              35.776861
            ],
            [
              -82.9520051,
              35.776778
            ],
            [
              -82.952,
              35.776316
            ],
            [
              -82.951988,
              35.775714
            ],
            [
              -82.951919,
              35.7755
            ],
            [
              -82.951501,
              35.775214
            ],
            [
              -82.951201,
              35.774927
            ],
            [
              -82.9509441,
              35.7746194
            ],
            [
              -82.950882,
              35.774545
            ],
            [
              -82.950613,
              35.774413
            ],
            [
              -82.950378,
              35.774391
            ],
            [
              -82.950323,
              35.774276
            ],
            [
              -82.950207,
              35.773585
            ],
            [
              -82.950265,
              35.77336
            ],
            [
              -82.950494,
              35.773163
            ],
            [
              -82.950709,
              35.773016
            ],
            [
              -82.950934,
              35.772899
            ],
            [
              -82.951138,
              35.772881
            ],
            [
              -82.951402,
              35.772792
            ],
            [
              -82.951624,
              35.772631
            ],
            [
              -82.95178,
              35.772309
            ],
            [
              -82.951708,
              35.771798
            ],
            [
              -82.951822,
              35.771447
            ],
            [
              -82.9520929,
              35.7710239
            ],
            [
              -82.9521458,
              35.7707854
            ],
            [
              -82.952178,
              35.770634
            ],
            [
              -82.952108,
              35.770273
            ],
            [
              -82.951937,
              35.769921
            ],
            [
              -82.951726,
              35.769603
            ],
            [
              -82.951335,
              35.769414
            ],
            [
              -82.951136,
              35.76917
            ],
            [
              -82.951069,
              35.768907
            ],
            [
              -82.951251,
              35.768455
            ],
            [
              -82.951376,
              35.768138
            ],
            [
              -82.951419,
              35.767847
            ],
            [
              -82.951371,
              35.767525
            ],
            [
              -82.951183,
              35.767315
            ],
            [
              -82.95093,
              35.766948
            ],
            [
              -82.950641,
              35.766773
            ],
            [
              -82.950352,
              35.766597
            ],
            [
              -82.950091,
              35.766313
            ],
            [
              -82.950042,
              35.765967
            ],
            [
              -82.949963,
              35.765733
            ],
            [
              -82.950126,
              35.765352
            ],
            [
              -82.951055,
              35.764061
            ],
            [
              -82.951812,
              35.762888
            ],
            [
              -82.952207,
              35.762228
            ],
            [
              -82.952509,
              35.761913
            ],
            [
              -82.9526348,
              35.7618395
            ],
            [
              -82.95292,
              35.761673
            ],
            [
              -82.953185,
              35.761314
            ],
            [
              -82.953185,
              35.761055
            ],
            [
              -82.952897,
              35.760649
            ],
            [
              -82.95284,
              35.76059
            ],
            [
              -82.952637,
              35.760126
            ],
            [
              -82.952764,
              35.759523
            ],
            [
              -82.953051,
              35.759032
            ],
            [
              -82.95331,
              35.758427
            ],
            [
              -82.9534078,
              35.7583278
            ],
            [
              -82.953655,
              35.758077
            ],
            [
              -82.953995,
              35.757882
            ],
            [
              -82.954186,
              35.757816
            ],
            [
              -82.954469,
              35.757849
            ],
            [
              -82.954743,
              35.757946
            ],
            [
              -82.954887,
              35.758178
            ],
            [
              -82.954941,
              35.758287
            ],
            [
              -82.955239,
              35.758536
            ],
            [
              -82.955573,
              35.758739
            ],
            [
              -82.9556473,
              35.7587623
            ],
            [
              -82.955809,
              35.758813
            ],
            [
              -82.9558754,
              35.7588066
            ],
            [
              -82.9559744,
              35.7587969
            ],
            [
              -82.956087,
              35.758786
            ],
            [
              -82.956424,
              35.758574
            ],
            [
              -82.956613,
              35.758336
            ],
            [
              -82.956602,
              35.758027
            ],
            [
              -82.956589,
              35.757704
            ],
            [
              -82.956715,
              35.757547
            ],
            [
              -82.956903,
              35.757383
            ],
            [
              -82.957161,
              35.757122
            ],
            [
              -82.957177,
              35.756662
            ],
            [
              -82.957042,
              35.756013
            ],
            [
              -82.956944,
              35.755686
            ],
            [
              -82.956949,
              35.755412
            ],
            [
              -82.956936,
              35.755014
            ],
            [
              -82.956764,
              35.75439
            ],
            [
              -82.956745,
              35.753778
            ],
            [
              -82.956778,
              35.753231
            ],
            [
              -82.956693,
              35.752804
            ],
            [
              -82.956553,
              35.752544
            ],
            [
              -82.956329,
              35.752227
            ],
            [
              -82.955896,
              35.7519115
            ],
            [
              -82.955861,
              35.751886
            ],
            [
              -82.955647,
              35.751517
            ],
            [
              -82.9556482,
              35.7514221
            ],
            [
              -82.95565,
              35.751274
            ],
            [
              -82.955642,
              35.750896
            ],
            [
              -82.955534,
              35.750647
            ],
            [
              -82.955498,
              35.750564
            ],
            [
              -82.9553146,
              35.7503575
            ],
            [
              -82.955281,
              35.750256
            ],
            [
              -82.955311,
              35.750076
            ],
            [
              -82.955643,
              35.749868
            ],
            [
              -82.955845,
              35.749535
            ],
            [
              -82.955955,
              35.749268
            ],
            [
              -82.955952,
              35.748741
            ],
            [
              -82.956351,
              35.748359
            ],
            [
              -82.956864,
              35.748136
            ],
            [
              -82.9572859,
              35.747883
            ],
            [
              -82.9573338,
              35.7478136
            ],
            [
              -82.9574038,
              35.7476844
            ],
            [
              -82.957488,
              35.747529
            ],
            [
              -82.957284,
              35.746944
            ],
            [
              -82.956982,
              35.746516
            ],
            [
              -82.956284,
              35.746305
            ],
            [
              -82.955717,
              35.746267
            ],
            [
              -82.954938,
              35.746275
            ],
            [
              -82.954019,
              35.745958
            ],
            [
              -82.95387,
              35.74588
            ],
            [
              -82.9536518,
              35.7457287
            ],
            [
              -82.953524,
              35.74564
            ],
            [
              -82.953218,
              35.745319
            ],
            [
              -82.953163,
              35.744896
            ],
            [
              -82.95301,
              35.744512
            ],
            [
              -82.952836,
              35.743677
            ],
            [
              -82.952794,
              35.743045
            ],
            [
              -82.952738,
              35.742983
            ],
            [
              -82.952496,
              35.742873
            ],
            [
              -82.952437,
              35.742702
            ],
            [
              -82.952189,
              35.742374
            ],
            [
              -82.951587,
              35.742078
            ],
            [
              -82.951279,
              35.741813
            ],
            [
              -82.951041,
              35.741358
            ],
            [
              -82.950683,
              35.740322
            ],
            [
              -82.9502004,
              35.7397196
            ],
            [
              -82.949681,
              35.739423
            ],
            [
              -82.948908,
              35.739122
            ],
            [
              -82.948595,
              35.739017
            ],
            [
              -82.947813,
              35.738924
            ],
            [
              -82.947633,
              35.738978
            ],
            [
              -82.947342,
              35.739192
            ],
            [
              -82.9471322,
              35.7393783
            ],
            [
              -82.946932,
              35.739556
            ],
            [
              -82.946508,
              35.74004
            ],
            [
              -82.946317,
              35.740244
            ],
            [
              -82.946122,
              35.740419
            ],
            [
              -82.945599,
              35.740531
            ],
            [
              -82.944408,
              35.740667
            ],
            [
              -82.9442957,
              35.7406845
            ],
            [
              -82.9439,
              35.740746
            ],
            [
              -82.943369,
              35.740524
            ],
            [
              -82.943158,
              35.740491
            ],
            [
              -82.942569,
              35.740387
            ],
            [
              -82.942065,
              35.740529
            ],
            [
              -82.941521,
              35.740949
            ],
            [
              -82.94078,
              35.74163
            ],
            [
              -82.939954,
              35.742344
            ],
            [
              -82.939688,
              35.742517
            ],
            [
              -82.939131,
              35.74262
            ],
            [
              -82.938515,
              35.74281
            ],
            [
              -82.938202,
              35.74296
            ],
            [
              -82.937918,
              35.743207
            ],
            [
              -82.937506,
              35.743501
            ],
            [
              -82.937231,
              35.74382
            ],
            [
              -82.936925,
              35.74425
            ],
            [
              -82.9366705,
              35.7446002
            ],
            [
              -82.93663,
              35.744656
            ],
            [
              -82.9364978,
              35.7447143
            ],
            [
              -82.936161,
              35.744863
            ],
            [
              -82.935214,
              35.744932
            ],
            [
              -82.934873,
              35.744931
            ],
            [
              -82.9342412,
              35.7450667
            ],
            [
              -82.934179,
              35.74508
            ],
            [
              -82.9340264,
              35.7450864
            ],
            [
              -82.933632,
              35.745103
            ],
            [
              -82.932998,
              35.744973
            ],
            [
              -82.931996,
              35.744611
            ],
            [
              -82.931527,
              35.744649
            ],
            [
              -82.931137,
              35.744768
            ],
            [
              -82.930774,
              35.744974
            ],
            [
              -82.930431,
              35.745213
            ],
            [
              -82.929884,
              35.745339
            ],
            [
              -82.929366,
              35.745393
            ],
            [
              -82.929015,
              35.745321
            ],
            [
              -82.928714,
              35.745184
            ],
            [
              -82.928255,
              35.745206
            ],
            [
              -82.9278979,
              35.7452527
            ],
            [
              -82.927659,
              35.745284
            ],
            [
              -82.9273165,
              35.7451953
            ],
            [
              -82.926721,
              35.745041
            ],
            [
              -82.926417,
              35.745066
            ],
            [
              -82.926203,
              35.74514
            ],
            [
              -82.926051,
              35.745288
            ],
            [
              -82.92603,
              35.7453221
            ],
            [
              -82.925929,
              35.745486
            ],
            [
              -82.925624,
              35.74566
            ],
            [
              -82.9252046,
              35.7457525
            ],
            [
              -82.924953,
              35.745808
            ],
            [
              -82.9246462,
              35.7460437
            ],
            [
              -82.924405,
              35.746229
            ],
            [
              -82.9238201,
              35.7464745
            ],
            [
              -82.923521,
              35.7466
            ],
            [
              -82.9229599,
              35.7466716
            ],
            [
              -82.922545,
              35.746625
            ],
            [
              -82.922301,
              35.746377
            ],
            [
              -82.9221817,
              35.7461349
            ],
            [
              -82.922057,
              35.745882
            ],
            [
              -82.922008,
              35.745845
            ],
            [
              -82.921722,
              35.745635
            ],
            [
              -82.921173,
              35.745437
            ],
            [
              -82.919802,
              35.745214
            ],
            [
              -82.919009,
              35.744892
            ],
            [
              -82.918277,
              35.744719
            ],
            [
              -82.9174944,
              35.7445844
            ],
            [
              -82.917271,
              35.744546
            ],
            [
              -82.91718,
              35.7442
            ],
            [
              -82.917027,
              35.743606
            ],
            [
              -82.916152,
              35.74132
            ],
            [
              -82.915864,
              35.740534
            ],
            [
              -82.9156986,
              35.7384235
            ],
            [
              -82.915681,
              35.738199
            ],
            [
              -82.9156139,
              35.738055
            ],
            [
              -82.9152786,
              35.7373354
            ],
            [
              -82.915236,
              35.737244
            ],
            [
              -82.9151456,
              35.7371923
            ],
            [
              -82.91453,
              35.73684
            ],
            [
              -82.9140221,
              35.7359831
            ],
            [
              -82.913536,
              35.735163
            ],
            [
              -82.912752,
              35.734144
            ],
            [
              -82.912072,
              35.73372
            ],
            [
              -82.9116679,
              35.7334494
            ],
            [
              -82.911627,
              35.733422
            ],
            [
              -82.911182,
              35.733168
            ],
            [
              -82.910764,
              35.732702
            ],
            [
              -82.910712,
              35.732362
            ],
            [
              -82.910476,
              35.731491
            ],
            [
              -82.910319,
              35.730982
            ],
            [
              -82.910293,
              35.730642
            ],
            [
              -82.910162,
              35.730366
            ],
            [
              -82.9096324,
              35.7296235
            ],
            [
              -82.909299,
              35.729156
            ],
            [
              -82.908829,
              35.728668
            ],
            [
              -82.908593,
              35.728519
            ],
            [
              -82.9084496,
              35.7284378
            ],
            [
              -82.908113,
              35.728247
            ],
            [
              -82.907751,
              35.727995
            ],
            [
              -82.907597,
              35.727583
            ],
            [
              -82.907836,
              35.72623
            ],
            [
              -82.908086,
              35.725869
            ],
            [
              -82.9083561,
              35.7255153
            ],
            [
              -82.908435,
              35.725412
            ],
            [
              -82.908546,
              35.7249966
            ],
            [
              -82.908451,
              35.724727
            ],
            [
              -82.908179,
              35.72433
            ],
            [
              -82.908007,
              35.723757
            ],
            [
              -82.907897,
              35.722885
            ],
            [
              -82.9078326,
              35.7223441
            ],
            [
              -82.907572,
              35.721722
            ],
            [
              -82.9071251,
              35.721062
            ],
            [
              -82.906679,
              35.720403
            ],
            [
              -82.906641,
              35.720185
            ],
            [
              -82.906723,
              35.719879
            ],
            [
              -82.907086,
              35.718987
            ],
            [
              -82.907438,
              35.718199
            ],
            [
              -82.907715,
              35.717999
            ],
            [
              -82.9077616,
              35.7179929
            ],
            [
              -82.908011,
              35.71796
            ],
            [
              -82.908209,
              35.717816
            ],
            [
              -82.9084619,
              35.7175453
            ],
            [
              -82.908508,
              35.717496
            ],
            [
              -82.908875,
              35.717216
            ],
            [
              -82.90925,
              35.717041
            ],
            [
              -82.909754,
              35.716891
            ],
            [
              -82.910238,
              35.716676
            ],
            [
              -82.910389,
              35.716379
            ],
            [
              -82.91039,
              35.716233
            ],
            [
              -82.910135,
              35.716119
            ],
            [
              -82.909447,
              35.715946
            ],
            [
              -82.908535,
              35.715577
            ],
            [
              -82.908166,
              35.715067
            ],
            [
              -82.908088,
              35.714889
            ],
            [
              -82.907971,
              35.71484
            ],
            [
              -82.907606,
              35.714895
            ],
            [
              -82.907507,
              35.7148859
            ],
            [
              -82.90747,
              35.714644
            ],
            [
              -82.907466,
              35.71408
            ],
            [
              -82.907242,
              35.713732
            ],
            [
              -82.906743,
              35.713414
            ],
            [
              -82.906529,
              35.713187
            ],
            [
              -82.906462,
              35.712888
            ],
            [
              -82.906455,
              35.712598
            ],
            [
              -82.906153,
              35.71225
            ],
            [
              -82.9057871,
              35.711971
            ],
            [
              -82.905694,
              35.7119
            ],
            [
              -82.905246,
              35.711293
            ],
            [
              -82.904957,
              35.71063
            ],
            [
              -82.9048316,
              35.7103516
            ],
            [
              -82.904793,
              35.710266
            ],
            [
              -82.9046392,
              35.7100258
            ],
            [
              -82.904274,
              35.709869
            ],
            [
              -82.9041835,
              35.7098394
            ],
            [
              -82.903695,
              35.70968
            ],
            [
              -82.902586,
              35.709287
            ],
            [
              -82.902154,
              35.709099
            ],
            [
              -82.9018613,
              35.7088951
            ],
            [
              -82.901854,
              35.7085
            ],
            [
              -82.901778,
              35.708234
            ],
            [
              -82.9015503,
              35.7081649
            ],
            [
              -82.901317,
              35.708094
            ],
            [
              -82.901281,
              35.707691
            ],
            [
              -82.9011704,
              35.7072727
            ],
            [
              -82.9011494,
              35.7072138
            ],
            [
              -82.900826,
              35.706865
            ],
            [
              -82.900664,
              35.706252
            ],
            [
              -82.90056,
              35.70584
            ],
            [
              -82.899936,
              35.705191
            ],
            [
              -82.8987958,
              35.7039519
            ],
            [
              -82.89869,
              35.703668
            ],
            [
              -82.8989493,
              35.7020217
            ],
            [
              -82.89937,
              35.699351
            ],
            [
              -82.899186,
              35.69906
            ],
            [
              -82.899228,
              35.698528
            ],
            [
              -82.8992757,
              35.6979316
            ],
            [
              -82.899513,
              35.69778
            ],
            [
              -82.89989,
              35.697428
            ],
            [
              -82.900242,
              35.696648
            ],
            [
              -82.9004525,
              35.696159
            ],
            [
              -82.900574,
              35.695652
            ],
            [
              -82.90049,
              35.695191
            ],
            [
              -82.900147,
              35.694893
            ],
            [
              -82.899662,
              35.694293
            ],
            [
              -82.89955,
              35.69392
            ],
            [
              -82.8993538,
              35.6936832
            ],
            [
              -82.899125,
              35.693407
            ],
            [
              -82.8990138,
              35.6929177
            ],
            [
              -82.899002,
              35.692866
            ],
            [
              -82.8989756,
              35.6928318
            ],
            [
              -82.898399,
              35.692085
            ],
            [
              -82.898105,
              35.691155
            ],
            [
              -82.898073,
              35.690812
            ],
            [
              -82.898206,
              35.690571
            ],
            [
              -82.8983251,
              35.6902983
            ],
            [
              -82.898434,
              35.690049
            ],
            [
              -82.898564,
              35.689424
            ],
            [
              -82.8985196,
              35.6892258
            ],
            [
              -82.89845,
              35.688915
            ],
            [
              -82.8985,
              35.68869
            ],
            [
              -82.898526,
              35.688012
            ],
            [
              -82.898554,
              35.68709
            ],
            [
              -82.898679,
              35.686567
            ],
            [
              -82.898991,
              35.686042
            ],
            [
              -82.899066,
              35.6859675
            ],
            [
              -82.899317,
              35.685718
            ],
            [
              -82.900542,
              35.685396
            ],
            [
              -82.901091,
              35.685225
            ],
            [
              -82.901133,
              35.685121
            ],
            [
              -82.900989,
              35.68498
            ],
            [
              -82.899908,
              35.684472
            ],
            [
              -82.899234,
              35.684236
            ],
            [
              -82.89872,
              35.684205
            ],
            [
              -82.898109,
              35.684156
            ],
            [
              -82.897555,
              35.6839473
            ],
            [
              -82.897416,
              35.683895
            ],
            [
              -82.896959,
              35.68364
            ],
            [
              -82.896185,
              35.683101
            ],
            [
              -82.895337,
              35.682406
            ],
            [
              -82.8944718,
              35.6815658
            ],
            [
              -82.8943,
              35.681399
            ],
            [
              -82.893928,
              35.681155
            ],
            [
              -82.893281,
              35.680909
            ],
            [
              -82.892064,
              35.680491
            ],
            [
              -82.891327,
              35.680381
            ],
            [
              -82.890677,
              35.680466
            ],
            [
              -82.8905051,
              35.6805086
            ],
            [
              -82.889946,
              35.680647
            ],
            [
              -82.889374,
              35.680797
            ],
            [
              -82.8891184,
              35.6807218
            ],
            [
              -82.888511,
              35.680517
            ],
            [
              -82.8883481,
              35.6803896
            ],
            [
              -82.887846,
              35.679997
            ],
            [
              -82.887297,
              35.679816
            ],
            [
              -82.886276,
              35.679495
            ],
            [
              -82.885905,
              35.679163
            ],
            [
              -82.885282,
              35.678506
            ],
            [
              -82.884783,
              35.678164
            ],
            [
              -82.8840261,
              35.6781832
            ],
            [
              -82.884482,
              35.677703
            ],
            [
              -82.885046,
              35.67736
            ],
            [
              -82.885404,
              35.677064
            ],
            [
              -82.885485,
              35.676774
            ],
            [
              -82.885568,
              35.676299
            ],
            [
              -82.885711,
              35.675735
            ],
            [
              -82.8859434,
              35.6751336
            ],
            [
              -82.886213,
              35.674795
            ],
            [
              -82.88662,
              35.674362
            ],
            [
              -82.8869522,
              35.6741562
            ],
            [
              -82.887303,
              35.673972
            ],
            [
              -82.887511,
              35.673852
            ],
            [
              -82.887829,
              35.673556
            ],
            [
              -82.8880987,
              35.6730337
            ],
            [
              -82.887848,
              35.672516
            ],
            [
              -82.887469,
              35.672046
            ],
            [
              -82.887186,
              35.671794
            ],
            [
              -82.886852,
              35.671663
            ],
            [
              -82.886381,
              35.671539
            ],
            [
              -82.886008,
              35.671424
            ],
            [
              -82.885655,
              35.671325
            ],
            [
              -82.885107,
              35.670967
            ],
            [
              -82.884656,
              35.670763
            ],
            [
              -82.883961,
              35.670444
            ],
            [
              -82.883167,
              35.670108
            ],
            [
              -82.882746,
              35.669848
            ],
            [
              -82.882384,
              35.669588
            ],
            [
              -82.882052,
              35.669311
            ],
            [
              -82.881759,
              35.669148
            ],
            [
              -82.881435,
              35.669042
            ],
            [
              -82.881083,
              35.668806
            ],
            [
              -82.880633,
              35.668537
            ],
            [
              -82.880299,
              35.66847
            ],
            [
              -82.879964,
              35.668468
            ],
            [
              -82.879532,
              35.668401
            ],
            [
              -82.8794594,
              35.668368
            ],
            [
              -82.879189,
              35.668245
            ],
            [
              -82.8786636,
              35.6679381
            ],
            [
              -82.878319,
              35.667603
            ],
            [
              -82.878137,
              35.66707
            ],
            [
              -82.877991,
              35.666916
            ],
            [
              -82.877481,
              35.666711
            ],
            [
              -82.8771494,
              35.6664833
            ],
            [
              -82.876625,
              35.66573
            ],
            [
              -82.876542,
              35.665157
            ],
            [
              -82.876554,
              35.664859
            ],
            [
              -82.876896,
              35.664176
            ],
            [
              -82.878118,
              35.6625453
            ],
            [
              -82.876604,
              35.661715
            ],
            [
              -82.875783,
              35.661218
            ],
            [
              -82.875558,
              35.661023
            ],
            [
              -82.8748604,
              35.6602466
            ],
            [
              -82.874477,
              35.659984
            ],
            [
              -82.8744155,
              35.6599324
            ],
            [
              -82.873933,
              35.659509
            ],
            [
              -82.87338,
              35.658896
            ],
            [
              -82.872777,
              35.658234
            ],
            [
              -82.872224,
              35.65775
            ],
            [
              -82.8720182,
              35.6573123
            ],
            [
              -82.872332,
              35.656855
            ],
            [
              -82.872638,
              35.656226
            ],
            [
              -82.873062,
              35.655621
            ],
            [
              -82.873338,
              35.654984
            ],
            [
              -82.873653,
              35.654241
            ],
            [
              -82.873781,
              35.653532
            ],
            [
              -82.8737895,
              35.6534514
            ],
            [
              -82.873859,
              35.65279
            ],
            [
              -82.874145,
              35.652362
            ],
            [
              -82.8744256,
              35.6520645
            ],
            [
              -82.87451,
              35.651975
            ],
            [
              -82.8745876,
              35.6517103
            ],
            [
              -82.874588,
              35.651426
            ],
            [
              -82.873914,
              35.6507572
            ],
            [
              -82.873808,
              35.650652
            ],
            [
              -82.873403,
              35.6502
            ],
            [
              -82.87318,
              35.6497209
            ],
            [
              -82.873107,
              35.649563
            ],
            [
              -82.872968,
              35.649055
            ],
            [
              -82.872593,
              35.648603
            ],
            [
              -82.872247,
              35.648393
            ],
            [
              -82.871812,
              35.647853
            ],
            [
              -82.8714781,
              35.6474264
            ],
            [
              -82.870825,
              35.646869
            ],
            [
              -82.870114,
              35.646344
            ],
            [
              -82.8695019,
              35.6459252
            ],
            [
              -82.868781,
              35.645432
            ],
            [
              -82.8685345,
              35.6451905
            ],
            [
              -82.868465,
              35.644803
            ],
            [
              -82.868682,
              35.644134
            ],
            [
              -82.8687128,
              35.6440503
            ],
            [
              -82.868967,
              35.64336
            ],
            [
              -82.869144,
              35.642577
            ],
            [
              -82.8690351,
              35.6419887
            ],
            [
              -82.8687,
              35.641641
            ],
            [
              -82.868413,
              35.641182
            ],
            [
              -82.868334,
              35.640698
            ],
            [
              -82.8682334,
              35.6400868
            ],
            [
              -82.868225,
              35.640036
            ],
            [
              -82.8681987,
              35.6400045
            ],
            [
              -82.867948,
              35.639705
            ],
            [
              -82.867751,
              35.639375
            ],
            [
              -82.8677123,
              35.6388362
            ],
            [
              -82.867464,
              35.638261
            ],
            [
              -82.867039,
              35.63781
            ],
            [
              -82.8668278,
              35.6376573
            ],
            [
              -82.866447,
              35.637382
            ],
            [
              -82.865904,
              35.636987
            ],
            [
              -82.8655888,
              35.6364792
            ],
            [
              -82.865549,
              35.636224
            ],
            [
              -82.865489,
              35.635841
            ],
            [
              -82.865251,
              35.634946
            ],
            [
              -82.8650192,
              35.6345192
            ],
            [
              -82.864826,
              35.63455
            ],
            [
              -82.863938,
              35.634736
            ],
            [
              -82.862705,
              35.634905
            ],
            [
              -82.861551,
              35.63509
            ],
            [
              -82.860377,
              35.63534
            ],
            [
              -82.859597,
              35.635445
            ],
            [
              -82.858897,
              35.635364
            ],
            [
              -82.8582061,
              35.6354134
            ],
            [
              -82.857042,
              35.635993
            ],
            [
              -82.855996,
              35.636621
            ],
            [
              -82.8547437,
              35.6368708
            ],
            [
              -82.853707,
              35.636919
            ],
            [
              -82.852918,
              35.636556
            ],
            [
              -82.8521584,
              35.6359273
            ],
            [
              -82.851447,
              35.634813
            ],
            [
              -82.850972,
              35.633498
            ],
            [
              -82.850962,
              35.632555
            ],
            [
              -82.851327,
              35.631562
            ],
            [
              -82.851889,
              35.630651
            ],
            [
              -82.8521327,
              35.6303167
            ],
            [
              -82.851711,
              35.629514
            ],
            [
              -82.8516435,
              35.6294244
            ],
            [
              -82.851236,
              35.628883
            ],
            [
              -82.850702,
              35.628091
            ],
            [
              -82.850385,
              35.627129
            ],
            [
              -82.850454,
              35.626329
            ],
            [
              -82.850858,
              35.625675
            ],
            [
              -82.851126,
              35.625198
            ],
            [
              -82.851059,
              35.625095
            ],
            [
              -82.851011,
              35.624572
            ],
            [
              -82.850806,
              35.624216
            ],
            [
              -82.85085,
              35.623415
            ],
            [
              -82.851406,
              35.622688
            ],
            [
              -82.8516934,
              35.6225185
            ],
            [
              -82.8517498,
              35.6222384
            ],
            [
              -82.8517925,
              35.6220136
            ],
            [
              -82.851673,
              35.621308
            ],
            [
              -82.8517141,
              35.6209148
            ],
            [
              -82.85175,
              35.620571
            ],
            [
              -82.8516755,
              35.6203722
            ],
            [
              -82.851436,
              35.619733
            ],
            [
              -82.851355,
              35.61879
            ],
            [
              -82.85146,
              35.617981
            ],
            [
              -82.85146,
              35.6173261
            ],
            [
              -82.85053,
              35.616943
            ],
            [
              -82.849446,
              35.616676
            ],
            [
              -82.8492534,
              35.6165419
            ],
            [
              -82.848524,
              35.616034
            ],
            [
              -82.8476731,
              35.6152483
            ],
            [
              -82.847467,
              35.615058
            ],
            [
              -82.846352,
              35.614452
            ],
            [
              -82.846269,
              35.614394
            ],
            [
              -82.845899,
              35.61433
            ],
            [
              -82.845558,
              35.615145
            ],
            [
              -82.845342,
              35.615798
            ],
            [
              -82.8447309,
              35.6166487
            ],
            [
              -82.844564,
              35.616881
            ],
            [
              -82.843897,
              35.617154
            ],
            [
              -82.8435768,
              35.6171984
            ],
            [
              -82.842887,
              35.617294
            ],
            [
              -82.841849,
              35.61785
            ],
            [
              -82.841307,
              35.618254
            ],
            [
              -82.8411194,
              35.6183517
            ],
            [
              -82.840107,
              35.618879
            ],
            [
              -82.839093,
              35.619675
            ],
            [
              -82.83777,
              35.620333
            ],
            [
              -82.83714,
              35.62062
            ],
            [
              -82.836518,
              35.621001
            ],
            [
              -82.835381,
              35.621349
            ],
            [
              -82.834967,
              35.621147
            ],
            [
              -82.834644,
              35.6208
            ],
            [
              -82.8343935,
              35.6205679
            ],
            [
              -82.834016,
              35.620218
            ],
            [
              -82.8331843,
              35.6198101
            ],
            [
              -82.832043,
              35.619519
            ],
            [
              -82.831271,
              35.619566
            ],
            [
              -82.830303,
              35.619931
            ],
            [
              -82.82996,
              35.61993
            ],
            [
              -82.829066,
              35.619985
            ],
            [
              -82.828761,
              35.620242
            ],
            [
              -82.828054,
              35.620671
            ],
            [
              -82.827472,
              35.621022
            ],
            [
              -82.8274075,
              35.6211577
            ],
            [
              -82.826869,
              35.622291
            ],
            [
              -82.826332,
              35.622688
            ],
            [
              -82.825503,
              35.622747
            ],
            [
              -82.824304,
              35.622627
            ],
            [
              -82.823522,
              35.622805
            ],
            [
              -82.8220603,
              35.6226945
            ],
            [
              -82.821934,
              35.622685
            ],
            [
              -82.820816,
              35.623139
            ],
            [
              -82.820359,
              35.623386
            ],
            [
              -82.819748,
              35.623754
            ],
            [
              -82.8196904,
              35.6238386
            ],
            [
              -82.819349,
              35.62434
            ],
            [
              -82.81891,
              35.624809
            ],
            [
              -82.818785,
              35.625045
            ],
            [
              -82.818244,
              35.625739
            ],
            [
              -82.817162,
              35.626466
            ],
            [
              -82.816455,
              35.626821
            ],
            [
              -82.815747,
              35.627261
            ],
            [
              -82.814395,
              35.627769
            ],
            [
              -82.8135,
              35.627938
            ],
            [
              -82.812085,
              35.627295
            ],
            [
              -82.8120315,
              35.6272704
            ],
            [
              -82.8114652,
              35.6270107
            ],
            [
              -82.811274,
              35.626923
            ],
            [
              -82.810608,
              35.626534
            ],
            [
              -82.810562,
              35.626321
            ],
            [
              -82.809738,
              35.625348
            ],
            [
              -82.8097063,
              35.6244724
            ],
            [
              -82.809526,
              35.619489
            ],
            [
              -82.809526,
              35.6193373
            ],
            [
              -82.809526,
              35.6183825
            ],
            [
              -82.809526,
              35.618238
            ],
            [
              -82.808892,
              35.616064
            ],
            [
              -82.8083522,
              35.6154752
            ],
            [
              -82.808317,
              35.615395
            ],
            [
              -82.8081087,
              35.6152163
            ],
            [
              -82.807726,
              35.614888
            ],
            [
              -82.807036,
              35.614373
            ],
            [
              -82.8061098,
              35.6130907
            ],
            [
              -82.805803,
              35.612666
            ],
            [
              -82.80466,
              35.611209
            ],
            [
              -82.8040912,
              35.6109441
            ],
            [
              -82.803524,
              35.61069
            ],
            [
              -82.803349,
              35.609646
            ],
            [
              -82.803047,
              35.608051
            ],
            [
              -82.802392,
              35.60713
            ],
            [
              -82.8025453,
              35.6058945
            ],
            [
              -82.8025142,
              35.6058124
            ],
            [
              -82.802231,
              35.605219
            ],
            [
              -82.801997,
              35.604935
            ],
            [
              -82.801854,
              35.604378
            ],
            [
              -82.801697,
              35.603136
            ],
            [
              -82.801391,
              35.602119
            ],
            [
              -82.80067,
              35.601195
            ],
            [
              -82.800049,
              35.600061
            ],
            [
              -82.799228,
              35.598218
            ],
            [
              -82.7987801,
              35.5972929
            ],
            [
              -82.797494,
              35.596078
            ],
            [
              -82.79527,
              35.596007
            ],
            [
              -82.79403,
              35.595646
            ],
            [
              -82.793577,
              35.595396
            ],
            [
              -82.792987,
              35.595042
            ],
            [
              -82.790782,
              35.594134
            ],
            [
              -82.789571,
              35.593659
            ],
            [
              -82.788281,
              35.593209
            ],
            [
              -82.7863022,
              35.5924206
            ],
            [
              -82.785929,
              35.592236
            ],
            [
              -82.785121,
              35.591697
            ],
            [
              -82.7846,
              35.591287
            ],
            [
              -82.783379,
              35.590506
            ],
            [
              -82.78138,
              35.589202
            ],
            [
              -82.780593,
              35.5886077
            ],
            [
              -82.779951,
              35.587213
            ],
            [
              -82.779753,
              35.585441
            ],
            [
              -82.780009,
              35.5849205
            ],
            [
              -82.780086,
              35.584764
            ],
            [
              -82.779929,
              35.5844173
            ],
            [
              -82.778846,
              35.583814
            ],
            [
              -82.778245,
              35.583468
            ],
            [
              -82.777626,
              35.582721
            ],
            [
              -82.777154,
              35.582229
            ],
            [
              -82.777756,
              35.580044
            ],
            [
              -82.7779111,
              35.5797591
            ],
            [
              -82.778371,
              35.578914
            ],
            [
              -82.7783385,
              35.5783452
            ],
            [
              -82.77832,
              35.578021
            ],
            [
              -82.777819,
              35.5775864
            ],
            [
              -82.777415,
              35.577236
            ],
            [
              -82.776802,
              35.576966
            ],
            [
              -82.7766496,
              35.5769029
            ],
            [
              -82.775614,
              35.576474
            ],
            [
              -82.7747604,
              35.5762938
            ],
            [
              -82.774567,
              35.576253
            ],
            [
              -82.7744555,
              35.5762716
            ],
            [
              -82.774315,
              35.576295
            ],
            [
              -82.77352,
              35.57636
            ],
            [
              -82.773422,
              35.576731
            ],
            [
              -82.77296,
              35.57662
            ],
            [
              -82.7728005,
              35.5762008
            ],
            [
              -82.772756,
              35.576084
            ],
            [
              -82.772535,
              35.576104
            ],
            [
              -82.771389,
              35.576029
            ],
            [
              -82.7710943,
              35.5757734
            ],
            [
              -82.770628,
              35.575369
            ],
            [
              -82.770205,
              35.573987
            ],
            [
              -82.7698237,
              35.5726831
            ],
            [
              -82.769562,
              35.571788
            ],
            [
              -82.7686453,
              35.5708265
            ],
            [
              -82.76823,
              35.570391
            ],
            [
              -82.7672961,
              35.5693427
            ],
            [
              -82.7573695,
              35.5754509
            ],
            [
              -82.7459969,
              35.5804073
            ],
            [
              -82.7398171,
              35.5845258
            ],
            [
              -82.7198368,
              35.5930063
            ],
            [
              -82.7102667,
              35.5987293
            ],
            [
              -82.6980671,
              35.5962845
            ],
            [
              -82.6986053,
              35.5908206
            ],
            [
              -82.6842347,
              35.590907
            ],
            [
              -82.6833912,
              35.5904162
            ],
            [
              -82.6819703,
              35.5903228
            ],
            [
              -82.6802819,
              35.5903599
            ],
            [
              -82.6808359,
              35.588257
            ],
            [
              -82.6808692,
              35.5881177
            ],
            [
              -82.6798982,
              35.5878341
            ],
            [
              -82.6793779,
              35.5876149
            ],
            [
              -82.6792116,
              35.5878658
            ],
            [
              -82.6789367,
              35.5880773
            ],
            [
              -82.6788887,
              35.5888152
            ],
            [
              -82.6694796,
              35.5928879
            ],
            [
              -82.6589827,
              35.5997363
            ],
            [
              -82.6559786,
              35.6005999
            ],
            [
              -82.652481,
              35.598829
            ],
            [
              -82.6516978,
              35.5920242
            ],
            [
              -82.6522128,
              35.5845557
            ],
            [
              -82.6458076,
              35.5836046
            ],
            [
              -82.6424612,
              35.5838774
            ],
            [
              -82.6405327,
              35.5834498
            ],
            [
              -82.6405998,
              35.5826918
            ],
            [
              -82.6404335,
              35.5823101
            ],
            [
              -82.6399641,
              35.5825064
            ],
            [
              -82.6399963,
              35.5826067
            ],
            [
              -82.6397522,
              35.5826045
            ],
            [
              -82.6395484,
              35.5827769
            ],
            [
              -82.6393848,
              35.5828205
            ],
            [
              -82.6392587,
              35.5826634
            ],
            [
              -82.6392801,
              35.5824758
            ],
            [
              -82.6392238,
              35.5821966
            ],
            [
              -82.6390146,
              35.5818716
            ],
            [
              -82.6381429,
              35.5821574
            ],
            [
              -82.6381912,
              35.5819087
            ],
            [
              -82.6391407,
              35.5815357
            ],
            [
              -82.6377778,
              35.5790357
            ],
            [
              -82.6376195,
              35.5790183
            ],
            [
              -82.6370348,
              35.5790728
            ],
            [
              -82.6365162,
              35.579012
            ],
            [
              -82.6365028,
              35.5784514
            ],
            [
              -82.6358939,
              35.5782594
            ],
            [
              -82.6357249,
              35.5783118
            ],
            [
              -82.6358349,
              35.5789095
            ],
            [
              -82.6352528,
              35.5786848
            ],
            [
              -82.6352394,
              35.5789575
            ],
            [
              -82.6337133,
              35.5788811
            ],
            [
              -82.6336113,
              35.5788004
            ],
            [
              -82.6327879,
              35.5794876
            ],
            [
              -82.6328242,
              35.5777634
            ],
            [
              -82.6304065,
              35.577674
            ],
            [
              -82.6301195,
              35.5770915
            ],
            [
              -82.6289528,
              35.5770369
            ],
            [
              -82.6290064,
              35.5776478
            ],
            [
              -82.6284297,
              35.5777154
            ],
            [
              -82.6281669,
              35.5770849
            ],
            [
              -82.6273783,
              35.5773293
            ],
            [
              -82.6273032,
              35.5771242
            ],
            [
              -82.6272522,
              35.5769279
            ],
            [
              -82.627035,
              35.5769977
            ],
            [
              -82.6269572,
              35.5769148
            ],
            [
              -82.626756,
              35.5769082
            ],
            [
              -82.6267641,
              35.5764436
            ],
            [
              -82.6259487,
              35.576413
            ],
            [
              -82.6252482,
              35.5757415
            ],
            [
              -82.6244221,
              35.5753314
            ],
            [
              -82.6231561,
              35.5743977
            ],
            [
              -82.6223085,
              35.5738305
            ],
            [
              -82.6222119,
              35.573272
            ],
            [
              -82.6217506,
              35.5719717
            ],
            [
              -82.6222012,
              35.5715877
            ],
            [
              -82.6222304,
              35.5714866
            ],
            [
              -82.6224197,
              35.5706711
            ],
            [
              -82.6220955,
              35.5706379
            ],
            [
              -82.6210682,
              35.5714102
            ],
            [
              -82.6199229,
              35.5721607
            ],
            [
              -82.6166366,
              35.5739936
            ],
            [
              -82.6142468,
              35.5753069
            ],
            [
              -82.6142843,
              35.5754705
            ],
            [
              -82.613198,
              35.5760813
            ],
            [
              -82.6125516,
              35.5765939
            ],
            [
              -82.6120796,
              35.5771851
            ],
            [
              -82.6116705,
              35.5779825
            ],
            [
              -82.611496,
              35.5790406
            ],
            [
              -82.6114101,
              35.5809575
            ],
            [
              -82.6110173,
              35.5829484
            ],
            [
              -82.6103897,
              35.5843969
            ],
            [
              -82.6091155,
              35.5855398
            ],
            [
              -82.6076779,
              35.5870799
            ],
            [
              -82.6068159,
              35.5877403
            ],
            [
              -82.6058827,
              35.588428
            ],
            [
              -82.6059873,
              35.5885523
            ],
            [
              -82.6044987,
              35.5897062
            ],
            [
              -82.6018379,
              35.5895927
            ],
            [
              -82.6011459,
              35.5897563
            ],
            [
              -82.6011459,
              35.5898523
            ],
            [
              -82.599936,
              35.5895557
            ],
            [
              -82.599818,
              35.5896146
            ],
            [
              -82.599641,
              35.5897694
            ],
            [
              -82.5985547,
              35.5890714
            ],
            [
              -82.5979513,
              35.5883865
            ],
            [
              -82.5977205,
              35.5880395
            ],
            [
              -82.5974228,
              35.5884081
            ],
            [
              -82.5973933,
              35.5886197
            ],
            [
              -82.597085,
              35.5892391
            ],
            [
              -82.5970099,
              35.5892195
            ],
            [
              -82.5970689,
              35.589093
            ],
            [
              -82.5967229,
              35.5890276
            ],
            [
              -82.5966907,
              35.5891999
            ],
            [
              -82.5966397,
              35.5891868
            ],
            [
              -82.5967175,
              35.5887636
            ],
            [
              -82.5963339,
              35.588696
            ],
            [
              -82.5963768,
              35.5881267
            ],
            [
              -82.596755,
              35.5880896
            ],
            [
              -82.5967014,
              35.5877624
            ],
            [
              -82.5963795,
              35.5877275
            ],
            [
              -82.5964202,
              35.586952
            ],
            [
              -82.5964519,
              35.5863468
            ],
            [
              -82.5961569,
              35.5863119
            ],
            [
              -82.596114,
              35.5863163
            ],
            [
              -82.596114,
              35.5863294
            ],
            [
              -82.595784,
              35.5863926
            ],
            [
              -82.5957814,
              35.5863621
            ],
            [
              -82.5956285,
              35.586397
            ],
            [
              -82.5934748,
              35.5860349
            ],
            [
              -82.5927694,
              35.586192
            ],
            [
              -82.592756,
              35.5861462
            ],
            [
              -82.5923349,
              35.5860568
            ],
            [
              -82.5923215,
              35.5861048
            ],
            [
              -82.5919164,
              35.5860917
            ],
            [
              -82.5919594,
              35.5858583
            ],
            [
              -82.5903447,
              35.5858408
            ],
            [
              -82.5899236,
              35.5862946
            ],
            [
              -82.5900148,
              35.5866523
            ],
            [
              -82.5882594,
              35.5869667
            ],
            [
              -82.5865883,
              35.5873658
            ],
            [
              -82.5866473,
              35.5866831
            ],
            [
              -82.5860063,
              35.5867878
            ],
            [
              -82.5858486,
              35.5865784
            ],
            [
              -82.5856582,
              35.5864825
            ],
            [
              -82.5854275,
              35.5864672
            ],
            [
              -82.5853765,
              35.586465
            ],
            [
              -82.5845747,
              35.5875774
            ],
            [
              -82.5843306,
              35.5876079
            ],
            [
              -82.5843172,
              35.5875207
            ],
            [
              -82.5838987,
              35.5876843
            ],
            [
              -82.5838397,
              35.5879875
            ],
            [
              -82.5832766,
              35.5880531
            ],
            [
              -82.5827643,
              35.5880596
            ],
            [
              -82.5825819,
              35.5880247
            ],
            [
              -82.582649,
              35.5883017
            ],
            [
              -82.5824129,
              35.5882079
            ],
            [
              -82.5820857,
              35.5881207
            ],
            [
              -82.5818121,
              35.5881447
            ],
            [
              -82.5819927,
              35.5887442
            ],
            [
              -82.581954,
              35.588754
            ],
            [
              -82.581854,
              35.588779
            ],
            [
              -82.581296,
              35.588915
            ],
            [
              -82.5812015,
              35.5889404
            ],
            [
              -82.5818173,
              35.5909145
            ],
            [
              -82.5793309,
              35.5916844
            ],
            [
              -82.5788884,
              35.5907159
            ],
            [
              -82.5786148,
              35.590801
            ],
            [
              -82.5783359,
              35.5902361
            ],
            [
              -82.578022,
              35.5901532
            ],
            [
              -82.5782419,
              35.5906505
            ],
            [
              -82.5785908,
              35.5913832
            ],
            [
              -82.5778692,
              35.5917474
            ],
            [
              -82.577703,
              35.5917234
            ],
            [
              -82.5774588,
              35.5922424
            ],
            [
              -82.5775742,
              35.5924452
            ],
            [
              -82.5785424,
              35.5926873
            ],
            [
              -82.5780328,
              35.5939851
            ],
            [
              -82.5772764,
              35.5939611
            ],
            [
              -82.5771579,
              35.5950882
            ],
            [
              -82.5764767,
              35.5948614
            ],
            [
              -82.576364,
              35.595062
            ],
            [
              -82.5761494,
              35.5951798
            ],
            [
              -82.575841,
              35.595243
            ],
            [
              -82.5755676,
              35.5950794
            ],
            [
              -82.5753584,
              35.5948897
            ],
            [
              -82.5753235,
              35.5948373
            ],
            [
              -82.5746664,
              35.5950947
            ],
            [
              -82.5741631,
              35.5947129
            ],
            [
              -82.5746495,
              35.5955564
            ],
            [
              -82.5759135,
              35.5978985
            ],
            [
              -82.5761925,
              35.5999264
            ],
            [
              -82.5792734,
              35.6045094
            ],
            [
              -82.5799405,
              35.6072986
            ],
            [
              -82.5792474,
              35.6083627
            ],
            [
              -82.5802789,
              35.6087919
            ],
            [
              -82.5799543,
              35.6091495
            ],
            [
              -82.5806759,
              35.6094745
            ],
            [
              -82.5807832,
              35.6096861
            ],
            [
              -82.5807912,
              35.6105626
            ],
            [
              -82.5810245,
              35.6106978
            ],
            [
              -82.5813357,
              35.6106781
            ],
            [
              -82.5815208,
              35.6107632
            ],
            [
              -82.5817166,
              35.6107784
            ],
            [
              -82.5818238,
              35.610447
            ],
            [
              -82.5818936,
              35.610181
            ],
            [
              -82.5818399,
              35.6098299
            ],
            [
              -82.5823334,
              35.609675
            ],
            [
              -82.582446,
              35.6097033
            ],
            [
              -82.5826606,
              35.6099192
            ],
            [
              -82.5829074,
              35.6098429
            ],
            [
              -82.5842833,
              35.6105298
            ],
            [
              -82.5844523,
              35.6109093
            ],
            [
              -82.5849083,
              35.6108591
            ],
            [
              -82.5853188,
              35.6105538
            ],
            [
              -82.5854449,
              35.6106389
            ],
            [
              -82.5850506,
              35.6109791
            ],
            [
              -82.5851016,
              35.6111972
            ],
            [
              -82.5852598,
              35.6114894
            ],
            [
              -82.5844631,
              35.6115633
            ],
            [
              -82.5848601,
              35.6123394
            ],
            [
              -82.5849834,
              35.6128758
            ],
            [
              -82.5848198,
              35.612915
            ],
            [
              -82.5849029,
              35.6131789
            ],
            [
              -82.5843665,
              35.613205
            ],
            [
              -82.5843263,
              35.6129717
            ],
            [
              -82.5841975,
              35.6124745
            ],
            [
              -82.5838191,
              35.6117287
            ],
            [
              -82.5837842,
              35.611539
            ],
            [
              -82.5833954,
              35.6113471
            ],
            [
              -82.5830333,
              35.6113864
            ],
            [
              -82.5819819,
              35.6117505
            ],
            [
              -82.5817754,
              35.6113864
            ],
            [
              -82.5816439,
              35.61143
            ],
            [
              -82.5806299,
              35.6110898
            ],
            [
              -82.5804878,
              35.6109175
            ],
            [
              -82.5801042,
              35.6106275
            ],
            [
              -82.5791869,
              35.6102154
            ],
            [
              -82.5788087,
              35.6110375
            ],
            [
              -82.5784921,
              35.6120907
            ],
            [
              -82.5782183,
              35.6130302
            ],
            [
              -82.5770131,
              35.6132445
            ],
            [
              -82.5768885,
              35.6143695
            ],
            [
              -82.5751375,
              35.6152445
            ],
            [
              -82.574791,
              35.615563
            ],
            [
              -82.5747997,
              35.6155823
            ],
            [
              -82.5744188,
              35.6151447
            ],
            [
              -82.5744045,
              35.6151359
            ],
            [
              -82.5741223,
              35.6151903
            ],
            [
              -82.5724057,
              35.6145274
            ],
            [
              -82.5720034,
              35.6152426
            ],
            [
              -82.5707052,
              35.6143225
            ],
            [
              -82.5697767,
              35.6131058
            ],
            [
              -82.5688704,
              35.6152114
            ],
            [
              -82.5690018,
              35.6156954
            ],
            [
              -82.5660078,
              35.6192679
            ],
            [
              -82.5654955,
              35.6193246
            ],
            [
              -82.5654955,
              35.6198152
            ],
            [
              -82.5653453,
              35.6199525
            ],
            [
              -82.5653426,
              35.6203733
            ],
            [
              -82.5650073,
              35.6203602
            ],
            [
              -82.5649912,
              35.6208159
            ],
            [
              -82.5649912,
              35.6213719
            ],
            [
              -82.5644072,
              35.6215485
            ],
            [
              -82.5645306,
              35.6220849
            ],
            [
              -82.5639539,
              35.6224228
            ],
            [
              -82.5643107,
              35.6240777
            ],
            [
              -82.5661077,
              35.6241082
            ],
            [
              -82.5671702,
              35.6263988
            ],
            [
              -82.5671735,
              35.6264057
            ],
            [
              -82.567186,
              35.6264328
            ],
            [
              -82.5669112,
              35.6267199
            ],
            [
              -82.5669013,
              35.6267315
            ],
            [
              -82.5669004,
              35.6267326
            ],
            [
              -82.5669066,
              35.6267355
            ],
            [
              -82.5658311,
              35.6278812
            ],
            [
              -82.5661811,
              35.6279128
            ],
            [
              -82.5664654,
              35.6278659
            ],
            [
              -82.5666974,
              35.6276719
            ],
            [
              -82.5671634,
              35.6271241
            ],
            [
              -82.567161,
              35.6271278
            ],
            [
              -82.5671657,
              35.6271296
            ],
            [
              -82.5677873,
              35.6273622
            ],
            [
              -82.5682071,
              35.627651
            ],
            [
              -82.5684605,
              35.6275725
            ],
            [
              -82.5691163,
              35.6278963
            ],
            [
              -82.5704239,
              35.6279944
            ],
            [
              -82.5702415,
              35.6287229
            ],
            [
              -82.5699729,
              35.6286975
            ],
            [
              -82.5689765,
              35.6291084
            ],
            [
              -82.5687203,
              35.6286059
            ],
            [
              -82.5662723,
              35.6284354
            ],
            [
              -82.5664573,
              35.6290088
            ],
            [
              -82.5664265,
              35.62929
            ],
            [
              -82.5668771,
              35.6293238
            ],
            [
              -82.5669079,
              35.6290611
            ],
            [
              -82.567038,
              35.6290676
            ],
            [
              -82.5670166,
              35.6293249
            ],
            [
              -82.5675181,
              35.6293576
            ],
            [
              -82.5675986,
              35.6296421
            ],
            [
              -82.5677662,
              35.6296454
            ],
            [
              -82.5674138,
              35.6301344
            ],
            [
              -82.5670638,
              35.6312737
            ],
            [
              -82.5683504,
              35.6312356
            ],
            [
              -82.5685514,
              35.6311811
            ],
            [
              -82.5685715,
              35.6306393
            ],
            [
              -82.5688598,
              35.6305598
            ],
            [
              -82.569057,
              35.6310143
            ],
            [
              -82.5706785,
              35.6306157
            ],
            [
              -82.5707188,
              35.6293686
            ],
            [
              -82.5718225,
              35.6293621
            ],
            [
              -82.5719347,
              35.629918
            ],
            [
              -82.5714921,
              35.6299801
            ],
            [
              -82.5713781,
              35.6299104
            ],
            [
              -82.5710522,
              35.6299638
            ],
            [
              -82.5710831,
              35.6304565
            ],
            [
              -82.571598,
              35.6303409
            ],
            [
              -82.5740345,
              35.6298853
            ],
            [
              -82.5740176,
              35.6289651
            ],
            [
              -82.5736743,
              35.6289695
            ],
            [
              -82.5737655,
              35.6282289
            ],
            [
              -82.5739427,
              35.6277809
            ],
            [
              -82.5741707,
              35.6278234
            ],
            [
              -82.5751872,
              35.6277558
            ],
            [
              -82.5752315,
              35.6279564
            ],
            [
              -82.5751966,
              35.6286017
            ],
            [
              -82.5752947,
              35.6288306
            ],
            [
              -82.5747636,
              35.628969
            ],
            [
              -82.5749775,
              35.6297538
            ],
            [
              -82.5751317,
              35.6297287
            ],
            [
              -82.5752309,
              35.6304402
            ],
            [
              -82.5747186,
              35.6304402
            ],
            [
              -82.5748662,
              35.6319263
            ],
            [
              -82.5752148,
              35.6320004
            ],
            [
              -82.5756453,
              35.6319099
            ],
            [
              -82.5759887,
              35.6316778
            ],
            [
              -82.5757197,
              35.6342161
            ],
            [
              -82.5732168,
              35.6341997
            ],
            [
              -82.5735293,
              35.6349344
            ],
            [
              -82.5735964,
              35.6352505
            ],
            [
              -82.5742508,
              35.6350554
            ],
            [
              -82.5744158,
              35.6359739
            ],
            [
              -82.5735964,
              35.6361342
            ],
            [
              -82.5735631,
              35.6370395
            ],
            [
              -82.573387,
              35.637032
            ],
            [
              -82.573158,
              35.637047
            ],
            [
              -82.572929,
              35.637058
            ],
            [
              -82.5718,
              35.637074
            ],
            [
              -82.571281,
              35.637066
            ],
            [
              -82.570915,
              35.637047
            ],
            [
              -82.570259,
              35.636833
            ],
            [
              -82.569115,
              35.636475
            ],
            [
              -82.56868,
              35.636353
            ],
            [
              -82.568443,
              35.636303
            ],
            [
              -82.567955,
              35.636242
            ],
            [
              -82.566276,
              35.6360983
            ],
            [
              -82.5662789,
              35.6361729
            ],
            [
              -82.5662239,
              35.6366089
            ],
            [
              -82.567164,
              35.6367069
            ],
            [
              -82.5671059,
              35.6370924
            ],
            [
              -82.5663616,
              35.6371131
            ],
            [
              -82.5668295,
              35.638283
            ],
            [
              -82.5670239,
              35.6392475
            ],
            [
              -82.5668415,
              35.6397358
            ],
            [
              -82.5665069,
              35.6404023
            ],
            [
              -82.5671024,
              35.6406443
            ],
            [
              -82.5670767,
              35.6409874
            ],
            [
              -82.566677,
              35.6417051
            ],
            [
              -82.5666435,
              35.6418108
            ],
            [
              -82.5673207,
              35.6420942
            ],
            [
              -82.5674602,
              35.6418505
            ],
            [
              -82.5676319,
              35.6417383
            ],
            [
              -82.5679014,
              35.6418527
            ],
            [
              -82.568369,
              35.6418185
            ],
            [
              -82.5690946,
              35.6417357
            ],
            [
              -82.5696672,
              35.6420954
            ],
            [
              -82.5696042,
              35.6421935
            ],
            [
              -82.5698648,
              35.6429626
            ],
            [
              -82.5701036,
              35.6430586
            ],
            [
              -82.570467,
              35.6431065
            ],
            [
              -82.5707835,
              35.6429332
            ],
            [
              -82.5711644,
              35.6422455
            ],
            [
              -82.5710785,
              35.6428989
            ],
            [
              -82.5713548,
              35.6431594
            ],
            [
              -82.5714152,
              35.6433828
            ],
            [
              -82.5711805,
              35.6436729
            ],
            [
              -82.570935,
              35.6438135
            ],
            [
              -82.5700127,
              35.6435495
            ],
            [
              -82.569487,
              35.6434797
            ],
            [
              -82.5692027,
              35.6437783
            ],
            [
              -82.5688781,
              35.6430547
            ],
            [
              -82.5685777,
              35.6432487
            ],
            [
              -82.5689667,
              35.6441816
            ],
            [
              -82.5689667,
              35.644247
            ],
            [
              -82.5686126,
              35.6443124
            ],
            [
              -82.5682559,
              35.6440835
            ],
            [
              -82.5677194,
              35.6440181
            ],
            [
              -82.5677098,
              35.6440822
            ],
            [
              -82.5677742,
              35.6445182
            ],
            [
              -82.5683133,
              35.6447383
            ],
            [
              -82.5678037,
              35.6450217
            ],
            [
              -82.5674523,
              35.6454794
            ],
            [
              -82.5674335,
              35.6457649
            ],
            [
              -82.5677125,
              35.6461856
            ],
            [
              -82.5683911,
              35.6461268
            ],
            [
              -82.5680934,
              35.6466891
            ],
            [
              -82.5677661,
              35.6468417
            ],
            [
              -82.5680424,
              35.6478748
            ],
            [
              -82.5681416,
              35.6478552
            ],
            [
              -82.5681282,
              35.6489101
            ],
            [
              -82.5686057,
              35.6487292
            ],
            [
              -82.5689973,
              35.6488099
            ],
            [
              -82.569174,
              35.6488916
            ],
            [
              -82.5693966,
              35.649382
            ],
            [
              -82.5692357,
              35.6499291
            ],
            [
              -82.5690292,
              35.6501579
            ],
            [
              -82.5687502,
              35.650535
            ],
            [
              -82.5685491,
              35.6509844
            ],
            [
              -82.568474,
              35.6516121
            ],
            [
              -82.5683077,
              35.6519173
            ],
            [
              -82.5681253,
              35.6521112
            ],
            [
              -82.5681226,
              35.6519565
            ],
            [
              -82.5675566,
              35.651501
            ],
            [
              -82.5678356,
              35.6508188
            ],
            [
              -82.5682466,
              35.6500591
            ],
            [
              -82.5676297,
              35.6498455
            ],
            [
              -82.5674982,
              35.6491982
            ],
            [
              -82.5665648,
              35.6493791
            ],
            [
              -82.5660901,
              35.6493813
            ],
            [
              -82.5656314,
              35.6493333
            ],
            [
              -82.5652774,
              35.6494554
            ],
            [
              -82.5648723,
              35.6496494
            ],
            [
              -82.5644942,
              35.6496581
            ],
            [
              -82.5640874,
              35.6494241
            ],
            [
              -82.5638707,
              35.6496071
            ],
            [
              -82.5635864,
              35.6492628
            ],
            [
              -82.5629131,
              35.6493914
            ],
            [
              -82.5627146,
              35.6496289
            ],
            [
              -82.5626717,
              35.6496159
            ],
            [
              -82.5624598,
              35.6494415
            ],
            [
              -82.5621648,
              35.6493347
            ],
            [
              -82.56191,
              35.6494371
            ],
            [
              -82.5616149,
              35.6499929
            ],
            [
              -82.5610356,
              35.6504157
            ],
            [
              -82.5608224,
              35.6508691
            ],
            [
              -82.559956,
              35.652264
            ],
            [
              -82.5597897,
              35.6522902
            ],
            [
              -82.5596716,
              35.6523403
            ],
            [
              -82.559669,
              35.652458
            ],
            [
              -82.5597762,
              35.6525386
            ],
            [
              -82.5598996,
              35.652543
            ],
            [
              -82.5595974,
              35.6532138
            ],
            [
              -82.559474,
              35.6532029
            ],
            [
              -82.5593238,
              35.6541771
            ],
            [
              -82.5575722,
              35.65822
            ],
            [
              -82.5568561,
              35.6583202
            ],
            [
              -82.5561962,
              35.6579454
            ],
            [
              -82.5556087,
              35.6572811
            ],
            [
              -82.5549479,
              35.6573769
            ],
            [
              -82.5549694,
              35.6568256
            ],
            [
              -82.5544866,
              35.6567013
            ],
            [
              -82.5543846,
              35.6563047
            ],
            [
              -82.554111,
              35.6559168
            ],
            [
              -82.5481547,
              35.6557205
            ],
            [
              -82.5489701,
              35.6579744
            ],
            [
              -82.5473286,
              35.6579504
            ],
            [
              -82.5469182,
              35.6576693
            ],
            [
              -82.5464273,
              35.6575419
            ],
            [
              -82.545569,
              35.6582959
            ],
            [
              -82.5454188,
              35.6583461
            ],
            [
              -82.5453303,
              35.658272
            ],
            [
              -82.5452043,
              35.6579974
            ],
            [
              -82.5449441,
              35.657932
            ],
            [
              -82.544122,
              35.6582219
            ],
            [
              -82.5434902,
              35.6567813
            ],
            [
              -82.543568,
              35.657494
            ],
            [
              -82.5424843,
              35.6574329
            ],
            [
              -82.5424414,
              35.6572978
            ],
            [
              -82.5405129,
              35.6571845
            ],
            [
              -82.5404459,
              35.6571714
            ],
            [
              -82.5403386,
              35.6571256
            ],
            [
              -82.5383156,
              35.6573567
            ],
            [
              -82.5381145,
              35.6575092
            ],
            [
              -82.5376061,
              35.6577424
            ],
            [
              -82.5375739,
              35.657725
            ],
            [
              -82.5369275,
              35.6573174
            ],
            [
              -82.5367236,
              35.6574308
            ],
            [
              -82.5363245,
              35.6572259
            ],
            [
              -82.5355776,
              35.6580164
            ],
            [
              -82.5353041,
              35.6579859
            ],
            [
              -82.5347623,
              35.6580622
            ],
            [
              -82.533865,
              35.6587794
            ],
            [
              -82.5324837,
              35.6589646
            ],
            [
              -82.5321636,
              35.659577
            ],
            [
              -82.5309928,
              35.6601881
            ],
            [
              -82.5301023,
              35.6599396
            ],
            [
              -82.5290482,
              35.6593316
            ],
            [
              -82.527916,
              35.6591053
            ],
            [
              -82.5268485,
              35.6590682
            ],
            [
              -82.5262119,
              35.6588089
            ],
            [
              -82.525831,
              35.6586694
            ],
            [
              -82.525139,
              35.6587086
            ],
            [
              -82.5248328,
              35.6595422
            ],
            [
              -82.5246692,
              35.6596076
            ],
            [
              -82.5233388,
              35.6587664
            ],
            [
              -82.5230277,
              35.6589538
            ],
            [
              -82.522785,
              35.6595167
            ],
            [
              -82.5225436,
              35.659556
            ],
            [
              -82.5221198,
              35.659362
            ],
            [
              -82.521747,
              35.6593315
            ],
            [
              -82.5215566,
              35.6596802
            ],
            [
              -82.5211623,
              35.6604298
            ],
            [
              -82.5208726,
              35.6605192
            ],
            [
              -82.5204569,
              35.6603056
            ],
            [
              -82.5201082,
              35.6601509
            ],
            [
              -82.5196171,
              35.6602476
            ],
            [
              -82.5185818,
              35.6614396
            ],
            [
              -82.5177342,
              35.661542
            ],
            [
              -82.5163096,
              35.6607728
            ],
            [
              -82.5149524,
              35.6610103
            ],
            [
              -82.513618,
              35.6598945
            ],
            [
              -82.5132988,
              35.659864
            ],
            [
              -82.5115903,
              35.66035
            ],
            [
              -82.5104892,
              35.6609645
            ],
            [
              -82.5096485,
              35.6614551
            ],
            [
              -82.509002,
              35.6615041
            ],
            [
              -82.5079152,
              35.6622113
            ],
            [
              -82.5075356,
              35.6622025
            ],
            [
              -82.5071398,
              35.6623716
            ],
            [
              -82.505809,
              35.6623909
            ],
            [
              -82.5048381,
              35.662855
            ],
            [
              -82.5036102,
              35.6637072
            ],
            [
              -82.5025834,
              35.6642791
            ],
            [
              -82.5033075,
              35.6650266
            ],
            [
              -82.5029991,
              35.6650549
            ],
            [
              -82.5022964,
              35.6650636
            ],
            [
              -82.5015638,
              35.6654978
            ],
            [
              -82.5006947,
              35.6655828
            ],
            [
              -82.5001073,
              35.6655414
            ],
            [
              -82.4991696,
              35.6661631
            ],
            [
              -82.4987163,
              35.6663679
            ],
            [
              -82.4978097,
              35.666442
            ],
            [
              -82.4969836,
              35.6666447
            ],
            [
              -82.4967583,
              35.6668059
            ],
            [
              -82.49671,
              35.6669563
            ],
            [
              -82.4963613,
              35.6669563
            ],
            [
              -82.4958879,
              35.6668234
            ],
            [
              -82.4957028,
              35.6668757
            ],
            [
              -82.4954185,
              35.6671742
            ],
            [
              -82.4952307,
              35.6671982
            ],
            [
              -82.4947533,
              35.667026
            ],
            [
              -82.4944314,
              35.6670369
            ],
            [
              -82.4943429,
              35.6671786
            ],
            [
              -82.4924933,
              35.6656467
            ],
            [
              -82.4916832,
              35.6653699
            ],
            [
              -82.4920883,
              35.6647598
            ],
            [
              -82.4914365,
              35.6643915
            ],
            [
              -82.4902161,
              35.6639992
            ],
            [
              -82.4893962,
              35.663585
            ],
            [
              -82.4890931,
              35.6630903
            ],
            [
              -82.4883126,
              35.6628244
            ],
            [
              -82.4868615,
              35.6622208
            ],
            [
              -82.4864243,
              35.6617108
            ],
            [
              -82.4854855,
              35.6613382
            ],
            [
              -82.4851878,
              35.6619767
            ],
            [
              -82.4832046,
              35.6634967
            ],
            [
              -82.4841836,
              35.6634815
            ],
            [
              -82.4836671,
              35.6645841
            ],
            [
              -82.4830529,
              35.6646125
            ],
            [
              -82.481682,
              35.6667371
            ],
            [
              -82.4804267,
              35.6671773
            ],
            [
              -82.4797159,
              35.6671816
            ],
            [
              -82.4789568,
              35.6666027
            ],
            [
              -82.480204,
              35.6653693
            ],
            [
              -82.479166,
              35.6661604
            ],
            [
              -82.4792492,
              35.6649727
            ],
            [
              -82.4796059,
              35.6643234
            ],
            [
              -82.4796086,
              35.6641534
            ],
            [
              -82.4794799,
              35.6640858
            ],
            [
              -82.478643,
              35.664988
            ],
            [
              -82.4784579,
              35.6650033
            ],
            [
              -82.4783909,
              35.6649074
            ],
            [
              -82.4783614,
              35.6646001
            ],
            [
              -82.478139,
              35.664304
            ],
            [
              -82.478134,
              35.664308
            ],
            [
              -82.477628,
              35.664602
            ],
            [
              -82.477324,
              35.664751
            ],
            [
              -82.476977,
              35.664934
            ],
            [
              -82.476702,
              35.665102
            ],
            [
              -82.476436,
              35.66529
            ],
            [
              -82.476297,
              35.665448
            ],
            [
              -82.476135,
              35.665685
            ],
            [
              -82.475653,
              35.666668
            ],
            [
              -82.475432,
              35.66694
            ],
            [
              -82.4753,
              35.66706
            ],
            [
              -82.475141,
              35.667183
            ],
            [
              -82.474979,
              35.667278
            ],
            [
              -82.474571,
              35.66744
            ],
            [
              -82.473868,
              35.667696
            ],
            [
              -82.473149,
              35.668005
            ],
            [
              -82.472537,
              35.668299
            ],
            [
              -82.472207,
              35.66844
            ],
            [
              -82.471964,
              35.668479
            ],
            [
              -82.471765,
              35.668456
            ],
            [
              -82.471696,
              35.668447
            ],
            [
              -82.471508,
              35.668373
            ],
            [
              -82.471404,
              35.66833
            ],
            [
              -82.471297,
              35.668256
            ],
            [
              -82.471164,
              35.668126
            ],
            [
              -82.47096,
              35.667877
            ],
            [
              -82.47062,
              35.667131
            ],
            [
              -82.470514,
              35.666882
            ],
            [
              -82.470423,
              35.666717
            ],
            [
              -82.470313,
              35.666581
            ],
            [
              -82.470199,
              35.66649
            ],
            [
              -82.47006,
              35.666413
            ],
            [
              -82.469895,
              35.666345
            ],
            [
              -82.469574,
              35.666287
            ],
            [
              -82.469306,
              35.666306
            ],
            [
              -82.468849,
              35.666363
            ],
            [
              -82.468571,
              35.666411
            ],
            [
              -82.46835,
              35.66646
            ],
            [
              -82.467868,
              35.666599
            ],
            [
              -82.467236,
              35.666856
            ],
            [
              -82.466799,
              35.667063
            ],
            [
              -82.466336,
              35.667266
            ],
            [
              -82.466103,
              35.667337
            ],
            [
              -82.465941,
              35.667372
            ],
            [
              -82.465744,
              35.667398
            ],
            [
              -82.46541,
              35.667401
            ],
            [
              -82.465284,
              35.667388
            ],
            [
              -82.464992,
              35.667322
            ],
            [
              -82.464728,
              35.667242
            ],
            [
              -82.464533,
              35.667183
            ],
            [
              -82.463487,
              35.666806
            ],
            [
              -82.463228,
              35.666722
            ],
            [
              -82.462849,
              35.66657
            ],
            [
              -82.462457,
              35.666337
            ],
            [
              -82.462292,
              35.66621
            ],
            [
              -82.462103,
              35.666035
            ],
            [
              -82.462059,
              35.665987
            ],
            [
              -82.461929,
              35.665764
            ],
            [
              -82.461852,
              35.665594
            ],
            [
              -82.461757,
              35.665243
            ],
            [
              -82.461617,
              35.664601
            ],
            [
              -82.461426,
              35.663826
            ],
            [
              -82.461307,
              35.663462
            ],
            [
              -82.461057,
              35.662918
            ],
            [
              -82.460819,
              35.662586
            ],
            [
              -82.460662,
              35.662394
            ],
            [
              -82.460313,
              35.662075
            ],
            [
              -82.459881,
              35.661751
            ],
            [
              -82.459429,
              35.661447
            ],
            [
              -82.459169,
              35.661231
            ],
            [
              -82.458913,
              35.660937
            ],
            [
              -82.458766,
              35.66073
            ],
            [
              -82.458523,
              35.660295
            ],
            [
              -82.45844,
              35.660177
            ],
            [
              -82.458283,
              35.660005
            ],
            [
              -82.45815,
              35.659892
            ],
            [
              -82.457939,
              35.65975
            ],
            [
              -82.457379,
              35.659416
            ],
            [
              -82.457094,
              35.659191
            ],
            [
              -82.457011,
              35.659068
            ],
            [
              -82.456976,
              35.658989
            ],
            [
              -82.456952,
              35.658881
            ],
            [
              -82.456937,
              35.658646
            ],
            [
              -82.456944,
              35.658028
            ],
            [
              -82.456922,
              35.657787
            ],
            [
              -82.456833,
              35.657338
            ],
            [
              -82.456764,
              35.657176
            ],
            [
              -82.456685,
              35.657048
            ],
            [
              -82.456537,
              35.65686
            ],
            [
              -82.456394,
              35.656703
            ],
            [
              -82.456192,
              35.656511
            ],
            [
              -82.456037,
              35.656392
            ],
            [
              -82.455768,
              35.656204
            ],
            [
              -82.455584,
              35.656088
            ],
            [
              -82.455205,
              35.655825
            ],
            [
              -82.454999,
              35.655646
            ],
            [
              -82.454758,
              35.655391
            ],
            [
              -82.454579,
              35.655137
            ],
            [
              -82.45427,
              35.654659
            ],
            [
              -82.454181,
              35.654534
            ],
            [
              -82.454029,
              35.654377
            ],
            [
              -82.453935,
              35.654306
            ],
            [
              -82.453716,
              35.65419
            ],
            [
              -82.453609,
              35.65415
            ],
            [
              -82.45335,
              35.654105
            ],
            [
              -82.45293,
              35.654114
            ],
            [
              -82.452681,
              35.654158
            ],
            [
              -82.452408,
              35.654221
            ],
            [
              -82.452196,
              35.654289
            ],
            [
              -82.451985,
              35.654383
            ],
            [
              -82.451798,
              35.654501
            ],
            [
              -82.451607,
              35.654688
            ],
            [
              -82.451472,
              35.654854
            ],
            [
              -82.45135,
              35.655074
            ],
            [
              -82.451167,
              35.655497
            ],
            [
              -82.451074,
              35.655643
            ],
            [
              -82.450964,
              35.655777
            ],
            [
              -82.450846,
              35.655871
            ],
            [
              -82.450724,
              35.65594
            ],
            [
              -82.450423,
              35.65605
            ],
            [
              -82.449878,
              35.656192
            ],
            [
              -82.449489,
              35.656321
            ],
            [
              -82.449221,
              35.656451
            ],
            [
              -82.449087,
              35.656557
            ],
            [
              -82.448863,
              35.656821
            ],
            [
              -82.448778,
              35.656971
            ],
            [
              -82.448729,
              35.657101
            ],
            [
              -82.448696,
              35.657231
            ],
            [
              -82.44868,
              35.657463
            ],
            [
              -82.448745,
              35.657776
            ],
            [
              -82.448819,
              35.657977
            ],
            [
              -82.448908,
              35.658188
            ],
            [
              -82.448999,
              35.658335
            ],
            [
              -82.449414,
              35.658915
            ],
            [
              -82.450037,
              35.659736
            ],
            [
              -82.450437,
              35.660337
            ],
            [
              -82.450508,
              35.660493
            ],
            [
              -82.450687,
              35.661027
            ],
            [
              -82.450767,
              35.661354
            ],
            [
              -82.450829,
              35.661795
            ],
            [
              -82.450852,
              35.66208
            ],
            [
              -82.450858,
              35.662358
            ],
            [
              -82.450848,
              35.662656
            ],
            [
              -82.450819,
              35.662876
            ],
            [
              -82.450787,
              35.662999
            ],
            [
              -82.450693,
              35.663187
            ],
            [
              -82.450594,
              35.663345
            ],
            [
              -82.450487,
              35.6635
            ],
            [
              -82.450358,
              35.663649
            ],
            [
              -82.450209,
              35.663778
            ],
            [
              -82.449467,
              35.664304
            ],
            [
              -82.44927,
              35.664466
            ],
            [
              -82.448975,
              35.664754
            ],
            [
              -82.448875,
              35.664877
            ],
            [
              -82.448748,
              35.665078
            ],
            [
              -82.448641,
              35.665269
            ],
            [
              -82.448565,
              35.665431
            ],
            [
              -82.448147,
              35.666487
            ],
            [
              -82.447927,
              35.66695
            ],
            [
              -82.447755,
              35.667189
            ],
            [
              -82.447655,
              35.66729
            ],
            [
              -82.447438,
              35.667466
            ],
            [
              -82.447299,
              35.66756
            ],
            [
              -82.447143,
              35.667647
            ],
            [
              -82.447063,
              35.667679
            ],
            [
              -82.446742,
              35.667766
            ],
            [
              -82.446625,
              35.667785
            ],
            [
              -82.446185,
              35.667766
            ],
            [
              -82.445822,
              35.66771
            ],
            [
              -82.445155,
              35.667552
            ],
            [
              -82.444666,
              35.667403
            ],
            [
              -82.44418,
              35.667266
            ],
            [
              -82.443915,
              35.667211
            ],
            [
              -82.443724,
              35.667191
            ],
            [
              -82.44346,
              35.667187
            ],
            [
              -82.443335,
              35.667202
            ],
            [
              -82.443156,
              35.667247
            ],
            [
              -82.44298,
              35.667312
            ],
            [
              -82.442846,
              35.667399
            ],
            [
              -82.442718,
              35.667506
            ],
            [
              -82.442631,
              35.667607
            ],
            [
              -82.442548,
              35.667723
            ],
            [
              -82.442497,
              35.667852
            ],
            [
              -82.442445,
              35.668058
            ],
            [
              -82.442416,
              35.668294
            ],
            [
              -82.44239,
              35.66883
            ],
            [
              -82.442372,
              35.669026
            ],
            [
              -82.442299,
              35.669382
            ],
            [
              -82.442184,
              35.669778
            ],
            [
              -82.442109,
              35.670094
            ],
            [
              -82.442085,
              35.670297
            ],
            [
              -82.44209,
              35.670396
            ],
            [
              -82.442109,
              35.670505
            ],
            [
              -82.44217,
              35.670661
            ],
            [
              -82.442222,
              35.670727
            ],
            [
              -82.442293,
              35.670797
            ],
            [
              -82.442425,
              35.670892
            ],
            [
              -82.442608,
              35.67097
            ],
            [
              -82.44321,
              35.671149
            ],
            [
              -82.443433,
              35.671247
            ],
            [
              -82.443581,
              35.671333
            ],
            [
              -82.443667,
              35.671407
            ],
            [
              -82.443734,
              35.671501
            ],
            [
              -82.443753,
              35.671591
            ],
            [
              -82.443745,
              35.671782
            ],
            [
              -82.443691,
              35.671947
            ],
            [
              -82.443284,
              35.672806
            ],
            [
              -82.443134,
              35.673146
            ],
            [
              -82.443048,
              35.673478
            ],
            [
              -82.442915,
              35.674193
            ],
            [
              -82.442869,
              35.674501
            ],
            [
              -82.442806,
              35.674752
            ],
            [
              -82.442732,
              35.6749
            ],
            [
              -82.442614,
              35.675064
            ],
            [
              -82.442479,
              35.675195
            ],
            [
              -82.442113,
              35.675483
            ],
            [
              -82.441809,
              35.675691
            ],
            [
              -82.441151,
              35.676053
            ],
            [
              -82.440989,
              35.676114
            ],
            [
              -82.440685,
              35.676192
            ],
            [
              -82.440491,
              35.676208
            ],
            [
              -82.440105,
              35.6762
            ],
            [
              -82.439937,
              35.676171
            ],
            [
              -82.439678,
              35.676093
            ],
            [
              -82.43939,
              35.675967
            ],
            [
              -82.438923,
              35.675676
            ],
            [
              -82.438603,
              35.67547
            ],
            [
              -82.438026,
              35.675153
            ],
            [
              -82.43743,
              35.674883
            ],
            [
              -82.437231,
              35.674834
            ],
            [
              -82.436961,
              35.674785
            ],
            [
              -82.436675,
              35.674783
            ],
            [
              -82.436419,
              35.674814
            ],
            [
              -82.4363,
              35.674846
            ],
            [
              -82.436115,
              35.674943
            ],
            [
              -82.435886,
              35.675161
            ],
            [
              -82.435787,
              35.675294
            ],
            [
              -82.435703,
              35.675457
            ],
            [
              -82.435603,
              35.675766
            ],
            [
              -82.435519,
              35.676097
            ],
            [
              -82.435462,
              35.676297
            ],
            [
              -82.435402,
              35.676433
            ],
            [
              -82.435242,
              35.676653
            ],
            [
              -82.435151,
              35.676733
            ],
            [
              -82.434981,
              35.676837
            ],
            [
              -82.434861,
              35.676879
            ],
            [
              -82.434761,
              35.676894
            ],
            [
              -82.434649,
              35.676894
            ],
            [
              -82.434467,
              35.676875
            ],
            [
              -82.433563,
              35.676699
            ],
            [
              -82.433413,
              35.67668
            ],
            [
              -82.433224,
              35.676674
            ],
            [
              -82.433021,
              35.676678
            ],
            [
              -82.432683,
              35.676736
            ],
            [
              -82.432519,
              35.676778
            ],
            [
              -82.432233,
              35.676874
            ],
            [
              -82.431941,
              35.676995
            ],
            [
              -82.43151,
              35.677232
            ],
            [
              -82.431214,
              35.677423
            ],
            [
              -82.430823,
              35.677723
            ],
            [
              -82.430552,
              35.677987
            ],
            [
              -82.430381,
              35.678171
            ],
            [
              -82.430128,
              35.678503
            ],
            [
              -82.429964,
              35.678684
            ],
            [
              -82.429827,
              35.678811
            ],
            [
              -82.429731,
              35.678886
            ],
            [
              -82.429509,
              35.678995
            ],
            [
              -82.429403,
              35.679029
            ],
            [
              -82.429324,
              35.67904
            ],
            [
              -82.429204,
              35.67904
            ],
            [
              -82.429078,
              35.679023
            ],
            [
              -82.428941,
              35.678992
            ],
            [
              -82.428599,
              35.678831
            ],
            [
              -82.428253,
              35.678653
            ],
            [
              -82.42801,
              35.678521
            ],
            [
              -82.427771,
              35.678459
            ],
            [
              -82.42743,
              35.678437
            ],
            [
              -82.427055,
              35.678471
            ],
            [
              -82.426605,
              35.678552
            ],
            [
              -82.426385,
              35.678574
            ],
            [
              -82.426292,
              35.678567
            ],
            [
              -82.426118,
              35.678533
            ],
            [
              -82.426019,
              35.678505
            ],
            [
              -82.425958,
              35.678478
            ],
            [
              -82.425858,
              35.678413
            ],
            [
              -82.425805,
              35.67835
            ],
            [
              -82.425768,
              35.678273
            ],
            [
              -82.425728,
              35.678155
            ],
            [
              -82.425473,
              35.676717
            ],
            [
              -82.42542,
              35.676562
            ],
            [
              -82.425315,
              35.676333
            ],
            [
              -82.425253,
              35.676218
            ],
            [
              -82.425188,
              35.676125
            ],
            [
              -82.42503,
              35.675952
            ],
            [
              -82.424909,
              35.67585
            ],
            [
              -82.424738,
              35.675744
            ],
            [
              -82.424307,
              35.675555
            ],
            [
              -82.424123,
              35.675493
            ],
            [
              -82.424037,
              35.675465
            ],
            [
              -82.42378,
              35.675385
            ],
            [
              -82.423492,
              35.675317
            ],
            [
              -82.422961,
              35.67523
            ],
            [
              -82.422657,
              35.675208
            ],
            [
              -82.422304,
              35.675202
            ],
            [
              -82.422047,
              35.675218
            ],
            [
              -82.421842,
              35.675242
            ],
            [
              -82.421479,
              35.675332
            ],
            [
              -82.421318,
              35.675394
            ],
            [
              -82.421169,
              35.675475
            ],
            [
              -82.420878,
              35.675686
            ],
            [
              -82.420701,
              35.675856
            ],
            [
              -82.420415,
              35.676181
            ],
            [
              -82.420294,
              35.676358
            ],
            [
              -82.420219,
              35.6765
            ],
            [
              -82.420154,
              35.676688
            ],
            [
              -82.42013,
              35.676938
            ],
            [
              -82.420137,
              35.677174
            ],
            [
              -82.420175,
              35.677721
            ],
            [
              -82.420158,
              35.677868
            ],
            [
              -82.420113,
              35.677994
            ],
            [
              -82.420038,
              35.678114
            ],
            [
              -82.419898,
              35.678254
            ],
            [
              -82.41974,
              35.678357
            ],
            [
              -82.419614,
              35.678415
            ],
            [
              -82.41946,
              35.678452
            ],
            [
              -82.419282,
              35.678469
            ],
            [
              -82.419077,
              35.678459
            ],
            [
              -82.418474,
              35.678363
            ],
            [
              -82.418033,
              35.678264
            ],
            [
              -82.41766,
              35.67821
            ],
            [
              -82.417513,
              35.678213
            ],
            [
              -82.41741,
              35.67823
            ],
            [
              -82.417181,
              35.678312
            ],
            [
              -82.417075,
              35.678381
            ],
            [
              -82.416948,
              35.678534
            ],
            [
              -82.416877,
              35.678736
            ],
            [
              -82.416861,
              35.678824
            ],
            [
              -82.416868,
              35.678897
            ],
            [
              -82.416924,
              35.679122
            ],
            [
              -82.417431,
              35.680473
            ],
            [
              -82.417455,
              35.680665
            ],
            [
              -82.417438,
              35.680839
            ],
            [
              -82.4174,
              35.680945
            ],
            [
              -82.417304,
              35.681088
            ],
            [
              -82.417075,
              35.681294
            ],
            [
              -82.416927,
              35.68138
            ],
            [
              -82.416606,
              35.681581
            ],
            [
              -82.416473,
              35.681707
            ],
            [
              -82.416387,
              35.681841
            ],
            [
              -82.416261,
              35.682165
            ],
            [
              -82.416165,
              35.682637
            ],
            [
              -82.416117,
              35.682774
            ],
            [
              -82.416066,
              35.682883
            ],
            [
              -82.41597,
              35.683037
            ],
            [
              -82.415648,
              35.683413
            ],
            [
              -82.41545,
              35.683622
            ],
            [
              -82.415334,
              35.683759
            ],
            [
              -82.415231,
              35.683916
            ],
            [
              -82.414834,
              35.684695
            ],
            [
              -82.414742,
              35.684846
            ],
            [
              -82.414646,
              35.684969
            ],
            [
              -82.414365,
              35.685256
            ],
            [
              -82.413264,
              35.686179
            ],
            [
              -82.413048,
              35.686309
            ],
            [
              -82.41284,
              35.686395
            ],
            [
              -82.41264,
              35.686438
            ],
            [
              -82.41246,
              35.68644
            ],
            [
              -82.412253,
              35.686424
            ],
            [
              -82.411779,
              35.686306
            ],
            [
              -82.411574,
              35.686271
            ],
            [
              -82.411355,
              35.686247
            ],
            [
              -82.411218,
              35.686251
            ],
            [
              -82.411012,
              35.686282
            ],
            [
              -82.410882,
              35.686335
            ],
            [
              -82.410701,
              35.686428
            ],
            [
              -82.410512,
              35.686548
            ],
            [
              -82.410314,
              35.686709
            ],
            [
              -82.410096,
              35.686911
            ],
            [
              -82.409764,
              35.687259
            ],
            [
              -82.409552,
              35.687576
            ],
            [
              -82.409328,
              35.687953
            ],
            [
              -82.409197,
              35.688184
            ],
            [
              -82.40915,
              35.688326
            ],
            [
              -82.40912,
              35.688569
            ],
            [
              -82.409122,
              35.688932
            ],
            [
              -82.40938,
              35.690382
            ],
            [
              -82.40941,
              35.69069
            ],
            [
              -82.409418,
              35.691128
            ],
            [
              -82.409414,
              35.691252
            ],
            [
              -82.409385,
              35.691461
            ],
            [
              -82.409274,
              35.691865
            ],
            [
              -82.409154,
              35.692192
            ],
            [
              -82.40901,
              35.692471
            ],
            [
              -82.40886,
              35.692717
            ],
            [
              -82.408798,
              35.692852
            ],
            [
              -82.408719,
              35.693119
            ],
            [
              -82.408692,
              35.693257
            ],
            [
              -82.408563,
              35.694252
            ],
            [
              -82.408494,
              35.694548
            ],
            [
              -82.408409,
              35.694771
            ],
            [
              -82.408282,
              35.694979
            ],
            [
              -82.408092,
              35.695169
            ],
            [
              -82.407861,
              35.695358
            ],
            [
              -82.40763,
              35.695496
            ],
            [
              -82.407368,
              35.695615
            ],
            [
              -82.406196,
              35.696094
            ],
            [
              -82.405749,
              35.69634
            ],
            [
              -82.405412,
              35.696542
            ],
            [
              -82.405068,
              35.696777
            ],
            [
              -82.404877,
              35.696915
            ],
            [
              -82.404635,
              35.697108
            ],
            [
              -82.40389,
              35.697752
            ],
            [
              -82.403689,
              35.697848
            ],
            [
              -82.403189,
              35.697952
            ],
            [
              -82.403116,
              35.697963
            ],
            [
              -82.402942,
              35.697963
            ],
            [
              -82.402738,
              35.69794
            ],
            [
              -82.402032,
              35.697746
            ],
            [
              -82.401416,
              35.697554
            ],
            [
              -82.401179,
              35.697506
            ],
            [
              -82.40106,
              35.697502
            ],
            [
              -82.400767,
              35.697521
            ],
            [
              -82.400648,
              35.69754
            ],
            [
              -82.400432,
              35.697602
            ],
            [
              -82.400221,
              35.697687
            ],
            [
              -82.399932,
              35.697837
            ],
            [
              -82.39953,
              35.698015
            ],
            [
              -82.399272,
              35.698108
            ],
            [
              -82.39901,
              35.698181
            ],
            [
              -82.398875,
              35.698188
            ],
            [
              -82.39877,
              35.698176
            ],
            [
              -82.398355,
              35.698119
            ],
            [
              -82.398091,
              35.698019
            ],
            [
              -82.397952,
              35.697948
            ],
            [
              -82.396649,
              35.697165
            ],
            [
              -82.396302,
              35.696982
            ],
            [
              -82.39609,
              35.69688
            ],
            [
              -82.395659,
              35.696723
            ],
            [
              -82.39547,
              35.696676
            ],
            [
              -82.395282,
              35.696642
            ],
            [
              -82.394943,
              35.696611
            ],
            [
              -82.394355,
              35.696574
            ],
            [
              -82.393805,
              35.696567
            ],
            [
              -82.39177,
              35.696515
            ],
            [
              -82.391252,
              35.696432
            ],
            [
              -82.391083,
              35.69639
            ],
            [
              -82.390921,
              35.696332
            ],
            [
              -82.390713,
              35.696221
            ],
            [
              -82.390502,
              35.696051
            ],
            [
              -82.390436,
              35.695986
            ],
            [
              -82.390325,
              35.695847
            ],
            [
              -82.39013,
              35.69553
            ],
            [
              -82.390099,
              35.695442
            ],
            [
              -82.390067,
              35.695247
            ],
            [
              -82.390074,
              35.695074
            ],
            [
              -82.390174,
              35.694578
            ],
            [
              -82.390523,
              35.693191
            ],
            [
              -82.390596,
              35.692938
            ],
            [
              -82.390671,
              35.692582
            ],
            [
              -82.390694,
              35.692386
            ],
            [
              -82.390694,
              35.692143
            ],
            [
              -82.390622,
              35.691782
            ],
            [
              -82.390584,
              35.691611
            ],
            [
              -82.390423,
              35.691218
            ],
            [
              -82.390198,
              35.690739
            ],
            [
              -82.389749,
              35.689914
            ],
            [
              -82.389668,
              35.689699
            ],
            [
              -82.389645,
              35.689526
            ],
            [
              -82.389651,
              35.689082
            ],
            [
              -82.389728,
              35.688405
            ],
            [
              -82.389781,
              35.687635
            ],
            [
              -82.389775,
              35.68721
            ],
            [
              -82.389703,
              35.686513
            ],
            [
              -82.389635,
              35.686229
            ],
            [
              -82.389515,
              35.685863
            ],
            [
              -82.389235,
              35.68519
            ],
            [
              -82.389067,
              35.684888
            ],
            [
              -82.388821,
              35.684427
            ],
            [
              -82.388704,
              35.684253
            ],
            [
              -82.388492,
              35.683979
            ],
            [
              -82.387805,
              35.683022
            ],
            [
              -82.387267,
              35.682397
            ],
            [
              -82.387165,
              35.682308
            ],
            [
              -82.387072,
              35.682246
            ],
            [
              -82.386901,
              35.682174
            ],
            [
              -82.386795,
              35.682164
            ],
            [
              -82.386573,
              35.682167
            ],
            [
              -82.386439,
              35.682195
            ],
            [
              -82.386337,
              35.682232
            ],
            [
              -82.386248,
              35.682291
            ],
            [
              -82.386067,
              35.682444
            ],
            [
              -82.385889,
              35.682687
            ],
            [
              -82.38568,
              35.683049
            ],
            [
              -82.385584,
              35.683248
            ],
            [
              -82.385413,
              35.683678
            ],
            [
              -82.385334,
              35.683945
            ],
            [
              -82.385208,
              35.684482
            ],
            [
              -82.385088,
              35.685128
            ],
            [
              -82.385002,
              35.685477
            ],
            [
              -82.384944,
              35.685624
            ],
            [
              -82.384794,
              35.685867
            ],
            [
              -82.38465,
              35.68601
            ],
            [
              -82.384414,
              35.686212
            ],
            [
              -82.383901,
              35.686725
            ],
            [
              -82.38368,
              35.686939
            ],
            [
              -82.383585,
              35.687048
            ],
            [
              -82.383546,
              35.687132
            ],
            [
              -82.383525,
              35.687212
            ],
            [
              -82.383522,
              35.687379
            ],
            [
              -82.383577,
              35.687574
            ],
            [
              -82.383693,
              35.688125
            ],
            [
              -82.383795,
              35.688758
            ],
            [
              -82.383812,
              35.688914
            ],
            [
              -82.383804,
              35.689202
            ],
            [
              -82.38375,
              35.689556
            ],
            [
              -82.383618,
              35.690258
            ],
            [
              -82.383504,
              35.691575
            ],
            [
              -82.383477,
              35.691749
            ],
            [
              -82.383398,
              35.692074
            ],
            [
              -82.383321,
              35.692235
            ],
            [
              -82.383106,
              35.692577
            ],
            [
              -82.382954,
              35.692906
            ],
            [
              -82.382822,
              35.693233
            ],
            [
              -82.382563,
              35.693881
            ],
            [
              -82.38234,
              35.694481
            ],
            [
              -82.382266,
              35.694662
            ],
            [
              -82.382114,
              35.694856
            ],
            [
              -82.382026,
              35.694933
            ],
            [
              -82.381837,
              35.695076
            ],
            [
              -82.38146,
              35.695241
            ],
            [
              -82.381344,
              35.695283
            ],
            [
              -82.381167,
              35.69533
            ],
            [
              -82.380403,
              35.695451
            ],
            [
              -82.380253,
              35.695489
            ],
            [
              -82.380118,
              35.695551
            ],
            [
              -82.37996,
              35.69567
            ],
            [
              -82.379899,
              35.695731
            ],
            [
              -82.379795,
              35.69592
            ],
            [
              -82.379764,
              35.696047
            ],
            [
              -82.37976,
              35.696189
            ],
            [
              -82.379783,
              35.696308
            ],
            [
              -82.379858,
              35.696899
            ],
            [
              -82.379893,
              35.697137
            ],
            [
              -82.379895,
              35.697401
            ],
            [
              -82.379837,
              35.698128
            ],
            [
              -82.379815,
              35.69876
            ],
            [
              -82.379806,
              35.69902
            ],
            [
              -82.379779,
              35.699351
            ],
            [
              -82.379737,
              35.699547
            ],
            [
              -82.37961,
              35.699855
            ],
            [
              -82.379498,
              35.700063
            ],
            [
              -82.379389,
              35.700241
            ],
            [
              -82.379296,
              35.700364
            ],
            [
              -82.379142,
              35.700522
            ],
            [
              -82.379015,
              35.70063
            ],
            [
              -82.378717,
              35.700851
            ],
            [
              -82.378605,
              35.70092
            ],
            [
              -82.378409,
              35.70102
            ],
            [
              -82.378239,
              35.701087
            ],
            [
              -82.378074,
              35.70114
            ],
            [
              -82.377952,
              35.701165
            ],
            [
              -82.377773,
              35.701186
            ],
            [
              -82.377355,
              35.701187
            ],
            [
              -82.37684,
              35.701195
            ],
            [
              -82.376384,
              35.701223
            ],
            [
              -82.376084,
              35.701276
            ],
            [
              -82.375831,
              35.701332
            ],
            [
              -82.375623,
              35.701395
            ],
            [
              -82.375463,
              35.70146
            ],
            [
              -82.375273,
              35.701567
            ],
            [
              -82.375033,
              35.70172
            ],
            [
              -82.374815,
              35.701873
            ],
            [
              -82.374649,
              35.702004
            ],
            [
              -82.374495,
              35.702142
            ],
            [
              -82.374156,
              35.702546
            ],
            [
              -82.373995,
              35.702762
            ],
            [
              -82.373542,
              35.703521
            ],
            [
              -82.373307,
              35.703841
            ],
            [
              -82.372838,
              35.704346
            ],
            [
              -82.371813,
              35.705264
            ],
            [
              -82.371579,
              35.705506
            ],
            [
              -82.371355,
              35.70576
            ],
            [
              -82.370761,
              35.706585
            ],
            [
              -82.370327,
              35.70713
            ],
            [
              -82.370015,
              35.707464
            ],
            [
              -82.369734,
              35.707741
            ],
            [
              -82.369576,
              35.707872
            ],
            [
              -82.369244,
              35.708093
            ],
            [
              -82.368909,
              35.708274
            ],
            [
              -82.368466,
              35.708455
            ],
            [
              -82.368023,
              35.708601
            ],
            [
              -82.367432,
              35.708811
            ],
            [
              -82.366612,
              35.709149
            ],
            [
              -82.366029,
              35.709378
            ],
            [
              -82.365829,
              35.709479
            ],
            [
              -82.365756,
              35.709516
            ],
            [
              -82.365351,
              35.709774
            ],
            [
              -82.364918,
              35.710138
            ],
            [
              -82.364764,
              35.710334
            ],
            [
              -82.364518,
              35.710695
            ],
            [
              -82.364476,
              35.71078
            ],
            [
              -82.364389,
              35.711066
            ],
            [
              -82.364316,
              35.711428
            ],
            [
              -82.364264,
              35.712099
            ],
            [
              -82.364218,
              35.712403
            ],
            [
              -82.364181,
              35.712551
            ],
            [
              -82.364093,
              35.712747
            ],
            [
              -82.363954,
              35.712947
            ],
            [
              -82.363781,
              35.71312
            ],
            [
              -82.363222,
              35.713509
            ],
            [
              -82.36301,
              35.713626
            ],
            [
              -82.362825,
              35.713753
            ],
            [
              -82.362748,
              35.713826
            ],
            [
              -82.362678,
              35.713922
            ],
            [
              -82.362586,
              35.714111
            ],
            [
              -82.362428,
              35.714488
            ],
            [
              -82.362274,
              35.714776
            ],
            [
              -82.362066,
              35.715197
            ],
            [
              -82.361908,
              35.715386
            ],
            [
              -82.361677,
              35.715636
            ],
            [
              -82.361461,
              35.715851
            ],
            [
              -82.361245,
              35.716043
            ],
            [
              -82.361129,
              35.716177
            ],
            [
              -82.361033,
              35.716308
            ],
            [
              -82.360948,
              35.716477
            ],
            [
              -82.360594,
              35.717289
            ],
            [
              -82.360296,
              35.7179
            ],
            [
              -82.360232,
              35.718023
            ],
            [
              -82.360132,
              35.718138
            ],
            [
              -82.360063,
              35.718199
            ],
            [
              -82.359985,
              35.718238
            ],
            [
              -82.359889,
              35.718269
            ],
            [
              -82.359735,
              35.718296
            ],
            [
              -82.359416,
              35.718296
            ],
            [
              -82.3589,
              35.718269
            ],
            [
              -82.358659,
              35.718273
            ],
            [
              -82.358217,
              35.718315
            ],
            [
              -82.358059,
              35.718362
            ],
            [
              -82.357574,
              35.718581
            ],
            [
              -82.357296,
              35.718731
            ],
            [
              -82.357031,
              35.718904
            ],
            [
              -82.356788,
              35.719077
            ],
            [
              -82.356557,
              35.719262
            ],
            [
              -82.356251,
              35.719534
            ],
            [
              -82.35597,
              35.71983
            ],
            [
              -82.355704,
              35.720149
            ],
            [
              -82.355539,
              35.720388
            ],
            [
              -82.355404,
              35.720603
            ],
            [
              -82.355262,
              35.720872
            ],
            [
              -82.355103,
              35.721209
            ],
            [
              -82.354695,
              35.722258
            ],
            [
              -82.354468,
              35.722646
            ],
            [
              -82.354056,
              35.723254
            ],
            [
              -82.353952,
              35.72345
            ],
            [
              -82.353859,
              35.723799
            ],
            [
              -82.353816,
              35.724169
            ],
            [
              -82.353747,
              35.724596
            ],
            [
              -82.353682,
              35.724872
            ],
            [
              -82.353585,
              35.72513
            ],
            [
              -82.353501,
              35.725288
            ],
            [
              -82.353331,
              35.725506
            ],
            [
              -82.352907,
              35.726002
            ],
            [
              -82.352738,
              35.72621
            ],
            [
              -82.352538,
              35.726533
            ],
            [
              -82.352464,
              35.726675
            ],
            [
              -82.352321,
              35.727036
            ],
            [
              -82.35226,
              35.727336
            ],
            [
              -82.352241,
              35.727628
            ],
            [
              -82.352264,
              35.727874
            ],
            [
              -82.352321,
              35.728217
            ],
            [
              -82.352468,
              35.72865
            ],
            [
              -82.352522,
              35.728869
            ],
            [
              -82.352537,
              35.728985
            ],
            [
              -82.352537,
              35.7292
            ],
            [
              -82.352491,
              35.729354
            ],
            [
              -82.35238,
              35.729526
            ],
            [
              -82.352279,
              35.729635
            ],
            [
              -82.352183,
              35.729692
            ],
            [
              -82.352106,
              35.729723
            ],
            [
              -82.351983,
              35.72975
            ],
            [
              -82.351536,
              35.729804
            ],
            [
              -82.351094,
              35.729827
            ],
            [
              -82.350714,
              35.729879
            ],
            [
              -82.350206,
              35.729995
            ],
            [
              -82.350089,
              35.730034
            ],
            [
              -82.349737,
              35.730252
            ],
            [
              -82.348551,
              35.730922
            ],
            [
              -82.348064,
              35.731209
            ],
            [
              -82.347825,
              35.731332
            ],
            [
              -82.347714,
              35.731374
            ],
            [
              -82.346443,
              35.73157
            ],
            [
              -82.346214,
              35.731637
            ],
            [
              -82.34596,
              35.731728
            ],
            [
              -82.345629,
              35.731883
            ],
            [
              -82.345479,
              35.732003
            ],
            [
              -82.345321,
              35.732149
            ],
            [
              -82.345163,
              35.73233
            ],
            [
              -82.344957,
              35.732616
            ],
            [
              -82.344858,
              35.7329
            ],
            [
              -82.34478,
              35.733211
            ],
            [
              -82.34465,
              35.733644
            ],
            [
              -82.344492,
              35.734117
            ],
            [
              -82.344027,
              35.735392
            ],
            [
              -82.34385,
              35.735795
            ],
            [
              -82.343623,
              35.736135
            ],
            [
              -82.343318,
              35.736508
            ],
            [
              -82.343165,
              35.736703
            ],
            [
              -82.342789,
              35.73717
            ],
            [
              -82.342545,
              35.737467
            ],
            [
              -82.342167,
              35.737953
            ],
            [
              -82.341861,
              35.738316
            ],
            [
              -82.341535,
              35.738651
            ],
            [
              -82.341103,
              35.739045
            ],
            [
              -82.340825,
              35.739384
            ],
            [
              -82.340705,
              35.739653
            ],
            [
              -82.340679,
              35.739769
            ],
            [
              -82.340663,
              35.740023
            ],
            [
              -82.340666,
              35.740322
            ],
            [
              -82.340682,
              35.740641
            ],
            [
              -82.340682,
              35.740864
            ],
            [
              -82.340651,
              35.74108
            ],
            [
              -82.340589,
              35.741214
            ],
            [
              -82.340474,
              35.741314
            ],
            [
              -82.340408,
              35.741364
            ],
            [
              -82.340197,
              35.741472
            ],
            [
              -82.339338,
              35.741878
            ],
            [
              -82.338905,
              35.742114
            ],
            [
              -82.338737,
              35.742224
            ],
            [
              -82.338619,
              35.742316
            ],
            [
              -82.338501,
              35.742445
            ],
            [
              -82.33844,
              35.742521
            ],
            [
              -82.338387,
              35.742616
            ],
            [
              -82.338261,
              35.742973
            ],
            [
              -82.338246,
              35.743102
            ],
            [
              -82.338249,
              35.743235
            ],
            [
              -82.338299,
              35.743474
            ],
            [
              -82.338345,
              35.743661
            ],
            [
              -82.338664,
              35.74465
            ],
            [
              -82.338988,
              35.745542
            ],
            [
              -82.339442,
              35.74697
            ],
            [
              -82.3395244,
              35.7472443
            ],
            [
              -82.339575,
              35.747413
            ],
            [
              -82.33959,
              35.747554
            ],
            [
              -82.339575,
              35.747817
            ],
            [
              -82.339552,
              35.747915
            ],
            [
              -82.339518,
              35.747984
            ],
            [
              -82.3394,
              35.748144
            ],
            [
              -82.339252,
              35.748277
            ],
            [
              -82.339187,
              35.748322
            ],
            [
              -82.339061,
              35.748379
            ],
            [
              -82.338509,
              35.748501
            ],
            [
              -82.338229,
              35.748548
            ],
            [
              -82.337868,
              35.748579
            ],
            [
              -82.33767,
              35.748632
            ],
            [
              -82.337316,
              35.748754
            ],
            [
              -82.336909,
              35.748932
            ],
            [
              -82.336528,
              35.749085
            ],
            [
              -82.336106,
              35.749275
            ],
            [
              -82.335544,
              35.749504
            ],
            [
              -82.33521,
              35.749533
            ],
            [
              -82.335155,
              35.749525
            ],
            [
              -82.335132,
              35.748993
            ],
            [
              -82.334987,
              35.748745
            ],
            [
              -82.334872,
              35.748644
            ],
            [
              -82.334389,
              35.748326
            ],
            [
              -82.334065,
              35.748234
            ],
            [
              -82.333933,
              35.748245
            ],
            [
              -82.333797,
              35.748256
            ],
            [
              -82.333578,
              35.748263
            ],
            [
              -82.331988,
              35.748422
            ],
            [
              -82.3315605,
              35.7483915
            ],
            [
              -82.3294794,
              35.7475234
            ],
            [
              -82.3267475,
              35.7473194
            ],
            [
              -82.3222164,
              35.7403815
            ],
            [
              -82.3130075,
              35.7335014
            ],
            [
              -82.3086315,
              35.7329405
            ],
            [
              -82.3060415,
              35.7331235
            ],
            [
              -82.2965966,
              35.7301065
            ],
            [
              -82.2909254,
              35.7296844
            ],
            [
              -82.2864974,
              35.7265855
            ],
            [
              -82.2845635,
              35.7253815
            ],
            [
              -82.2787045,
              35.7202805
            ],
            [
              -82.2644374,
              35.8910736
            ],
            [
              -82.2599894,
              35.9108445
            ],
            [
              -82.2403885,
              36.0055126
            ],
            [
              -82.2427395,
              36.0065164
            ],
            [
              -82.2448215,
              36.0070945
            ],
            [
              -82.2477564,
              36.0081544
            ],
            [
              -82.2508955,
              36.0085524
            ],
            [
              -82.2530195,
              36.0074544
            ],
            [
              -82.2534224,
              36.0048616
            ],
            [
              -82.2525774,
              36.0023874
            ],
            [
              -82.2527434,
              36.0001134
            ],
            [
              -82.2523425,
              35.9978345
            ],
            [
              -82.2509306,
              35.9955164
            ],
            [
              -82.2498504,
              35.9936855
            ],
            [
              -82.2492904,
              35.9915364
            ],
            [
              -82.2503834,
              35.9893755
            ],
            [
              -82.2525645,
              35.9893374
            ],
            [
              -82.2547615,
              35.9903395
            ],
            [
              -82.2568805,
              35.9919215
            ],
            [
              -82.2587495,
              35.9942395
            ],
            [
              -82.2600405,
              35.9966685
            ],
            [
              -82.2626964,
              35.9989946
            ],
            [
              -82.2645314,
              35.9999414
            ],
            [
              -82.2666654,
              36.0008104
            ],
            [
              -82.2686754,
              36.0014735
            ],
            [
              -82.2706635,
              36.0018224
            ],
            [
              -82.2732625,
              36.0031055
            ],
            [
              -82.2739795,
              36.0056175
            ],
            [
              -82.2730445,
              36.0084746
            ],
            [
              -82.2725545,
              36.0107765
            ],
            [
              -82.2692155,
              36.0132195
            ],
            [
              -82.2676185,
              36.0147384
            ],
            [
              -82.2685045,
              36.0170825
            ],
            [
              -82.2703625,
              36.0183005
            ],
            [
              -82.2730415,
              36.0196726
            ],
            [
              -82.2752944,
              36.0215265
            ],
            [
              -82.2777344,
              36.0236465
            ],
            [
              -82.2803335,
              36.0254766
            ],
            [
              -82.2831415,
              36.0265094
            ],
            [
              -82.2865135,
              36.0274715
            ],
            [
              -82.2893914,
              36.0284895
            ],
            [
              -82.2911114,
              36.0301895
            ],
            [
              -82.2922264,
              36.0320825
            ],
            [
              -82.2944494,
              36.0340654
            ],
            [
              -82.2962874,
              36.0359185
            ],
            [
              -82.2989925,
              36.0399464
            ],
            [
              -82.2988695,
              36.0425386
            ],
            [
              -82.2988355,
              36.0448485
            ],
            [
              -82.3010414,
              36.0456074
            ],
            [
              -82.3023115,
              36.0438135
            ],
            [
              -82.3040674,
              36.0414485
            ],
            [
              -82.3068404,
              36.0402685
            ],
            [
              -82.3089794,
              36.0402055
            ],
            [
              -82.3111195,
              36.0387585
            ],
            [
              -82.3122394,
              36.0369726
            ],
            [
              -82.3129375,
              36.0340514
            ],
            [
              -82.3125346,
              36.0313545
            ],
            [
              -82.3114794,
              36.0285514
            ],
            [
              -82.3116215,
              36.0264825
            ],
            [
              -82.3134825,
              36.0256716
            ],
            [
              -82.3160755,
              36.0254325
            ],
            [
              -82.3183515,
              36.0252734
            ],
            [
              -82.3208654,
              36.0259995
            ],
            [
              -82.3224155,
              36.0283844
            ],
            [
              -82.3243535,
              36.0291265
            ],
            [
              -82.3271544,
              36.0289825
            ],
            [
              -82.3293805,
              36.0292985
            ],
            [
              -82.3319435,
              36.0294125
            ],
            [
              -82.3352344,
              36.0289584
            ],
            [
              -82.3376924,
              36.0299564
            ],
            [
              -82.3388474,
              36.0320905
            ],
            [
              -82.3396665,
              36.0348284
            ],
            [
              -82.3388325,
              36.0373875
            ],
            [
              -82.3370285,
              36.0395514
            ],
            [
              -82.3367684,
              36.0417575
            ],
            [
              -82.3362805,
              36.0447274
            ],
            [
              -82.3362775,
              36.0474475
            ],
            [
              -82.3363825,
              36.0504504
            ],
            [
              -82.3363805,
              36.0525836
            ],
            [
              -82.3369414,
              36.0552564
            ],
            [
              -82.3384046,
              36.0578933
            ],
            [
              -82.339213,
              36.059661
            ],
            [
              -82.3397449,
              36.0610591
            ],
            [
              -82.3397517,
              36.0611018
            ],
            [
              -82.34004,
              36.063115
            ],
            [
              -82.3401806,
              36.0643113
            ],
            [
              -82.340514,
              36.065385
            ],
            [
              -82.3411065,
              36.0664951
            ],
            [
              -82.342323,
              36.067696
            ],
            [
              -82.343213,
              36.068655
            ],
            [
              -82.343984,
              36.070169
            ],
            [
              -82.3443991,
              36.071184
            ]
          ]
        ]
      }
    },
    {
      "type": "Feature",
      "properties": {
        "unitName": "Brevard Branch",
        "unitId": "brevard-branch",
        "unitNumber": "188840",
        "churchBoundaryUnitId": "1166826"
      },
      "geometry": {
        "type": "Polygon",
        "coordinates": [
          [
            [
              -82.7452104,
              35.4229256
            ],
            [
              -82.7452105,
              35.4229256
            ],
            [
              -82.7464984,
              35.4202444
            ],
            [
              -82.7477735,
              35.4163055
            ],
            [
              -82.7494625,
              35.4130635
            ],
            [
              -82.7465315,
              35.4105124
            ],
            [
              -82.7474345,
              35.4074245
            ],
            [
              -82.7505394,
              35.4065546
            ],
            [
              -82.7539075,
              35.4029495
            ],
            [
              -82.7568315,
              35.4024095
            ],
            [
              -82.7590304,
              35.4022115
            ],
            [
              -82.7608654,
              35.4008766
            ],
            [
              -82.7622375,
              35.3985995
            ],
            [
              -82.7641454,
              35.3970226
            ],
            [
              -82.7689325,
              35.3954196
            ],
            [
              -82.7743245,
              35.3935435
            ],
            [
              -82.7777885,
              35.3884735
            ],
            [
              -82.7820575,
              35.3867626
            ],
            [
              -82.7820854,
              35.3843396
            ],
            [
              -82.7839735,
              35.3822784
            ],
            [
              -82.7879494,
              35.3809425
            ],
            [
              -82.7886135,
              35.3766595
            ],
            [
              -82.7899194,
              35.3751094
            ],
            [
              -82.7906016,
              35.3726125
            ],
            [
              -82.7917395,
              35.3668885
            ],
            [
              -82.7954465,
              35.3649546
            ],
            [
              -82.7976424,
              35.3613846
            ],
            [
              -82.7975584,
              35.3587064
            ],
            [
              -82.8001805,
              35.3573925
            ],
            [
              -82.8020804,
              35.3546974
            ],
            [
              -82.8029896,
              35.3515425
            ],
            [
              -82.8048635,
              35.3482335
            ],
            [
              -82.8076515,
              35.3471925
            ],
            [
              -82.8095564,
              35.3460565
            ],
            [
              -82.8119245,
              35.3459314
            ],
            [
              -82.8149024,
              35.3440575
            ],
            [
              -82.8140035,
              35.3377824
            ],
            [
              -82.8163135,
              35.3341634
            ],
            [
              -82.8227055,
              35.3318664
            ],
            [
              -82.8244555,
              35.3292246
            ],
            [
              -82.8251616,
              35.3272195
            ],
            [
              -82.8262095,
              35.3234705
            ],
            [
              -82.8284144,
              35.3235674
            ],
            [
              -82.8299906,
              35.3207615
            ],
            [
              -82.8320085,
              35.3184344
            ],
            [
              -82.8371054,
              35.3184916
            ],
            [
              -82.8406375,
              35.3193015
            ],
            [
              -82.8425914,
              35.3187995
            ],
            [
              -82.8464164,
              35.3188165
            ],
            [
              -82.8486055,
              35.3178655
            ],
            [
              -82.8513284,
              35.3180265
            ],
            [
              -82.8536015,
              35.3168905
            ],
            [
              -82.8563505,
              35.3172384
            ],
            [
              -82.8588515,
              35.3167544
            ],
            [
              -82.8620414,
              35.3145735
            ],
            [
              -82.8641825,
              35.3157504
            ],
            [
              -82.8688875,
              35.3150534
            ],
            [
              -82.8724544,
              35.3132915
            ],
            [
              -82.8743324,
              35.3141994
            ],
            [
              -82.8764284,
              35.3145925
            ],
            [
              -82.8783644,
              35.3128615
            ],
            [
              -82.8814045,
              35.3113105
            ],
            [
              -82.8828905,
              35.3089205
            ],
            [
              -82.8852864,
              35.3079835
            ],
            [
              -82.8943654,
              35.3061285
            ],
            [
              -82.9027055,
              35.3053466
            ],
            [
              -82.9103595,
              35.2991335
            ],
            [
              -82.9126925,
              35.2984195
            ],
            [
              -82.9154704,
              35.2959995
            ],
            [
              -82.9181045,
              35.2915755
            ],
            [
              -82.9207004,
              35.2918535
            ],
            [
              -82.9215234,
              35.2854675
            ],
            [
              -82.9222694,
              35.2829035
            ],
            [
              -82.9204634,
              35.2786425
            ],
            [
              -82.9199455,
              35.2758536
            ],
            [
              -82.9212065,
              35.2729694
            ],
            [
              -82.9194394,
              35.2712695
            ],
            [
              -82.9201525,
              35.2656594
            ],
            [
              -82.9222144,
              35.2633624
            ],
            [
              -82.9234125,
              35.2570394
            ],
            [
              -82.9251394,
              35.2545794
            ],
            [
              -82.9255444,
              35.2480085
            ],
            [
              -82.9250084,
              35.2446965
            ],
            [
              -82.9271005,
              35.2424754
            ],
            [
              -82.9271285,
              35.2385064
            ],
            [
              -82.9277875,
              35.2363255
            ],
            [
              -82.9290185,
              35.2344155
            ],
            [
              -82.9314265,
              35.2324734
            ],
            [
              -82.9318214,
              35.2288815
            ],
            [
              -82.9355475,
              35.2250374
            ],
            [
              -82.9455566,
              35.2230205
            ],
            [
              -82.9520516,
              35.2193935
            ],
            [
              -82.9539394,
              35.2175764
            ],
            [
              -82.9569255,
              35.2167134
            ],
            [
              -82.9593496,
              35.2158904
            ],
            [
              -82.9599655,
              35.2132735
            ],
            [
              -82.9608045,
              35.2102685
            ],
            [
              -82.9601844,
              35.2051914
            ],
            [
              -82.9617775,
              35.2033665
            ],
            [
              -82.9628194,
              35.2012306
            ],
            [
              -82.9673564,
              35.1997114
            ],
            [
              -82.9683796,
              35.1975685
            ],
            [
              -82.9691054,
              35.1940394
            ],
            [
              -82.9721246,
              35.1924594
            ],
            [
              -82.9771615,
              35.1918306
            ],
            [
              -82.9801544,
              35.1903845
            ],
            [
              -82.9835434,
              35.1898545
            ],
            [
              -82.9867805,
              35.1877624
            ],
            [
              -82.9886005,
              35.1850494
            ],
            [
              -82.9883655,
              35.1827924
            ],
            [
              -82.9861455,
              35.1822095
            ],
            [
              -82.9851965,
              35.1802144
            ],
            [
              -82.9859954,
              35.1773225
            ],
            [
              -82.9886205,
              35.1746925
            ],
            [
              -82.9854755,
              35.1715015
            ],
            [
              -82.9814394,
              35.1695345
            ],
            [
              -82.9827234,
              35.1670825
            ],
            [
              -82.9888015,
              35.1659974
            ],
            [
              -82.9910955,
              35.1648786
            ],
            [
              -82.9966135,
              35.1636664
            ],
            [
              -82.9958075,
              35.1611065
            ],
            [
              -82.9973175,
              35.1596366
            ],
            [
              -82.9967105,
              35.1573626
            ],
            [
              -82.9951654,
              35.1547545
            ],
            [
              -82.9928774,
              35.1531235
            ],
            [
              -82.9911624,
              35.1508194
            ],
            [
              -82.9889055,
              35.1482115
            ],
            [
              -82.9860315,
              35.1489795
            ],
            [
              -82.9807915,
              35.1482696
            ],
            [
              -82.9799994,
              35.1462424
            ],
            [
              -82.9815355,
              35.1434984
            ],
            [
              -82.9785544,
              35.1408875
            ],
            [
              -82.9796075,
              35.1390416
            ],
            [
              -82.9775715,
              35.1369895
            ],
            [
              -82.9763095,
              35.1336985
            ],
            [
              -82.9790134,
              35.1302296
            ],
            [
              -82.9819795,
              35.1313215
            ],
            [
              -82.9940775,
              35.1215266
            ],
            [
              -82.9996446,
              35.1163794
            ],
            [
              -83.0015905,
              35.1144685
            ],
            [
              -83.0049795,
              35.1113266
            ],
            [
              -83.0344275,
              35.0842235
            ],
            [
              -83.0361705,
              35.0828275
            ],
            [
              -83.0374495,
              35.0795695
            ],
            [
              -83.0416954,
              35.0794275
            ],
            [
              -83.0447645,
              35.0773954
            ],
            [
              -83.0450444,
              35.0741105
            ],
            [
              -83.0433874,
              35.0722304
            ],
            [
              -83.0444445,
              35.0694494
            ],
            [
              -83.0480014,
              35.0659704
            ],
            [
              -83.0488765,
              35.0637314
            ],
            [
              -83.0484275,
              35.0611685
            ],
            [
              -83.0500405,
              35.0596674
            ],
            [
              -83.0518554,
              35.0562464
            ],
            [
              -83.0550105,
              35.0535254
            ],
            [
              -83.0498955,
              35.0510906
            ],
            [
              -83.0471675,
              35.0506324
            ],
            [
              -83.0437424,
              35.0511355
            ],
            [
              -83.0413215,
              35.0493035
            ],
            [
              -83.0395395,
              35.0479065
            ],
            [
              -83.0379534,
              35.0451365
            ],
            [
              -83.0383725,
              35.0425265
            ],
            [
              -83.0360335,
              35.0417475
            ],
            [
              -83.0337795,
              35.0407394
            ],
            [
              -83.0326394,
              35.0377175
            ],
            [
              -83.0304394,
              35.0384495
            ],
            [
              -83.0287134,
              35.0398915
            ],
            [
              -83.0260414,
              35.0393175
            ],
            [
              -83.0220685,
              35.0375526
            ],
            [
              -83.0198635,
              35.0368895
            ],
            [
              -83.0172754,
              35.0351945
            ],
            [
              -83.0147985,
              35.0343915
            ],
            [
              -83.0130734,
              35.0323985
            ],
            [
              -83.0114054,
              35.0300396
            ],
            [
              -83.008707,
              35.027519
            ],
            [
              -83.002665,
              35.028937
            ],
            [
              -82.999868,
              35.02995
            ],
            [
              -82.987394,
              35.032996
            ],
            [
              -82.982644,
              35.03421
            ],
            [
              -82.976029,
              35.035996
            ],
            [
              -82.969226,
              35.037607
            ],
            [
              -82.968026,
              35.037918
            ],
            [
              -82.95271,
              35.04189
            ],
            [
              -82.945714,
              35.043688
            ],
            [
              -82.944916,
              35.043892
            ],
            [
              -82.944043,
              35.044116
            ],
            [
              -82.940667,
              35.044985
            ],
            [
              -82.936124,
              35.046154
            ],
            [
              -82.934383,
              35.046603
            ],
            [
              -82.930458,
              35.047572
            ],
            [
              -82.929024,
              35.047948
            ],
            [
              -82.919095,
              35.050554
            ],
            [
              -82.909018,
              35.053135
            ],
            [
              -82.900568,
              35.055258
            ],
            [
              -82.900136,
              35.055332
            ],
            [
              -82.899505,
              35.055495
            ],
            [
              -82.89877,
              35.055698
            ],
            [
              -82.897499,
              35.056022
            ],
            [
              -82.894802,
              35.056712
            ],
            [
              -82.891939,
              35.057445
            ],
            [
              -82.883506,
              35.059621
            ],
            [
              -82.87486,
              35.061878
            ],
            [
              -82.8745383,
              35.0619843
            ],
            [
              -82.872781,
              35.062565
            ],
            [
              -82.862914,
              35.06506
            ],
            [
              -82.853049,
              35.067556
            ],
            [
              -82.842745,
              35.070162
            ],
            [
              -82.839217,
              35.071085
            ],
            [
              -82.838563,
              35.071241
            ],
            [
              -82.837202,
              35.071612
            ],
            [
              -82.83712,
              35.071633
            ],
            [
              -82.833101,
              35.072687
            ],
            [
              -82.832889,
              35.0727425
            ],
            [
              -82.822338,
              35.075506
            ],
            [
              -82.811576,
              35.078326
            ],
            [
              -82.810059,
              35.078677
            ],
            [
              -82.807267,
              35.079415
            ],
            [
              -82.797089,
              35.082442
            ],
            [
              -82.7940063,
              35.0833573
            ],
            [
              -82.793391,
              35.08354
            ],
            [
              -82.7914021,
              35.0840748
            ],
            [
              -82.787868,
              35.085025
            ],
            [
              -82.7848335,
              35.0857006
            ],
            [
              -82.7832846,
              35.085601
            ],
            [
              -82.782854,
              35.085509
            ],
            [
              -82.7826756,
              35.0854542
            ],
            [
              -82.782441,
              35.085365
            ],
            [
              -82.782148,
              35.085228
            ],
            [
              -82.781836,
              35.08493
            ],
            [
              -82.781794,
              35.0848985
            ],
            [
              -82.781611,
              35.084761
            ],
            [
              -82.781396,
              35.084656
            ],
            [
              -82.781131,
              35.084585
            ],
            [
              -82.781063,
              35.084492
            ],
            [
              -82.780801,
              35.08427
            ],
            [
              -82.780088,
              35.084019
            ],
            [
              -82.779941,
              35.083995
            ],
            [
              -82.779697,
              35.083874
            ],
            [
              -82.779238,
              35.08393
            ],
            [
              -82.7789544,
              35.0839789
            ],
            [
              -82.778661,
              35.0838088
            ],
            [
              -82.778652,
              35.083576
            ],
            [
              -82.778281,
              35.083221
            ],
            [
              -82.777881,
              35.082874
            ],
            [
              -82.777568,
              35.082705
            ],
            [
              -82.77747,
              35.082592
            ],
            [
              -82.7767473,
              35.0819392
            ],
            [
              -82.776694,
              35.08186
            ],
            [
              -82.776358,
              35.08135
            ],
            [
              -82.7762715,
              35.0808342
            ],
            [
              -82.776438,
              35.08023
            ],
            [
              -82.776742,
              35.0794958
            ],
            [
              -82.776967,
              35.078853
            ],
            [
              -82.777124,
              35.078555
            ],
            [
              -82.777124,
              35.078224
            ],
            [
              -82.777015,
              35.077884
            ],
            [
              -82.7770026,
              35.0778439
            ],
            [
              -82.776988,
              35.077797
            ],
            [
              -82.776978,
              35.077709
            ],
            [
              -82.7770788,
              35.0773582
            ],
            [
              -82.777194,
              35.077112
            ],
            [
              -82.777341,
              35.077032
            ],
            [
              -82.777408,
              35.076886
            ],
            [
              -82.777414,
              35.076766
            ],
            [
              -82.7774292,
              35.076406
            ],
            [
              -82.77743,
              35.076251
            ],
            [
              -82.777499,
              35.076023
            ],
            [
              -82.777541,
              35.075885
            ],
            [
              -82.777904,
              35.075221
            ],
            [
              -82.77835,
              35.07458
            ],
            [
              -82.779117,
              35.073675
            ],
            [
              -82.7793199,
              35.0736064
            ],
            [
              -82.77973,
              35.07335
            ],
            [
              -82.780004,
              35.07306
            ],
            [
              -82.780307,
              35.072762
            ],
            [
              -82.780483,
              35.072367
            ],
            [
              -82.780272,
              35.071786
            ],
            [
              -82.779957,
              35.071432
            ],
            [
              -82.779664,
              35.071077
            ],
            [
              -82.7794693,
              35.0706507
            ],
            [
              -82.779391,
              35.070312
            ],
            [
              -82.779558,
              35.069957
            ],
            [
              -82.7800878,
              35.069296
            ],
            [
              -82.780546,
              35.069043
            ],
            [
              -82.78058,
              35.068947
            ],
            [
              -82.781025,
              35.068306
            ],
            [
              -82.781666,
              35.06755
            ],
            [
              -82.781848,
              35.067249
            ],
            [
              -82.781917,
              35.067138
            ],
            [
              -82.781961,
              35.066883
            ],
            [
              -82.781973,
              35.066817
            ],
            [
              -82.78221,
              35.066163
            ],
            [
              -82.782025,
              35.06593
            ],
            [
              -82.781879,
              35.065704
            ],
            [
              -82.782045,
              35.065374
            ],
            [
              -82.782173,
              35.06514
            ],
            [
              -82.782036,
              35.065019
            ],
            [
              -82.781968,
              35.064995
            ],
            [
              -82.781674,
              35.065083
            ],
            [
              -82.78144,
              35.06522
            ],
            [
              -82.781166,
              35.065237
            ],
            [
              -82.7810736,
              35.0652372
            ],
            [
              -82.780385,
              35.065261
            ],
            [
              -82.7803184,
              35.0652243
            ],
            [
              -82.780062,
              35.065083
            ],
            [
              -82.779799,
              35.064898
            ],
            [
              -82.77932,
              35.064962
            ],
            [
              -82.779027,
              35.065147
            ],
            [
              -82.7787128,
              35.065196
            ],
            [
              -82.778128,
              35.065203
            ],
            [
              -82.7777378,
              35.0652078
            ],
            [
              -82.777434,
              35.065163
            ],
            [
              -82.77712,
              35.065062
            ],
            [
              -82.776887,
              35.065074
            ],
            [
              -82.7763574,
              35.0648855
            ],
            [
              -82.775745,
              35.064694
            ],
            [
              -82.775304,
              35.064673
            ],
            [
              -82.775071,
              35.064662
            ],
            [
              -82.774966,
              35.064681
            ],
            [
              -82.77465,
              35.064743
            ],
            [
              -82.774289,
              35.064896
            ],
            [
              -82.7737906,
              35.0651776
            ],
            [
              -82.773477,
              35.065347
            ],
            [
              -82.773164,
              35.065435
            ],
            [
              -82.7728575,
              35.0654802
            ],
            [
              -82.772676,
              35.065507
            ],
            [
              -82.772324,
              35.065652
            ],
            [
              -82.771855,
              35.065805
            ],
            [
              -82.771659,
              35.066079
            ],
            [
              -82.771414,
              35.066514
            ],
            [
              -82.771199,
              35.066917
            ],
            [
              -82.771078,
              35.0671504
            ],
            [
              -82.771003,
              35.067295
            ],
            [
              -82.7708567,
              35.0674152
            ],
            [
              -82.7704153,
              35.0674559
            ],
            [
              -82.769918,
              35.067432
            ],
            [
              -82.7697746,
              35.0673536
            ],
            [
              -82.769371,
              35.067133
            ],
            [
              -82.768805,
              35.066891
            ],
            [
              -82.767945,
              35.06706
            ],
            [
              -82.767505,
              35.067293
            ],
            [
              -82.767351,
              35.0674541
            ],
            [
              -82.767182,
              35.067631
            ],
            [
              -82.766947,
              35.067873
            ],
            [
              -82.766615,
              35.067913
            ],
            [
              -82.7665181,
              35.0677761
            ],
            [
              -82.766048,
              35.067631
            ],
            [
              -82.765627,
              35.067719
            ],
            [
              -82.765041,
              35.067968
            ],
            [
              -82.764596,
              35.0681518
            ],
            [
              -82.764552,
              35.06817
            ],
            [
              -82.764465,
              35.0681769
            ],
            [
              -82.764181,
              35.068203
            ],
            [
              -82.763712,
              35.06821
            ],
            [
              -82.7630019,
              35.0680109
            ],
            [
              -82.762706,
              35.067928
            ],
            [
              -82.761407,
              35.067741
            ],
            [
              -82.760489,
              35.067499
            ],
            [
              -82.759854,
              35.067458
            ],
            [
              -82.759248,
              35.067547
            ],
            [
              -82.758671,
              35.067514
            ],
            [
              -82.757978,
              35.067352
            ],
            [
              -82.757177,
              35.067287
            ],
            [
              -82.7566401,
              35.0672934
            ],
            [
              -82.756336,
              35.067512
            ],
            [
              -82.755955,
              35.067867
            ],
            [
              -82.755554,
              35.068068
            ],
            [
              -82.7553367,
              35.0681698
            ],
            [
              -82.754645,
              35.068494
            ],
            [
              -82.75394,
              35.069009
            ],
            [
              -82.753608,
              35.069331
            ],
            [
              -82.753333,
              35.069766
            ],
            [
              -82.753118,
              35.070193
            ],
            [
              -82.7530496,
              35.0708756
            ],
            [
              -82.753038,
              35.070991
            ],
            [
              -82.752842,
              35.071579
            ],
            [
              -82.752676,
              35.0719071
            ],
            [
              -82.75247,
              35.072119
            ],
            [
              -82.751999,
              35.072473
            ],
            [
              -82.751754,
              35.072843
            ],
            [
              -82.751529,
              35.073141
            ],
            [
              -82.751265,
              35.073463
            ],
            [
              -82.751264,
              35.074132
            ],
            [
              -82.75141,
              35.074543
            ],
            [
              -82.751701,
              35.075365
            ],
            [
              -82.7517929,
              35.0756364
            ],
            [
              -82.751974,
              35.076171
            ],
            [
              -82.7520118,
              35.0765405
            ],
            [
              -82.751953,
              35.076913
            ],
            [
              -82.751775,
              35.078145
            ],
            [
              -82.7517642,
              35.0790483
            ],
            [
              -82.752115,
              35.07962
            ],
            [
              -82.752183,
              35.079765
            ],
            [
              -82.751841,
              35.079773
            ],
            [
              -82.7515537,
              35.079783
            ],
            [
              -82.751382,
              35.079789
            ],
            [
              -82.751264,
              35.080119
            ],
            [
              -82.751194,
              35.08078
            ],
            [
              -82.7510656,
              35.081481
            ],
            [
              -82.750392,
              35.081513
            ],
            [
              -82.749853,
              35.081399
            ],
            [
              -82.749009,
              35.081062
            ],
            [
              -82.748342,
              35.080812
            ],
            [
              -82.747735,
              35.080618
            ],
            [
              -82.747253,
              35.08035
            ],
            [
              -82.7470555,
              35.0801864
            ],
            [
              -82.746898,
              35.080056
            ],
            [
              -82.7467666,
              35.0800931
            ],
            [
              -82.746597,
              35.080141
            ],
            [
              -82.7459395,
              35.0798262
            ],
            [
              -82.745088,
              35.079684
            ],
            [
              -82.744447,
              35.079846
            ],
            [
              -82.7438341,
              35.080038
            ],
            [
              -82.743331,
              35.07961
            ],
            [
              -82.743159,
              35.079104
            ],
            [
              -82.742873,
              35.07893
            ],
            [
              -82.742022,
              35.078723
            ],
            [
              -82.741547,
              35.078277
            ],
            [
              -82.74092,
              35.078059
            ],
            [
              -82.740199,
              35.078092
            ],
            [
              -82.7398582,
              35.0781298
            ],
            [
              -82.739206,
              35.078202
            ],
            [
              -82.7387682,
              35.0782
            ],
            [
              -82.738809,
              35.079128
            ],
            [
              -82.7390242,
              35.0795438
            ],
            [
              -82.73912,
              35.079729
            ],
            [
              -82.7391863,
              35.0803692
            ],
            [
              -82.738885,
              35.081064
            ],
            [
              -82.73853,
              35.081497
            ],
            [
              -82.7374,
              35.081616
            ],
            [
              -82.736589,
              35.081473
            ],
            [
              -82.7361394,
              35.0814009
            ],
            [
              -82.7361027,
              35.0818284
            ],
            [
              -82.73608,
              35.082093
            ],
            [
              -82.735904,
              35.082701
            ],
            [
              -82.7355649,
              35.0834278
            ],
            [
              -82.735132,
              35.084003
            ],
            [
              -82.734735,
              35.084234
            ],
            [
              -82.734298,
              35.084361
            ],
            [
              -82.734136,
              35.084653
            ],
            [
              -82.734367,
              35.085127
            ],
            [
              -82.734489,
              35.085448
            ],
            [
              -82.734484,
              35.085787
            ],
            [
              -82.734207,
              35.086251
            ],
            [
              -82.73442,
              35.086789
            ],
            [
              -82.7343326,
              35.0870486
            ],
            [
              -82.733898,
              35.087151
            ],
            [
              -82.733372,
              35.08723
            ],
            [
              -82.732663,
              35.087441
            ],
            [
              -82.732009,
              35.087426
            ],
            [
              -82.7316495,
              35.0873752
            ],
            [
              -82.731012,
              35.087285
            ],
            [
              -82.730175,
              35.08736
            ],
            [
              -82.729583,
              35.087626
            ],
            [
              -82.729177,
              35.088592
            ],
            [
              -82.72906,
              35.089288
            ],
            [
              -82.729323,
              35.089947
            ],
            [
              -82.7295165,
              35.0905913
            ],
            [
              -82.728961,
              35.091978
            ],
            [
              -82.727808,
              35.093276
            ],
            [
              -82.727318,
              35.093783
            ],
            [
              -82.7270122,
              35.0941404
            ],
            [
              -82.726419,
              35.094376
            ],
            [
              -82.725687,
              35.09432
            ],
            [
              -82.725022,
              35.094208
            ],
            [
              -82.724724,
              35.093881
            ],
            [
              -82.724382,
              35.093796
            ],
            [
              -82.723463,
              35.094341
            ],
            [
              -82.723168,
              35.094199
            ],
            [
              -82.722931,
              35.094017
            ],
            [
              -82.722072,
              35.093939
            ],
            [
              -82.7204438,
              35.0932653
            ],
            [
              -82.719169,
              35.093524
            ],
            [
              -82.718652,
              35.0939195
            ],
            [
              -82.71859,
              35.093967
            ],
            [
              -82.7183572,
              35.0940264
            ],
            [
              -82.717979,
              35.093652
            ],
            [
              -82.717382,
              35.09349
            ],
            [
              -82.7170413,
              35.0935612
            ],
            [
              -82.716808,
              35.09361
            ],
            [
              -82.7152977,
              35.0929433
            ],
            [
              -82.714288,
              35.093352
            ],
            [
              -82.7134043,
              35.0941152
            ],
            [
              -82.711893,
              35.094399
            ],
            [
              -82.710221,
              35.0945744
            ],
            [
              -82.710174,
              35.09497
            ],
            [
              -82.7097187,
              35.0958796
            ],
            [
              -82.70969,
              35.095937
            ],
            [
              -82.709473,
              35.096521
            ],
            [
              -82.709071,
              35.096349
            ],
            [
              -82.70812,
              35.096054
            ],
            [
              -82.7071518,
              35.0965424
            ],
            [
              -82.706581,
              35.097615
            ],
            [
              -82.703552,
              35.098703
            ],
            [
              -82.7021545,
              35.0991076
            ],
            [
              -82.701565,
              35.099673
            ],
            [
              -82.7004971,
              35.1007599
            ],
            [
              -82.700274,
              35.100852
            ],
            [
              -82.700136,
              35.100789
            ],
            [
              -82.700096,
              35.100684
            ],
            [
              -82.699999,
              35.100024
            ],
            [
              -82.7000679,
              35.0997873
            ],
            [
              -82.700176,
              35.099416
            ],
            [
              -82.700141,
              35.098948
            ],
            [
              -82.699476,
              35.098149
            ],
            [
              -82.6990583,
              35.0975003
            ],
            [
              -82.699197,
              35.096998
            ],
            [
              -82.699442,
              35.096365
            ],
            [
              -82.699398,
              35.09597
            ],
            [
              -82.69878,
              35.09572
            ],
            [
              -82.6979413,
              35.0953654
            ],
            [
              -82.697678,
              35.095726
            ],
            [
              -82.697409,
              35.096092
            ],
            [
              -82.6970376,
              35.0965037
            ],
            [
              -82.696746,
              35.096827
            ],
            [
              -82.6963476,
              35.0973725
            ],
            [
              -82.696085,
              35.097732
            ],
            [
              -82.6954187,
              35.098542
            ],
            [
              -82.695394,
              35.098572
            ],
            [
              -82.694418,
              35.099214
            ],
            [
              -82.693759,
              35.099602
            ],
            [
              -82.69342,
              35.100486
            ],
            [
              -82.691857,
              35.101797
            ],
            [
              -82.691448,
              35.102146
            ],
            [
              -82.690525,
              35.102936
            ],
            [
              -82.6896333,
              35.1041202
            ],
            [
              -82.689316,
              35.105123
            ],
            [
              -82.6886251,
              35.1063526
            ],
            [
              -82.687838,
              35.106982
            ],
            [
              -82.6875132,
              35.1071869
            ],
            [
              -82.686793,
              35.107641
            ],
            [
              -82.686566,
              35.107895
            ],
            [
              -82.686484,
              35.108165
            ],
            [
              -82.686603,
              35.10844
            ],
            [
              -82.6866774,
              35.1084992
            ],
            [
              -82.686936,
              35.108705
            ],
            [
              -82.687094,
              35.108979
            ],
            [
              -82.687164,
              35.109311
            ],
            [
              -82.687051,
              35.109732
            ],
            [
              -82.6869672,
              35.110075
            ],
            [
              -82.686956,
              35.110121
            ],
            [
              -82.686996,
              35.110233
            ],
            [
              -82.687066,
              35.110428
            ],
            [
              -82.687282,
              35.110669
            ],
            [
              -82.687507,
              35.110814
            ],
            [
              -82.687733,
              35.110842
            ],
            [
              -82.688121,
              35.110891
            ],
            [
              -82.688959,
              35.110943
            ],
            [
              -82.6895734,
              35.1110531
            ],
            [
              -82.690275,
              35.111622
            ],
            [
              -82.691305,
              35.112044
            ],
            [
              -82.691527,
              35.112135
            ],
            [
              -82.6932501,
              35.1130454
            ],
            [
              -82.693986,
              35.114324
            ],
            [
              -82.6946259,
              35.1147368
            ],
            [
              -82.694566,
              35.115326
            ],
            [
              -82.694128,
              35.116147
            ],
            [
              -82.693552,
              35.11688
            ],
            [
              -82.6933131,
              35.1171055
            ],
            [
              -82.692945,
              35.117453
            ],
            [
              -82.692669,
              35.117941
            ],
            [
              -82.692444,
              35.1186704
            ],
            [
              -82.691863,
              35.11892
            ],
            [
              -82.690956,
              35.11898
            ],
            [
              -82.689397,
              35.119136
            ],
            [
              -82.6876484,
              35.1192874
            ],
            [
              -82.686739,
              35.119791
            ],
            [
              -82.686739,
              35.120359
            ],
            [
              -82.686349,
              35.121321
            ],
            [
              -82.686433,
              35.121664
            ],
            [
              -82.686497,
              35.121823
            ],
            [
              -82.686129,
              35.122851
            ],
            [
              -82.687085,
              35.125117
            ],
            [
              -82.685546,
              35.125224
            ],
            [
              -82.6831354,
              35.1259572
            ],
            [
              -82.682912,
              35.126407
            ],
            [
              -82.682804,
              35.126827
            ],
            [
              -82.682511,
              35.126973
            ],
            [
              -82.682217,
              35.127223
            ],
            [
              -82.6817095,
              35.1277792
            ],
            [
              -82.681443,
              35.127919
            ],
            [
              -82.680767,
              35.127936
            ],
            [
              -82.679854,
              35.127879
            ],
            [
              -82.679122,
              35.127834
            ],
            [
              -82.678377,
              35.127762
            ],
            [
              -82.677329,
              35.127223
            ],
            [
              -82.6767117,
              35.1268825
            ],
            [
              -82.676555,
              35.126796
            ],
            [
              -82.675595,
              35.126572
            ],
            [
              -82.6749913,
              35.1265729
            ],
            [
              -82.674938,
              35.126573
            ],
            [
              -82.6748995,
              35.1265562
            ],
            [
              -82.674615,
              35.126436
            ],
            [
              -82.674321,
              35.125984
            ],
            [
              -82.673909,
              35.125117
            ],
            [
              -82.673282,
              35.12339
            ],
            [
              -82.673335,
              35.122219
            ],
            [
              -82.673082,
              35.121503
            ],
            [
              -82.673385,
              35.120854
            ],
            [
              -82.673681,
              35.119558
            ],
            [
              -82.674073,
              35.118988
            ],
            [
              -82.6744566,
              35.1184756
            ],
            [
              -82.674059,
              35.117963
            ],
            [
              -82.673567,
              35.117638
            ],
            [
              -82.673272,
              35.117481
            ],
            [
              -82.672853,
              35.117486
            ],
            [
              -82.672622,
              35.117715
            ],
            [
              -82.672198,
              35.118156
            ],
            [
              -82.67166,
              35.118752
            ],
            [
              -82.670975,
              35.119333
            ],
            [
              -82.670432,
              35.119599
            ],
            [
              -82.669967,
              35.119855
            ],
            [
              -82.669807,
              35.120309
            ],
            [
              -82.6694299,
              35.120604
            ],
            [
              -82.66905,
              35.120617
            ],
            [
              -82.668453,
              35.119809
            ],
            [
              -82.668299,
              35.119205
            ],
            [
              -82.6679722,
              35.1187892
            ],
            [
              -82.666903,
              35.118415
            ],
            [
              -82.666627,
              35.118176
            ],
            [
              -82.665936,
              35.118322
            ],
            [
              -82.665335,
              35.11862
            ],
            [
              -82.665121,
              35.118711
            ],
            [
              -82.66458,
              35.118411
            ],
            [
              -82.663535,
              35.118279
            ],
            [
              -82.662381,
              35.118124
            ],
            [
              -82.661623,
              35.118375
            ],
            [
              -82.6611292,
              35.1190274
            ],
            [
              -82.661,
              35.119198
            ],
            [
              -82.6607195,
              35.1193223
            ],
            [
              -82.660014,
              35.119226
            ],
            [
              -82.659036,
              35.11902
            ],
            [
              -82.6587234,
              35.1190658
            ],
            [
              -82.658374,
              35.119117
            ],
            [
              -82.657975,
              35.119235
            ],
            [
              -82.657212,
              35.119051
            ],
            [
              -82.656662,
              35.1188003
            ],
            [
              -82.656454,
              35.119294
            ],
            [
              -82.656155,
              35.119597
            ],
            [
              -82.6560736,
              35.1196431
            ],
            [
              -82.655719,
              35.119844
            ],
            [
              -82.655358,
              35.120567
            ],
            [
              -82.6549797,
              35.121205
            ],
            [
              -82.65457,
              35.121513
            ],
            [
              -82.6544258,
              35.1215762
            ],
            [
              -82.653774,
              35.121862
            ],
            [
              -82.653171,
              35.122047
            ],
            [
              -82.652378,
              35.122598
            ],
            [
              -82.651964,
              35.122974
            ],
            [
              -82.651754,
              35.123364
            ],
            [
              -82.651772,
              35.123986
            ],
            [
              -82.652065,
              35.125117
            ],
            [
              -82.652202,
              35.125499
            ],
            [
              -82.6522509,
              35.1257093
            ],
            [
              -82.652192,
              35.126048
            ],
            [
              -82.651947,
              35.126226
            ],
            [
              -82.651438,
              35.126259
            ],
            [
              -82.650948,
              35.12626
            ],
            [
              -82.650047,
              35.126543
            ],
            [
              -82.648695,
              35.126771
            ],
            [
              -82.647843,
              35.126861
            ],
            [
              -82.645688,
              35.126759
            ],
            [
              -82.6453034,
              35.1268071
            ],
            [
              -82.645041,
              35.127034
            ],
            [
              -82.644894,
              35.127228
            ],
            [
              -82.6448502,
              35.1275461
            ],
            [
              -82.644629,
              35.12781
            ],
            [
              -82.6444286,
              35.1282394
            ],
            [
              -82.644286,
              35.128545
            ],
            [
              -82.6441459,
              35.128706
            ],
            [
              -82.64359,
              35.129345
            ],
            [
              -82.643306,
              35.129887
            ],
            [
              -82.643306,
              35.1300923
            ],
            [
              -82.643306,
              35.130436
            ],
            [
              -82.642973,
              35.130686
            ],
            [
              -82.6429256,
              35.1307196
            ],
            [
              -82.642539,
              35.130995
            ],
            [
              -82.641832,
              35.131763
            ],
            [
              -82.641563,
              35.132264
            ],
            [
              -82.6414645,
              35.1322586
            ],
            [
              -82.641127,
              35.13224
            ],
            [
              -82.64069,
              35.131835
            ],
            [
              -82.640566,
              35.131305
            ],
            [
              -82.6405305,
              35.1306702
            ],
            [
              -82.640522,
              35.130518
            ],
            [
              -82.640304,
              35.130072
            ],
            [
              -82.639867,
              35.129839
            ],
            [
              -82.639168,
              35.12975
            ],
            [
              -82.638359,
              35.129909
            ],
            [
              -82.6365961,
              35.130452
            ],
            [
              -82.636468,
              35.130363
            ],
            [
              -82.6364969,
              35.1300669
            ],
            [
              -82.636684,
              35.129661
            ],
            [
              -82.636743,
              35.129321
            ],
            [
              -82.636366,
              35.128623
            ],
            [
              -82.635969,
              35.127872
            ],
            [
              -82.635676,
              35.126943
            ],
            [
              -82.635842,
              35.126345
            ],
            [
              -82.636197,
              35.125688
            ],
            [
              -82.636226,
              35.125492
            ],
            [
              -82.635966,
              35.125433
            ],
            [
              -82.635625,
              35.12554
            ],
            [
              -82.635328,
              35.125729
            ],
            [
              -82.634894,
              35.125729
            ],
            [
              -82.63443,
              35.12554
            ],
            [
              -82.634003,
              35.125279
            ],
            [
              -82.633837,
              35.125302
            ],
            [
              -82.633314,
              35.125442
            ],
            [
              -82.632501,
              35.125556
            ],
            [
              -82.632129,
              35.125677
            ],
            [
              -82.6312746,
              35.1260041
            ],
            [
              -82.631071,
              35.126082
            ],
            [
              -82.630549,
              35.1262024
            ],
            [
              -82.629592,
              35.125834
            ],
            [
              -82.628838,
              35.125786
            ],
            [
              -82.628358,
              35.126077
            ],
            [
              -82.627829,
              35.126409
            ],
            [
              -82.627564,
              35.126829
            ],
            [
              -82.626986,
              35.127282
            ],
            [
              -82.626437,
              35.127904
            ],
            [
              -82.626174,
              35.128254
            ],
            [
              -82.626036,
              35.128438
            ],
            [
              -82.6260374,
              35.1284798
            ],
            [
              -82.626065,
              35.129334
            ],
            [
              -82.6248488,
              35.1304323
            ],
            [
              -82.624576,
              35.130569
            ],
            [
              -82.624506,
              35.130835
            ],
            [
              -82.624643,
              35.131158
            ],
            [
              -82.6248482,
              35.1313132
            ],
            [
              -82.625124,
              35.131547
            ],
            [
              -82.625193,
              35.131838
            ],
            [
              -82.625124,
              35.132145
            ],
            [
              -82.6248475,
              35.1324527
            ],
            [
              -82.624287,
              35.133234
            ],
            [
              -82.624148,
              35.133387
            ],
            [
              -82.623765,
              35.133594
            ],
            [
              -82.623253,
              35.13397
            ],
            [
              -82.62271,
              35.134596
            ],
            [
              -82.622424,
              35.1347559
            ],
            [
              -82.62215,
              35.134811
            ],
            [
              -82.6220626,
              35.1347923
            ],
            [
              -82.621682,
              35.134711
            ],
            [
              -82.621185,
              35.134636
            ],
            [
              -82.620853,
              35.134634
            ],
            [
              -82.6197729,
              35.1350184
            ],
            [
              -82.619715,
              35.135039
            ],
            [
              -82.61946,
              35.135094
            ],
            [
              -82.6184103,
              35.1351527
            ],
            [
              -82.617993,
              35.135271
            ],
            [
              -82.6179083,
              35.1353292
            ],
            [
              -82.617609,
              35.135535
            ],
            [
              -82.61693,
              35.136015
            ],
            [
              -82.616695,
              35.136111
            ],
            [
              -82.616001,
              35.136139
            ],
            [
              -82.6154815,
              35.1361824
            ],
            [
              -82.614904,
              35.136391
            ],
            [
              -82.614402,
              35.136702
            ],
            [
              -82.614027,
              35.137055
            ],
            [
              -82.613866,
              35.13753
            ],
            [
              -82.613903,
              35.138675
            ],
            [
              -82.6137596,
              35.1392553
            ],
            [
              -82.613425,
              35.139567
            ],
            [
              -82.613081,
              35.139727
            ],
            [
              -82.611507,
              35.139887
            ],
            [
              -82.611126,
              35.139869
            ],
            [
              -82.610609,
              35.139753
            ],
            [
              -82.6098592,
              35.1397809
            ],
            [
              -82.60974,
              35.139716
            ],
            [
              -82.609509,
              35.139344
            ],
            [
              -82.609297,
              35.139084
            ],
            [
              -82.609053,
              35.139027
            ],
            [
              -82.608646,
              35.139148
            ],
            [
              -82.608544,
              35.139112
            ],
            [
              -82.607249,
              35.139573
            ],
            [
              -82.606809,
              35.139619
            ],
            [
              -82.606301,
              35.139632
            ],
            [
              -82.604441,
              35.138936
            ],
            [
              -82.604013,
              35.13878
            ],
            [
              -82.6035336,
              35.1388011
            ],
            [
              -82.602652,
              35.139046
            ],
            [
              -82.602359,
              35.139037
            ],
            [
              -82.5987971,
              35.1378607
            ],
            [
              -82.59858,
              35.137789
            ],
            [
              -82.598141,
              35.13773
            ],
            [
              -82.5978666,
              35.1377833
            ],
            [
              -82.59708,
              35.138256
            ],
            [
              -82.596816,
              35.138343
            ],
            [
              -82.5931776,
              35.1387569
            ],
            [
              -82.592834,
              35.138796
            ],
            [
              -82.592729,
              35.138849
            ],
            [
              -82.592431,
              35.139003
            ],
            [
              -82.591996,
              35.139468
            ],
            [
              -82.591864,
              35.14
            ],
            [
              -82.591867,
              35.140343
            ],
            [
              -82.591871,
              35.1408851
            ],
            [
              -82.591872,
              35.141024
            ],
            [
              -82.59185,
              35.141217
            ],
            [
              -82.5916835,
              35.1413286
            ],
            [
              -82.590765,
              35.141243
            ],
            [
              -82.590295,
              35.141313
            ],
            [
              -82.589952,
              35.141408
            ],
            [
              -82.589774,
              35.141466
            ],
            [
              -82.589107,
              35.141887
            ],
            [
              -82.588958,
              35.142087
            ],
            [
              -82.588808,
              35.142425
            ],
            [
              -82.588698,
              35.142642
            ],
            [
              -82.588519,
              35.1428193
            ],
            [
              -82.588158,
              35.142929
            ],
            [
              -82.587835,
              35.142903
            ],
            [
              -82.5877548,
              35.1428673
            ],
            [
              -82.587359,
              35.142691
            ],
            [
              -82.587144,
              35.142657
            ],
            [
              -82.586958,
              35.142689
            ],
            [
              -82.5865401,
              35.1429431
            ],
            [
              -82.586486,
              35.142976
            ],
            [
              -82.586328,
              35.143096
            ],
            [
              -82.586035,
              35.143143
            ],
            [
              -82.5851722,
              35.1430279
            ],
            [
              -82.583166,
              35.142763
            ],
            [
              -82.582766,
              35.142664
            ],
            [
              -82.5818377,
              35.1423536
            ],
            [
              -82.580687,
              35.141743
            ],
            [
              -82.579499,
              35.141137
            ],
            [
              -82.579226,
              35.141087
            ],
            [
              -82.578902,
              35.141173
            ],
            [
              -82.578686,
              35.141261
            ],
            [
              -82.578468,
              35.14155
            ],
            [
              -82.578316,
              35.142105
            ],
            [
              -82.578135,
              35.142523
            ],
            [
              -82.57776,
              35.142884
            ],
            [
              -82.577623,
              35.1430583
            ],
            [
              -82.577572,
              35.143125
            ],
            [
              -82.577575,
              35.143778
            ],
            [
              -82.577454,
              35.144132
            ],
            [
              -82.577314,
              35.14443
            ],
            [
              -82.57691,
              35.144734
            ],
            [
              -82.576086,
              35.145011
            ],
            [
              -82.5749087,
              35.145488
            ],
            [
              -82.5772165,
              35.1481545
            ],
            [
              -82.5790354,
              35.1498425
            ],
            [
              -82.5856525,
              35.1524695
            ],
            [
              -82.5862704,
              35.1546764
            ],
            [
              -82.5865144,
              35.1570156
            ],
            [
              -82.5860135,
              35.1591814
            ],
            [
              -82.5892524,
              35.1597084
            ],
            [
              -82.5906185,
              35.1618005
            ],
            [
              -82.5906697,
              35.1620253
            ],
            [
              -82.6046453,
              35.221235
            ],
            [
              -82.603965,
              35.2260193
            ],
            [
              -82.6044603,
              35.2338014
            ],
            [
              -82.6046424,
              35.2375471
            ],
            [
              -82.6042904,
              35.2528455
            ],
            [
              -82.6041617,
              35.2529506
            ],
            [
              -82.6043203,
              35.2589549
            ],
            [
              -82.6104146,
              35.2612173
            ],
            [
              -82.6110315,
              35.2614538
            ],
            [
              -82.6120856,
              35.2612611
            ],
            [
              -82.6125121,
              35.260972
            ],
            [
              -82.6145777,
              35.2596199
            ],
            [
              -82.6162863,
              35.2601193
            ],
            [
              -82.6110054,
              35.2854448
            ],
            [
              -82.6110719,
              35.287495
            ],
            [
              -82.6184131,
              35.2878453
            ],
            [
              -82.6189549,
              35.2884337
            ],
            [
              -82.6193626,
              35.2903077
            ],
            [
              -82.6203282,
              35.2917089
            ],
            [
              -82.6226457,
              35.2940975
            ],
            [
              -82.6238902,
              35.2962341
            ],
            [
              -82.6239117,
              35.2984198
            ],
            [
              -82.6226242,
              35.3006439
            ],
            [
              -82.622474,
              35.302255
            ],
            [
              -82.6220878,
              35.3031481
            ],
            [
              -82.6195343,
              35.3035334
            ],
            [
              -82.7452104,
              35.4229256
            ]
          ]
        ]
      }
    },
    {
      "type": "Feature",
      "properties": {
        "unitName": "Asheville Central Branch",
        "unitId": "asheville-central-branch",
        "unitNumber": "193534",
        "churchBoundaryUnitId": "1166824"
      },
      "geometry": {
        "type": "Polygon",
        "coordinates": [
          [
            [
              -82.334389,
              35.748326
            ],
            [
              -82.334872,
              35.748644
            ],
            [
              -82.334987,
              35.748745
            ],
            [
              -82.335132,
              35.748993
            ],
            [
              -82.335155,
              35.749525
            ],
            [
              -82.33521,
              35.749533
            ],
            [
              -82.335544,
              35.749504
            ],
            [
              -82.336106,
              35.749275
            ],
            [
              -82.336528,
              35.749085
            ],
            [
              -82.336909,
              35.748932
            ],
            [
              -82.337316,
              35.748754
            ],
            [
              -82.33767,
              35.748632
            ],
            [
              -82.337868,
              35.748579
            ],
            [
              -82.338229,
              35.748548
            ],
            [
              -82.338509,
              35.748501
            ],
            [
              -82.339061,
              35.748379
            ],
            [
              -82.339187,
              35.748322
            ],
            [
              -82.339252,
              35.748277
            ],
            [
              -82.3394,
              35.748144
            ],
            [
              -82.339518,
              35.747984
            ],
            [
              -82.339552,
              35.747915
            ],
            [
              -82.339575,
              35.747817
            ],
            [
              -82.33959,
              35.747554
            ],
            [
              -82.339575,
              35.747413
            ],
            [
              -82.3395244,
              35.7472443
            ],
            [
              -82.339442,
              35.74697
            ],
            [
              -82.338988,
              35.745542
            ],
            [
              -82.338664,
              35.74465
            ],
            [
              -82.338345,
              35.743661
            ],
            [
              -82.338299,
              35.743474
            ],
            [
              -82.338249,
              35.743235
            ],
            [
              -82.338246,
              35.743102
            ],
            [
              -82.338261,
              35.742973
            ],
            [
              -82.338387,
              35.742616
            ],
            [
              -82.33844,
              35.742521
            ],
            [
              -82.338501,
              35.742445
            ],
            [
              -82.338619,
              35.742316
            ],
            [
              -82.338737,
              35.742224
            ],
            [
              -82.338905,
              35.742114
            ],
            [
              -82.339338,
              35.741878
            ],
            [
              -82.340197,
              35.741472
            ],
            [
              -82.340408,
              35.741364
            ],
            [
              -82.340474,
              35.741314
            ],
            [
              -82.340589,
              35.741214
            ],
            [
              -82.340651,
              35.74108
            ],
            [
              -82.340682,
              35.740864
            ],
            [
              -82.340682,
              35.740641
            ],
            [
              -82.340666,
              35.740322
            ],
            [
              -82.340663,
              35.740023
            ],
            [
              -82.340679,
              35.739769
            ],
            [
              -82.340705,
              35.739653
            ],
            [
              -82.340825,
              35.739384
            ],
            [
              -82.341103,
              35.739045
            ],
            [
              -82.341535,
              35.738651
            ],
            [
              -82.341861,
              35.738316
            ],
            [
              -82.342167,
              35.737953
            ],
            [
              -82.342545,
              35.737467
            ],
            [
              -82.342789,
              35.73717
            ],
            [
              -82.343165,
              35.736703
            ],
            [
              -82.343318,
              35.736508
            ],
            [
              -82.343623,
              35.736135
            ],
            [
              -82.34385,
              35.735795
            ],
            [
              -82.344027,
              35.735392
            ],
            [
              -82.344492,
              35.734117
            ],
            [
              -82.34465,
              35.733644
            ],
            [
              -82.34478,
              35.733211
            ],
            [
              -82.344858,
              35.7329
            ],
            [
              -82.344957,
              35.732616
            ],
            [
              -82.345163,
              35.73233
            ],
            [
              -82.345321,
              35.732149
            ],
            [
              -82.345479,
              35.732003
            ],
            [
              -82.345629,
              35.731883
            ],
            [
              -82.34596,
              35.731728
            ],
            [
              -82.346214,
              35.731637
            ],
            [
              -82.346443,
              35.73157
            ],
            [
              -82.347714,
              35.731374
            ],
            [
              -82.347825,
              35.731332
            ],
            [
              -82.348064,
              35.731209
            ],
            [
              -82.348551,
              35.730922
            ],
            [
              -82.349737,
              35.730252
            ],
            [
              -82.350089,
              35.730034
            ],
            [
              -82.350206,
              35.729995
            ],
            [
              -82.350714,
              35.729879
            ],
            [
              -82.351094,
              35.729827
            ],
            [
              -82.351536,
              35.729804
            ],
            [
              -82.351983,
              35.72975
            ],
            [
              -82.352106,
              35.729723
            ],
            [
              -82.352183,
              35.729692
            ],
            [
              -82.352279,
              35.729635
            ],
            [
              -82.35238,
              35.729526
            ],
            [
              -82.352491,
              35.729354
            ],
            [
              -82.352537,
              35.7292
            ],
            [
              -82.352537,
              35.728985
            ],
            [
              -82.352522,
              35.728869
            ],
            [
              -82.352468,
              35.72865
            ],
            [
              -82.352321,
              35.728217
            ],
            [
              -82.352264,
              35.727874
            ],
            [
              -82.352241,
              35.727628
            ],
            [
              -82.35226,
              35.727336
            ],
            [
              -82.352321,
              35.727036
            ],
            [
              -82.352464,
              35.726675
            ],
            [
              -82.352538,
              35.726533
            ],
            [
              -82.352738,
              35.72621
            ],
            [
              -82.352907,
              35.726002
            ],
            [
              -82.353331,
              35.725506
            ],
            [
              -82.353501,
              35.725288
            ],
            [
              -82.353585,
              35.72513
            ],
            [
              -82.353682,
              35.724872
            ],
            [
              -82.353747,
              35.724596
            ],
            [
              -82.353816,
              35.724169
            ],
            [
              -82.353859,
              35.723799
            ],
            [
              -82.353952,
              35.72345
            ],
            [
              -82.354056,
              35.723254
            ],
            [
              -82.354468,
              35.722646
            ],
            [
              -82.354695,
              35.722258
            ],
            [
              -82.355103,
              35.721209
            ],
            [
              -82.355262,
              35.720872
            ],
            [
              -82.355404,
              35.720603
            ],
            [
              -82.355539,
              35.720388
            ],
            [
              -82.355704,
              35.720149
            ],
            [
              -82.35597,
              35.71983
            ],
            [
              -82.356251,
              35.719534
            ],
            [
              -82.356557,
              35.719262
            ],
            [
              -82.356788,
              35.719077
            ],
            [
              -82.357031,
              35.718904
            ],
            [
              -82.357296,
              35.718731
            ],
            [
              -82.357574,
              35.718581
            ],
            [
              -82.358059,
              35.718362
            ],
            [
              -82.358217,
              35.718315
            ],
            [
              -82.358659,
              35.718273
            ],
            [
              -82.3589,
              35.718269
            ],
            [
              -82.359416,
              35.718296
            ],
            [
              -82.359735,
              35.718296
            ],
            [
              -82.359889,
              35.718269
            ],
            [
              -82.359985,
              35.718238
            ],
            [
              -82.360063,
              35.718199
            ],
            [
              -82.360132,
              35.718138
            ],
            [
              -82.360232,
              35.718023
            ],
            [
              -82.360296,
              35.7179
            ],
            [
              -82.360594,
              35.717289
            ],
            [
              -82.360948,
              35.716477
            ],
            [
              -82.361033,
              35.716308
            ],
            [
              -82.361129,
              35.716177
            ],
            [
              -82.361245,
              35.716043
            ],
            [
              -82.361461,
              35.715851
            ],
            [
              -82.361677,
              35.715636
            ],
            [
              -82.361908,
              35.715386
            ],
            [
              -82.362066,
              35.715197
            ],
            [
              -82.362274,
              35.714776
            ],
            [
              -82.362428,
              35.714488
            ],
            [
              -82.362586,
              35.714111
            ],
            [
              -82.362678,
              35.713922
            ],
            [
              -82.362748,
              35.713826
            ],
            [
              -82.362825,
              35.713753
            ],
            [
              -82.36301,
              35.713626
            ],
            [
              -82.363222,
              35.713509
            ],
            [
              -82.363781,
              35.71312
            ],
            [
              -82.363954,
              35.712947
            ],
            [
              -82.364093,
              35.712747
            ],
            [
              -82.364181,
              35.712551
            ],
            [
              -82.364218,
              35.712403
            ],
            [
              -82.364264,
              35.712099
            ],
            [
              -82.364316,
              35.711428
            ],
            [
              -82.364389,
              35.711066
            ],
            [
              -82.364476,
              35.71078
            ],
            [
              -82.364518,
              35.710695
            ],
            [
              -82.364764,
              35.710334
            ],
            [
              -82.364918,
              35.710138
            ],
            [
              -82.365351,
              35.709774
            ],
            [
              -82.365756,
              35.709516
            ],
            [
              -82.365829,
              35.709479
            ],
            [
              -82.366029,
              35.709378
            ],
            [
              -82.366612,
              35.709149
            ],
            [
              -82.367432,
              35.708811
            ],
            [
              -82.368023,
              35.708601
            ],
            [
              -82.368466,
              35.708455
            ],
            [
              -82.368909,
              35.708274
            ],
            [
              -82.369244,
              35.708093
            ],
            [
              -82.369576,
              35.707872
            ],
            [
              -82.369734,
              35.707741
            ],
            [
              -82.370015,
              35.707464
            ],
            [
              -82.370327,
              35.70713
            ],
            [
              -82.370761,
              35.706585
            ],
            [
              -82.371355,
              35.70576
            ],
            [
              -82.371579,
              35.705506
            ],
            [
              -82.371813,
              35.705264
            ],
            [
              -82.372838,
              35.704346
            ],
            [
              -82.373307,
              35.703841
            ],
            [
              -82.373542,
              35.703521
            ],
            [
              -82.373995,
              35.702762
            ],
            [
              -82.374156,
              35.702546
            ],
            [
              -82.374495,
              35.702142
            ],
            [
              -82.374649,
              35.702004
            ],
            [
              -82.374815,
              35.701873
            ],
            [
              -82.375033,
              35.70172
            ],
            [
              -82.375273,
              35.701567
            ],
            [
              -82.375463,
              35.70146
            ],
            [
              -82.375623,
              35.701395
            ],
            [
              -82.375831,
              35.701332
            ],
            [
              -82.376084,
              35.701276
            ],
            [
              -82.376384,
              35.701223
            ],
            [
              -82.37684,
              35.701195
            ],
            [
              -82.377355,
              35.701187
            ],
            [
              -82.377773,
              35.701186
            ],
            [
              -82.377952,
              35.701165
            ],
            [
              -82.378074,
              35.70114
            ],
            [
              -82.378239,
              35.701087
            ],
            [
              -82.378409,
              35.70102
            ],
            [
              -82.378605,
              35.70092
            ],
            [
              -82.378717,
              35.700851
            ],
            [
              -82.379015,
              35.70063
            ],
            [
              -82.379142,
              35.700522
            ],
            [
              -82.379296,
              35.700364
            ],
            [
              -82.379389,
              35.700241
            ],
            [
              -82.379498,
              35.700063
            ],
            [
              -82.37961,
              35.699855
            ],
            [
              -82.379737,
              35.699547
            ],
            [
              -82.379779,
              35.699351
            ],
            [
              -82.379806,
              35.69902
            ],
            [
              -82.379815,
              35.69876
            ],
            [
              -82.379837,
              35.698128
            ],
            [
              -82.379895,
              35.697401
            ],
            [
              -82.379893,
              35.697137
            ],
            [
              -82.379858,
              35.696899
            ],
            [
              -82.379783,
              35.696308
            ],
            [
              -82.37976,
              35.696189
            ],
            [
              -82.379764,
              35.696047
            ],
            [
              -82.379795,
              35.69592
            ],
            [
              -82.379899,
              35.695731
            ],
            [
              -82.37996,
              35.69567
            ],
            [
              -82.380118,
              35.695551
            ],
            [
              -82.380253,
              35.695489
            ],
            [
              -82.380403,
              35.695451
            ],
            [
              -82.381167,
              35.69533
            ],
            [
              -82.381344,
              35.695283
            ],
            [
              -82.38146,
              35.695241
            ],
            [
              -82.381837,
              35.695076
            ],
            [
              -82.382026,
              35.694933
            ],
            [
              -82.382114,
              35.694856
            ],
            [
              -82.382266,
              35.694662
            ],
            [
              -82.38234,
              35.694481
            ],
            [
              -82.382563,
              35.693881
            ],
            [
              -82.382822,
              35.693233
            ],
            [
              -82.382954,
              35.692906
            ],
            [
              -82.383106,
              35.692577
            ],
            [
              -82.383321,
              35.692235
            ],
            [
              -82.383398,
              35.692074
            ],
            [
              -82.383477,
              35.691749
            ],
            [
              -82.383504,
              35.691575
            ],
            [
              -82.383618,
              35.690258
            ],
            [
              -82.38375,
              35.689556
            ],
            [
              -82.383804,
              35.689202
            ],
            [
              -82.383812,
              35.688914
            ],
            [
              -82.383795,
              35.688758
            ],
            [
              -82.383693,
              35.688125
            ],
            [
              -82.383577,
              35.687574
            ],
            [
              -82.383522,
              35.687379
            ],
            [
              -82.383525,
              35.687212
            ],
            [
              -82.383546,
              35.687132
            ],
            [
              -82.383585,
              35.687048
            ],
            [
              -82.38368,
              35.686939
            ],
            [
              -82.383901,
              35.686725
            ],
            [
              -82.384414,
              35.686212
            ],
            [
              -82.38465,
              35.68601
            ],
            [
              -82.384794,
              35.685867
            ],
            [
              -82.384944,
              35.685624
            ],
            [
              -82.385002,
              35.685477
            ],
            [
              -82.385088,
              35.685128
            ],
            [
              -82.385208,
              35.684482
            ],
            [
              -82.385334,
              35.683945
            ],
            [
              -82.385413,
              35.683678
            ],
            [
              -82.385584,
              35.683248
            ],
            [
              -82.38568,
              35.683049
            ],
            [
              -82.385889,
              35.682687
            ],
            [
              -82.386067,
              35.682444
            ],
            [
              -82.386248,
              35.682291
            ],
            [
              -82.386337,
              35.682232
            ],
            [
              -82.386439,
              35.682195
            ],
            [
              -82.386573,
              35.682167
            ],
            [
              -82.386795,
              35.682164
            ],
            [
              -82.386901,
              35.682174
            ],
            [
              -82.387072,
              35.682246
            ],
            [
              -82.387165,
              35.682308
            ],
            [
              -82.387267,
              35.682397
            ],
            [
              -82.387805,
              35.683022
            ],
            [
              -82.388492,
              35.683979
            ],
            [
              -82.388704,
              35.684253
            ],
            [
              -82.388821,
              35.684427
            ],
            [
              -82.389067,
              35.684888
            ],
            [
              -82.389235,
              35.68519
            ],
            [
              -82.389515,
              35.685863
            ],
            [
              -82.389635,
              35.686229
            ],
            [
              -82.389703,
              35.686513
            ],
            [
              -82.389775,
              35.68721
            ],
            [
              -82.389781,
              35.687635
            ],
            [
              -82.389728,
              35.688405
            ],
            [
              -82.389651,
              35.689082
            ],
            [
              -82.389645,
              35.689526
            ],
            [
              -82.389668,
              35.689699
            ],
            [
              -82.389749,
              35.689914
            ],
            [
              -82.390198,
              35.690739
            ],
            [
              -82.390423,
              35.691218
            ],
            [
              -82.390584,
              35.691611
            ],
            [
              -82.390622,
              35.691782
            ],
            [
              -82.390694,
              35.692143
            ],
            [
              -82.390694,
              35.692386
            ],
            [
              -82.390671,
              35.692582
            ],
            [
              -82.390596,
              35.692938
            ],
            [
              -82.390523,
              35.693191
            ],
            [
              -82.390174,
              35.694578
            ],
            [
              -82.390074,
              35.695074
            ],
            [
              -82.390067,
              35.695247
            ],
            [
              -82.390099,
              35.695442
            ],
            [
              -82.39013,
              35.69553
            ],
            [
              -82.390325,
              35.695847
            ],
            [
              -82.390436,
              35.695986
            ],
            [
              -82.390502,
              35.696051
            ],
            [
              -82.390713,
              35.696221
            ],
            [
              -82.390921,
              35.696332
            ],
            [
              -82.391083,
              35.69639
            ],
            [
              -82.391252,
              35.696432
            ],
            [
              -82.39177,
              35.696515
            ],
            [
              -82.393805,
              35.696567
            ],
            [
              -82.394355,
              35.696574
            ],
            [
              -82.394943,
              35.696611
            ],
            [
              -82.395282,
              35.696642
            ],
            [
              -82.39547,
              35.696676
            ],
            [
              -82.395659,
              35.696723
            ],
            [
              -82.39609,
              35.69688
            ],
            [
              -82.396302,
              35.696982
            ],
            [
              -82.396649,
              35.697165
            ],
            [
              -82.397952,
              35.697948
            ],
            [
              -82.398091,
              35.698019
            ],
            [
              -82.398355,
              35.698119
            ],
            [
              -82.39877,
              35.698176
            ],
            [
              -82.398875,
              35.698188
            ],
            [
              -82.39901,
              35.698181
            ],
            [
              -82.399272,
              35.698108
            ],
            [
              -82.39953,
              35.698015
            ],
            [
              -82.399932,
              35.697837
            ],
            [
              -82.400221,
              35.697687
            ],
            [
              -82.400432,
              35.697602
            ],
            [
              -82.400648,
              35.69754
            ],
            [
              -82.400767,
              35.697521
            ],
            [
              -82.40106,
              35.697502
            ],
            [
              -82.401179,
              35.697506
            ],
            [
              -82.401416,
              35.697554
            ],
            [
              -82.402032,
              35.697746
            ],
            [
              -82.402738,
              35.69794
            ],
            [
              -82.402942,
              35.697963
            ],
            [
              -82.403116,
              35.697963
            ],
            [
              -82.403189,
              35.697952
            ],
            [
              -82.403689,
              35.697848
            ],
            [
              -82.40389,
              35.697752
            ],
            [
              -82.404635,
              35.697108
            ],
            [
              -82.404877,
              35.696915
            ],
            [
              -82.405068,
              35.696777
            ],
            [
              -82.405412,
              35.696542
            ],
            [
              -82.405749,
              35.69634
            ],
            [
              -82.406196,
              35.696094
            ],
            [
              -82.407368,
              35.695615
            ],
            [
              -82.40763,
              35.695496
            ],
            [
              -82.407861,
              35.695358
            ],
            [
              -82.408092,
              35.695169
            ],
            [
              -82.408282,
              35.694979
            ],
            [
              -82.408409,
              35.694771
            ],
            [
              -82.408494,
              35.694548
            ],
            [
              -82.408563,
              35.694252
            ],
            [
              -82.408692,
              35.693257
            ],
            [
              -82.408719,
              35.693119
            ],
            [
              -82.408798,
              35.692852
            ],
            [
              -82.40886,
              35.692717
            ],
            [
              -82.40901,
              35.692471
            ],
            [
              -82.409154,
              35.692192
            ],
            [
              -82.409274,
              35.691865
            ],
            [
              -82.409385,
              35.691461
            ],
            [
              -82.409414,
              35.691252
            ],
            [
              -82.409418,
              35.691128
            ],
            [
              -82.40941,
              35.69069
            ],
            [
              -82.40938,
              35.690382
            ],
            [
              -82.409122,
              35.688932
            ],
            [
              -82.40912,
              35.688569
            ],
            [
              -82.40915,
              35.688326
            ],
            [
              -82.409197,
              35.688184
            ],
            [
              -82.409328,
              35.687953
            ],
            [
              -82.409552,
              35.687576
            ],
            [
              -82.409764,
              35.687259
            ],
            [
              -82.410096,
              35.686911
            ],
            [
              -82.410314,
              35.686709
            ],
            [
              -82.410512,
              35.686548
            ],
            [
              -82.410701,
              35.686428
            ],
            [
              -82.410882,
              35.686335
            ],
            [
              -82.411012,
              35.686282
            ],
            [
              -82.411218,
              35.686251
            ],
            [
              -82.411355,
              35.686247
            ],
            [
              -82.411574,
              35.686271
            ],
            [
              -82.411779,
              35.686306
            ],
            [
              -82.412253,
              35.686424
            ],
            [
              -82.41246,
              35.68644
            ],
            [
              -82.41264,
              35.686438
            ],
            [
              -82.41284,
              35.686395
            ],
            [
              -82.413048,
              35.686309
            ],
            [
              -82.413264,
              35.686179
            ],
            [
              -82.414365,
              35.685256
            ],
            [
              -82.414646,
              35.684969
            ],
            [
              -82.414742,
              35.684846
            ],
            [
              -82.414834,
              35.684695
            ],
            [
              -82.415231,
              35.683916
            ],
            [
              -82.415334,
              35.683759
            ],
            [
              -82.41545,
              35.683622
            ],
            [
              -82.415648,
              35.683413
            ],
            [
              -82.41597,
              35.683037
            ],
            [
              -82.416066,
              35.682883
            ],
            [
              -82.416117,
              35.682774
            ],
            [
              -82.416165,
              35.682637
            ],
            [
              -82.416261,
              35.682165
            ],
            [
              -82.416387,
              35.681841
            ],
            [
              -82.416473,
              35.681707
            ],
            [
              -82.416606,
              35.681581
            ],
            [
              -82.416927,
              35.68138
            ],
            [
              -82.417075,
              35.681294
            ],
            [
              -82.417304,
              35.681088
            ],
            [
              -82.4174,
              35.680945
            ],
            [
              -82.417438,
              35.680839
            ],
            [
              -82.417455,
              35.680665
            ],
            [
              -82.417431,
              35.680473
            ],
            [
              -82.416924,
              35.679122
            ],
            [
              -82.416868,
              35.678897
            ],
            [
              -82.416861,
              35.678824
            ],
            [
              -82.416877,
              35.678736
            ],
            [
              -82.416948,
              35.678534
            ],
            [
              -82.417075,
              35.678381
            ],
            [
              -82.417181,
              35.678312
            ],
            [
              -82.41741,
              35.67823
            ],
            [
              -82.417513,
              35.678213
            ],
            [
              -82.41766,
              35.67821
            ],
            [
              -82.418033,
              35.678264
            ],
            [
              -82.418474,
              35.678363
            ],
            [
              -82.419077,
              35.678459
            ],
            [
              -82.419282,
              35.678469
            ],
            [
              -82.41946,
              35.678452
            ],
            [
              -82.419614,
              35.678415
            ],
            [
              -82.41974,
              35.678357
            ],
            [
              -82.419898,
              35.678254
            ],
            [
              -82.420038,
              35.678114
            ],
            [
              -82.420113,
              35.677994
            ],
            [
              -82.420158,
              35.677868
            ],
            [
              -82.420175,
              35.677721
            ],
            [
              -82.420137,
              35.677174
            ],
            [
              -82.42013,
              35.676938
            ],
            [
              -82.420154,
              35.676688
            ],
            [
              -82.420219,
              35.6765
            ],
            [
              -82.420294,
              35.676358
            ],
            [
              -82.420415,
              35.676181
            ],
            [
              -82.420701,
              35.675856
            ],
            [
              -82.420878,
              35.675686
            ],
            [
              -82.421169,
              35.675475
            ],
            [
              -82.421318,
              35.675394
            ],
            [
              -82.421479,
              35.675332
            ],
            [
              -82.421842,
              35.675242
            ],
            [
              -82.422047,
              35.675218
            ],
            [
              -82.422304,
              35.675202
            ],
            [
              -82.422657,
              35.675208
            ],
            [
              -82.422961,
              35.67523
            ],
            [
              -82.423492,
              35.675317
            ],
            [
              -82.42378,
              35.675385
            ],
            [
              -82.424037,
              35.675465
            ],
            [
              -82.424123,
              35.675493
            ],
            [
              -82.424307,
              35.675555
            ],
            [
              -82.424738,
              35.675744
            ],
            [
              -82.424909,
              35.67585
            ],
            [
              -82.42503,
              35.675952
            ],
            [
              -82.425188,
              35.676125
            ],
            [
              -82.425253,
              35.676218
            ],
            [
              -82.425315,
              35.676333
            ],
            [
              -82.42542,
              35.676562
            ],
            [
              -82.425473,
              35.676717
            ],
            [
              -82.425728,
              35.678155
            ],
            [
              -82.425768,
              35.678273
            ],
            [
              -82.425805,
              35.67835
            ],
            [
              -82.425858,
              35.678413
            ],
            [
              -82.425958,
              35.678478
            ],
            [
              -82.426019,
              35.678505
            ],
            [
              -82.426118,
              35.678533
            ],
            [
              -82.426292,
              35.678567
            ],
            [
              -82.426385,
              35.678574
            ],
            [
              -82.426605,
              35.678552
            ],
            [
              -82.427055,
              35.678471
            ],
            [
              -82.42743,
              35.678437
            ],
            [
              -82.427771,
              35.678459
            ],
            [
              -82.42801,
              35.678521
            ],
            [
              -82.428253,
              35.678653
            ],
            [
              -82.428599,
              35.678831
            ],
            [
              -82.428941,
              35.678992
            ],
            [
              -82.429078,
              35.679023
            ],
            [
              -82.429204,
              35.67904
            ],
            [
              -82.429324,
              35.67904
            ],
            [
              -82.429403,
              35.679029
            ],
            [
              -82.429509,
              35.678995
            ],
            [
              -82.429731,
              35.678886
            ],
            [
              -82.429827,
              35.678811
            ],
            [
              -82.429964,
              35.678684
            ],
            [
              -82.430128,
              35.678503
            ],
            [
              -82.430381,
              35.678171
            ],
            [
              -82.430552,
              35.677987
            ],
            [
              -82.430823,
              35.677723
            ],
            [
              -82.431214,
              35.677423
            ],
            [
              -82.43151,
              35.677232
            ],
            [
              -82.431941,
              35.676995
            ],
            [
              -82.432233,
              35.676874
            ],
            [
              -82.432519,
              35.676778
            ],
            [
              -82.432683,
              35.676736
            ],
            [
              -82.433021,
              35.676678
            ],
            [
              -82.433224,
              35.676674
            ],
            [
              -82.433413,
              35.67668
            ],
            [
              -82.433563,
              35.676699
            ],
            [
              -82.434467,
              35.676875
            ],
            [
              -82.434649,
              35.676894
            ],
            [
              -82.434761,
              35.676894
            ],
            [
              -82.434861,
              35.676879
            ],
            [
              -82.434981,
              35.676837
            ],
            [
              -82.435151,
              35.676733
            ],
            [
              -82.435242,
              35.676653
            ],
            [
              -82.435402,
              35.676433
            ],
            [
              -82.435462,
              35.676297
            ],
            [
              -82.435519,
              35.676097
            ],
            [
              -82.435603,
              35.675766
            ],
            [
              -82.435703,
              35.675457
            ],
            [
              -82.435787,
              35.675294
            ],
            [
              -82.435886,
              35.675161
            ],
            [
              -82.436115,
              35.674943
            ],
            [
              -82.4363,
              35.674846
            ],
            [
              -82.436419,
              35.674814
            ],
            [
              -82.436675,
              35.674783
            ],
            [
              -82.436961,
              35.674785
            ],
            [
              -82.437231,
              35.674834
            ],
            [
              -82.43743,
              35.674883
            ],
            [
              -82.438026,
              35.675153
            ],
            [
              -82.438603,
              35.67547
            ],
            [
              -82.438923,
              35.675676
            ],
            [
              -82.43939,
              35.675967
            ],
            [
              -82.439678,
              35.676093
            ],
            [
              -82.439937,
              35.676171
            ],
            [
              -82.440105,
              35.6762
            ],
            [
              -82.440491,
              35.676208
            ],
            [
              -82.440685,
              35.676192
            ],
            [
              -82.440989,
              35.676114
            ],
            [
              -82.441151,
              35.676053
            ],
            [
              -82.441809,
              35.675691
            ],
            [
              -82.442113,
              35.675483
            ],
            [
              -82.442479,
              35.675195
            ],
            [
              -82.442614,
              35.675064
            ],
            [
              -82.442732,
              35.6749
            ],
            [
              -82.442806,
              35.674752
            ],
            [
              -82.442869,
              35.674501
            ],
            [
              -82.442915,
              35.674193
            ],
            [
              -82.443048,
              35.673478
            ],
            [
              -82.443134,
              35.673146
            ],
            [
              -82.443284,
              35.672806
            ],
            [
              -82.443691,
              35.671947
            ],
            [
              -82.443745,
              35.671782
            ],
            [
              -82.443753,
              35.671591
            ],
            [
              -82.443734,
              35.671501
            ],
            [
              -82.443667,
              35.671407
            ],
            [
              -82.443581,
              35.671333
            ],
            [
              -82.443433,
              35.671247
            ],
            [
              -82.44321,
              35.671149
            ],
            [
              -82.442608,
              35.67097
            ],
            [
              -82.442425,
              35.670892
            ],
            [
              -82.442293,
              35.670797
            ],
            [
              -82.442222,
              35.670727
            ],
            [
              -82.44217,
              35.670661
            ],
            [
              -82.442109,
              35.670505
            ],
            [
              -82.44209,
              35.670396
            ],
            [
              -82.442085,
              35.670297
            ],
            [
              -82.442109,
              35.670094
            ],
            [
              -82.442184,
              35.669778
            ],
            [
              -82.442299,
              35.669382
            ],
            [
              -82.442372,
              35.669026
            ],
            [
              -82.44239,
              35.66883
            ],
            [
              -82.442416,
              35.668294
            ],
            [
              -82.442445,
              35.668058
            ],
            [
              -82.442497,
              35.667852
            ],
            [
              -82.442548,
              35.667723
            ],
            [
              -82.442631,
              35.667607
            ],
            [
              -82.442718,
              35.667506
            ],
            [
              -82.442846,
              35.667399
            ],
            [
              -82.44298,
              35.667312
            ],
            [
              -82.443156,
              35.667247
            ],
            [
              -82.443335,
              35.667202
            ],
            [
              -82.44346,
              35.667187
            ],
            [
              -82.443724,
              35.667191
            ],
            [
              -82.443915,
              35.667211
            ],
            [
              -82.44418,
              35.667266
            ],
            [
              -82.444666,
              35.667403
            ],
            [
              -82.445155,
              35.667552
            ],
            [
              -82.445822,
              35.66771
            ],
            [
              -82.446185,
              35.667766
            ],
            [
              -82.446625,
              35.667785
            ],
            [
              -82.446742,
              35.667766
            ],
            [
              -82.447063,
              35.667679
            ],
            [
              -82.447143,
              35.667647
            ],
            [
              -82.447299,
              35.66756
            ],
            [
              -82.447438,
              35.667466
            ],
            [
              -82.447655,
              35.66729
            ],
            [
              -82.447755,
              35.667189
            ],
            [
              -82.447927,
              35.66695
            ],
            [
              -82.448147,
              35.666487
            ],
            [
              -82.448565,
              35.665431
            ],
            [
              -82.448641,
              35.665269
            ],
            [
              -82.448748,
              35.665078
            ],
            [
              -82.448875,
              35.664877
            ],
            [
              -82.448975,
              35.664754
            ],
            [
              -82.44927,
              35.664466
            ],
            [
              -82.449467,
              35.664304
            ],
            [
              -82.450209,
              35.663778
            ],
            [
              -82.450358,
              35.663649
            ],
            [
              -82.450487,
              35.6635
            ],
            [
              -82.450594,
              35.663345
            ],
            [
              -82.450693,
              35.663187
            ],
            [
              -82.450787,
              35.662999
            ],
            [
              -82.450819,
              35.662876
            ],
            [
              -82.450848,
              35.662656
            ],
            [
              -82.450858,
              35.662358
            ],
            [
              -82.450852,
              35.66208
            ],
            [
              -82.450829,
              35.661795
            ],
            [
              -82.450767,
              35.661354
            ],
            [
              -82.450687,
              35.661027
            ],
            [
              -82.450508,
              35.660493
            ],
            [
              -82.450437,
              35.660337
            ],
            [
              -82.450037,
              35.659736
            ],
            [
              -82.449414,
              35.658915
            ],
            [
              -82.448999,
              35.658335
            ],
            [
              -82.448908,
              35.658188
            ],
            [
              -82.448819,
              35.657977
            ],
            [
              -82.448745,
              35.657776
            ],
            [
              -82.44868,
              35.657463
            ],
            [
              -82.448696,
              35.657231
            ],
            [
              -82.448729,
              35.657101
            ],
            [
              -82.448778,
              35.656971
            ],
            [
              -82.448863,
              35.656821
            ],
            [
              -82.449087,
              35.656557
            ],
            [
              -82.449221,
              35.656451
            ],
            [
              -82.449489,
              35.656321
            ],
            [
              -82.449878,
              35.656192
            ],
            [
              -82.450423,
              35.65605
            ],
            [
              -82.450724,
              35.65594
            ],
            [
              -82.450846,
              35.655871
            ],
            [
              -82.450964,
              35.655777
            ],
            [
              -82.451074,
              35.655643
            ],
            [
              -82.451167,
              35.655497
            ],
            [
              -82.45135,
              35.655074
            ],
            [
              -82.451472,
              35.654854
            ],
            [
              -82.451607,
              35.654688
            ],
            [
              -82.451798,
              35.654501
            ],
            [
              -82.451985,
              35.654383
            ],
            [
              -82.452196,
              35.654289
            ],
            [
              -82.452408,
              35.654221
            ],
            [
              -82.452681,
              35.654158
            ],
            [
              -82.45293,
              35.654114
            ],
            [
              -82.45335,
              35.654105
            ],
            [
              -82.453609,
              35.65415
            ],
            [
              -82.453716,
              35.65419
            ],
            [
              -82.453935,
              35.654306
            ],
            [
              -82.454029,
              35.654377
            ],
            [
              -82.454181,
              35.654534
            ],
            [
              -82.45427,
              35.654659
            ],
            [
              -82.454579,
              35.655137
            ],
            [
              -82.454758,
              35.655391
            ],
            [
              -82.454999,
              35.655646
            ],
            [
              -82.455205,
              35.655825
            ],
            [
              -82.455584,
              35.656088
            ],
            [
              -82.455768,
              35.656204
            ],
            [
              -82.456037,
              35.656392
            ],
            [
              -82.456192,
              35.656511
            ],
            [
              -82.456394,
              35.656703
            ],
            [
              -82.456537,
              35.65686
            ],
            [
              -82.456685,
              35.657048
            ],
            [
              -82.456764,
              35.657176
            ],
            [
              -82.456833,
              35.657338
            ],
            [
              -82.456922,
              35.657787
            ],
            [
              -82.456944,
              35.658028
            ],
            [
              -82.456937,
              35.658646
            ],
            [
              -82.456952,
              35.658881
            ],
            [
              -82.456976,
              35.658989
            ],
            [
              -82.457011,
              35.659068
            ],
            [
              -82.457094,
              35.659191
            ],
            [
              -82.457379,
              35.659416
            ],
            [
              -82.457939,
              35.65975
            ],
            [
              -82.45815,
              35.659892
            ],
            [
              -82.458283,
              35.660005
            ],
            [
              -82.45844,
              35.660177
            ],
            [
              -82.458523,
              35.660295
            ],
            [
              -82.458766,
              35.66073
            ],
            [
              -82.458913,
              35.660937
            ],
            [
              -82.459169,
              35.661231
            ],
            [
              -82.459429,
              35.661447
            ],
            [
              -82.459881,
              35.661751
            ],
            [
              -82.460313,
              35.662075
            ],
            [
              -82.460662,
              35.662394
            ],
            [
              -82.460819,
              35.662586
            ],
            [
              -82.461057,
              35.662918
            ],
            [
              -82.461307,
              35.663462
            ],
            [
              -82.461426,
              35.663826
            ],
            [
              -82.461617,
              35.664601
            ],
            [
              -82.461757,
              35.665243
            ],
            [
              -82.461852,
              35.665594
            ],
            [
              -82.461929,
              35.665764
            ],
            [
              -82.462059,
              35.665987
            ],
            [
              -82.462103,
              35.666035
            ],
            [
              -82.462292,
              35.66621
            ],
            [
              -82.462457,
              35.666337
            ],
            [
              -82.462849,
              35.66657
            ],
            [
              -82.463228,
              35.666722
            ],
            [
              -82.463487,
              35.666806
            ],
            [
              -82.464533,
              35.667183
            ],
            [
              -82.464728,
              35.667242
            ],
            [
              -82.464992,
              35.667322
            ],
            [
              -82.465284,
              35.667388
            ],
            [
              -82.46541,
              35.667401
            ],
            [
              -82.465744,
              35.667398
            ],
            [
              -82.465941,
              35.667372
            ],
            [
              -82.466103,
              35.667337
            ],
            [
              -82.466336,
              35.667266
            ],
            [
              -82.466799,
              35.667063
            ],
            [
              -82.467236,
              35.666856
            ],
            [
              -82.467868,
              35.666599
            ],
            [
              -82.46835,
              35.66646
            ],
            [
              -82.468571,
              35.666411
            ],
            [
              -82.468849,
              35.666363
            ],
            [
              -82.469306,
              35.666306
            ],
            [
              -82.469574,
              35.666287
            ],
            [
              -82.469895,
              35.666345
            ],
            [
              -82.47006,
              35.666413
            ],
            [
              -82.470199,
              35.66649
            ],
            [
              -82.470313,
              35.666581
            ],
            [
              -82.470423,
              35.666717
            ],
            [
              -82.470514,
              35.666882
            ],
            [
              -82.47062,
              35.667131
            ],
            [
              -82.47096,
              35.667877
            ],
            [
              -82.471164,
              35.668126
            ],
            [
              -82.471297,
              35.668256
            ],
            [
              -82.471404,
              35.66833
            ],
            [
              -82.471508,
              35.668373
            ],
            [
              -82.471696,
              35.668447
            ],
            [
              -82.471765,
              35.668456
            ],
            [
              -82.471964,
              35.668479
            ],
            [
              -82.472207,
              35.66844
            ],
            [
              -82.472537,
              35.668299
            ],
            [
              -82.473149,
              35.668005
            ],
            [
              -82.473868,
              35.667696
            ],
            [
              -82.474571,
              35.66744
            ],
            [
              -82.474979,
              35.667278
            ],
            [
              -82.475141,
              35.667183
            ],
            [
              -82.4753,
              35.66706
            ],
            [
              -82.475432,
              35.66694
            ],
            [
              -82.475653,
              35.666668
            ],
            [
              -82.476135,
              35.665685
            ],
            [
              -82.476297,
              35.665448
            ],
            [
              -82.476436,
              35.66529
            ],
            [
              -82.476702,
              35.665102
            ],
            [
              -82.476977,
              35.664934
            ],
            [
              -82.477324,
              35.664751
            ],
            [
              -82.477628,
              35.664602
            ],
            [
              -82.478134,
              35.664308
            ],
            [
              -82.478139,
              35.664304
            ],
            [
              -82.4783614,
              35.6646001
            ],
            [
              -82.4783909,
              35.6649074
            ],
            [
              -82.4784579,
              35.6650033
            ],
            [
              -82.478643,
              35.664988
            ],
            [
              -82.4794799,
              35.6640858
            ],
            [
              -82.4796086,
              35.6641534
            ],
            [
              -82.4796059,
              35.6643234
            ],
            [
              -82.4792492,
              35.6649727
            ],
            [
              -82.479166,
              35.6661604
            ],
            [
              -82.480204,
              35.6653693
            ],
            [
              -82.4789568,
              35.6666027
            ],
            [
              -82.4797159,
              35.6671816
            ],
            [
              -82.4804267,
              35.6671773
            ],
            [
              -82.481682,
              35.6667371
            ],
            [
              -82.4830529,
              35.6646125
            ],
            [
              -82.4836671,
              35.6645841
            ],
            [
              -82.4841836,
              35.6634815
            ],
            [
              -82.4832046,
              35.6634967
            ],
            [
              -82.4851878,
              35.6619767
            ],
            [
              -82.4854855,
              35.6613382
            ],
            [
              -82.4864243,
              35.6617108
            ],
            [
              -82.4868615,
              35.6622208
            ],
            [
              -82.4883126,
              35.6628244
            ],
            [
              -82.4890931,
              35.6630903
            ],
            [
              -82.4893962,
              35.663585
            ],
            [
              -82.4902161,
              35.6639992
            ],
            [
              -82.4914365,
              35.6643915
            ],
            [
              -82.4920883,
              35.6647598
            ],
            [
              -82.4916832,
              35.6653699
            ],
            [
              -82.4924933,
              35.6656467
            ],
            [
              -82.4943429,
              35.6671786
            ],
            [
              -82.4944314,
              35.6670369
            ],
            [
              -82.4947533,
              35.667026
            ],
            [
              -82.4952307,
              35.6671982
            ],
            [
              -82.4954185,
              35.6671742
            ],
            [
              -82.4957028,
              35.6668757
            ],
            [
              -82.4958879,
              35.6668234
            ],
            [
              -82.4963613,
              35.6669563
            ],
            [
              -82.49671,
              35.6669563
            ],
            [
              -82.4967583,
              35.6668059
            ],
            [
              -82.4969836,
              35.6666447
            ],
            [
              -82.4978097,
              35.666442
            ],
            [
              -82.4987163,
              35.6663679
            ],
            [
              -82.4991696,
              35.6661631
            ],
            [
              -82.5001073,
              35.6655414
            ],
            [
              -82.5006947,
              35.6655828
            ],
            [
              -82.5015638,
              35.6654978
            ],
            [
              -82.5022964,
              35.6650636
            ],
            [
              -82.5029991,
              35.6650549
            ],
            [
              -82.5033075,
              35.6650266
            ],
            [
              -82.5025834,
              35.6642791
            ],
            [
              -82.5036102,
              35.6637072
            ],
            [
              -82.5048381,
              35.662855
            ],
            [
              -82.505809,
              35.6623909
            ],
            [
              -82.5071398,
              35.6623716
            ],
            [
              -82.5075356,
              35.6622025
            ],
            [
              -82.5079152,
              35.6622113
            ],
            [
              -82.509002,
              35.6615041
            ],
            [
              -82.5096485,
              35.6614551
            ],
            [
              -82.5104892,
              35.6609645
            ],
            [
              -82.5115903,
              35.66035
            ],
            [
              -82.5132988,
              35.659864
            ],
            [
              -82.513618,
              35.6598945
            ],
            [
              -82.5149524,
              35.6610103
            ],
            [
              -82.5163096,
              35.6607728
            ],
            [
              -82.5177342,
              35.661542
            ],
            [
              -82.5185818,
              35.6614396
            ],
            [
              -82.5196171,
              35.6602476
            ],
            [
              -82.5201082,
              35.6601509
            ],
            [
              -82.5204569,
              35.6603056
            ],
            [
              -82.5208726,
              35.6605192
            ],
            [
              -82.5211623,
              35.6604298
            ],
            [
              -82.5215566,
              35.6596802
            ],
            [
              -82.521747,
              35.6593315
            ],
            [
              -82.5221198,
              35.659362
            ],
            [
              -82.5225436,
              35.659556
            ],
            [
              -82.522785,
              35.6595167
            ],
            [
              -82.5230277,
              35.6589538
            ],
            [
              -82.5233388,
              35.6587664
            ],
            [
              -82.5246692,
              35.6596076
            ],
            [
              -82.5248328,
              35.6595422
            ],
            [
              -82.525139,
              35.6587086
            ],
            [
              -82.525831,
              35.6586694
            ],
            [
              -82.5262119,
              35.6588089
            ],
            [
              -82.5268485,
              35.6590682
            ],
            [
              -82.527916,
              35.6591053
            ],
            [
              -82.5290482,
              35.6593316
            ],
            [
              -82.5301023,
              35.6599396
            ],
            [
              -82.5309928,
              35.6601881
            ],
            [
              -82.5321636,
              35.659577
            ],
            [
              -82.5324837,
              35.6589646
            ],
            [
              -82.533865,
              35.6587794
            ],
            [
              -82.5347623,
              35.6580622
            ],
            [
              -82.5353041,
              35.6579859
            ],
            [
              -82.5355776,
              35.6580164
            ],
            [
              -82.5363245,
              35.6572259
            ],
            [
              -82.5367236,
              35.6574308
            ],
            [
              -82.5369275,
              35.6573174
            ],
            [
              -82.5375739,
              35.657725
            ],
            [
              -82.5376061,
              35.6577424
            ],
            [
              -82.5381145,
              35.6575092
            ],
            [
              -82.5383156,
              35.6573567
            ],
            [
              -82.5403386,
              35.6571256
            ],
            [
              -82.5404459,
              35.6571714
            ],
            [
              -82.5405129,
              35.6571845
            ],
            [
              -82.5424414,
              35.6572978
            ],
            [
              -82.5424843,
              35.6574329
            ],
            [
              -82.543568,
              35.657494
            ],
            [
              -82.5434902,
              35.6567813
            ],
            [
              -82.544122,
              35.6582219
            ],
            [
              -82.5449441,
              35.657932
            ],
            [
              -82.5452043,
              35.6579974
            ],
            [
              -82.5453303,
              35.658272
            ],
            [
              -82.5454188,
              35.6583461
            ],
            [
              -82.545569,
              35.6582959
            ],
            [
              -82.5464273,
              35.6575419
            ],
            [
              -82.5469182,
              35.6576693
            ],
            [
              -82.5473286,
              35.6579504
            ],
            [
              -82.5489701,
              35.6579744
            ],
            [
              -82.5481547,
              35.6557205
            ],
            [
              -82.554111,
              35.6559168
            ],
            [
              -82.5543846,
              35.6563047
            ],
            [
              -82.5544866,
              35.6567013
            ],
            [
              -82.5549694,
              35.6568256
            ],
            [
              -82.5549479,
              35.6573769
            ],
            [
              -82.5556087,
              35.6572811
            ],
            [
              -82.5561962,
              35.6579454
            ],
            [
              -82.5568561,
              35.6583202
            ],
            [
              -82.5575722,
              35.65822
            ],
            [
              -82.5593238,
              35.6541771
            ],
            [
              -82.559474,
              35.6532029
            ],
            [
              -82.5595974,
              35.6532138
            ],
            [
              -82.5598996,
              35.652543
            ],
            [
              -82.5597762,
              35.6525386
            ],
            [
              -82.559669,
              35.652458
            ],
            [
              -82.5596716,
              35.6523403
            ],
            [
              -82.5597897,
              35.6522902
            ],
            [
              -82.559956,
              35.652264
            ],
            [
              -82.5608224,
              35.6508691
            ],
            [
              -82.5610356,
              35.6504157
            ],
            [
              -82.5616149,
              35.6499929
            ],
            [
              -82.56191,
              35.6494371
            ],
            [
              -82.5621648,
              35.6493347
            ],
            [
              -82.5624598,
              35.6494415
            ],
            [
              -82.5626717,
              35.6496159
            ],
            [
              -82.5627146,
              35.6496289
            ],
            [
              -82.5629131,
              35.6493914
            ],
            [
              -82.5635864,
              35.6492628
            ],
            [
              -82.5638707,
              35.6496071
            ],
            [
              -82.5640874,
              35.6494241
            ],
            [
              -82.5644942,
              35.6496581
            ],
            [
              -82.5648723,
              35.6496494
            ],
            [
              -82.5652774,
              35.6494554
            ],
            [
              -82.5656314,
              35.6493333
            ],
            [
              -82.5660901,
              35.6493813
            ],
            [
              -82.5665648,
              35.6493791
            ],
            [
              -82.5674982,
              35.6491982
            ],
            [
              -82.5676297,
              35.6498455
            ],
            [
              -82.5682466,
              35.6500591
            ],
            [
              -82.5678356,
              35.6508188
            ],
            [
              -82.5675566,
              35.651501
            ],
            [
              -82.5681226,
              35.6519565
            ],
            [
              -82.5681253,
              35.6521112
            ],
            [
              -82.5683077,
              35.6519173
            ],
            [
              -82.568474,
              35.6516121
            ],
            [
              -82.5685491,
              35.6509844
            ],
            [
              -82.5687502,
              35.650535
            ],
            [
              -82.5690292,
              35.6501579
            ],
            [
              -82.5692357,
              35.6499291
            ],
            [
              -82.5693966,
              35.649382
            ],
            [
              -82.569174,
              35.6488916
            ],
            [
              -82.5689973,
              35.6488099
            ],
            [
              -82.5686057,
              35.6487292
            ],
            [
              -82.5681282,
              35.6489101
            ],
            [
              -82.5681416,
              35.6478552
            ],
            [
              -82.5680424,
              35.6478748
            ],
            [
              -82.5677661,
              35.6468417
            ],
            [
              -82.5680934,
              35.6466891
            ],
            [
              -82.5683911,
              35.6461268
            ],
            [
              -82.5677125,
              35.6461856
            ],
            [
              -82.5674335,
              35.6457649
            ],
            [
              -82.5674523,
              35.6454794
            ],
            [
              -82.5678037,
              35.6450217
            ],
            [
              -82.5683133,
              35.6447383
            ],
            [
              -82.5677742,
              35.6445182
            ],
            [
              -82.5677098,
              35.6440822
            ],
            [
              -82.5677194,
              35.6440181
            ],
            [
              -82.5682559,
              35.6440835
            ],
            [
              -82.5686126,
              35.6443124
            ],
            [
              -82.5689667,
              35.644247
            ],
            [
              -82.5689667,
              35.6441816
            ],
            [
              -82.5685777,
              35.6432487
            ],
            [
              -82.5688781,
              35.6430547
            ],
            [
              -82.5692027,
              35.6437783
            ],
            [
              -82.569487,
              35.6434797
            ],
            [
              -82.5700127,
              35.6435495
            ],
            [
              -82.570935,
              35.6438135
            ],
            [
              -82.5711805,
              35.6436729
            ],
            [
              -82.5714152,
              35.6433828
            ],
            [
              -82.5713548,
              35.6431594
            ],
            [
              -82.5710785,
              35.6428989
            ],
            [
              -82.5711644,
              35.6422455
            ],
            [
              -82.5707835,
              35.6429332
            ],
            [
              -82.570467,
              35.6431065
            ],
            [
              -82.5701036,
              35.6430586
            ],
            [
              -82.5698648,
              35.6429626
            ],
            [
              -82.5696042,
              35.6421935
            ],
            [
              -82.5696672,
              35.6420954
            ],
            [
              -82.5690946,
              35.6417357
            ],
            [
              -82.568369,
              35.6418185
            ],
            [
              -82.5679014,
              35.6418527
            ],
            [
              -82.5676319,
              35.6417383
            ],
            [
              -82.5674602,
              35.6418505
            ],
            [
              -82.5673207,
              35.6420942
            ],
            [
              -82.5666435,
              35.6418108
            ],
            [
              -82.566677,
              35.6417051
            ],
            [
              -82.5670767,
              35.6409874
            ],
            [
              -82.5671024,
              35.6406443
            ],
            [
              -82.5665069,
              35.6404023
            ],
            [
              -82.5668415,
              35.6397358
            ],
            [
              -82.5670239,
              35.6392475
            ],
            [
              -82.5668295,
              35.638283
            ],
            [
              -82.5663616,
              35.6371131
            ],
            [
              -82.5671059,
              35.6370924
            ],
            [
              -82.567164,
              35.6367069
            ],
            [
              -82.5662239,
              35.6366089
            ],
            [
              -82.5662789,
              35.6361729
            ],
            [
              -82.566276,
              35.6360983
            ],
            [
              -82.567955,
              35.636242
            ],
            [
              -82.568443,
              35.636303
            ],
            [
              -82.56868,
              35.636353
            ],
            [
              -82.569115,
              35.636475
            ],
            [
              -82.570259,
              35.636833
            ],
            [
              -82.570915,
              35.637047
            ],
            [
              -82.571281,
              35.637066
            ],
            [
              -82.5718,
              35.637074
            ],
            [
              -82.572929,
              35.637058
            ],
            [
              -82.573158,
              35.637047
            ],
            [
              -82.573387,
              35.637032
            ],
            [
              -82.5735631,
              35.6370395
            ],
            [
              -82.5735964,
              35.6361342
            ],
            [
              -82.5744158,
              35.6359739
            ],
            [
              -82.5742508,
              35.6350554
            ],
            [
              -82.5735964,
              35.6352505
            ],
            [
              -82.5735293,
              35.6349344
            ],
            [
              -82.5732168,
              35.6341997
            ],
            [
              -82.5757197,
              35.6342161
            ],
            [
              -82.5759887,
              35.6316778
            ],
            [
              -82.5756453,
              35.6319099
            ],
            [
              -82.5752148,
              35.6320004
            ],
            [
              -82.5748662,
              35.6319263
            ],
            [
              -82.5747186,
              35.6304402
            ],
            [
              -82.5752309,
              35.6304402
            ],
            [
              -82.5751317,
              35.6297287
            ],
            [
              -82.5749775,
              35.6297538
            ],
            [
              -82.5747636,
              35.628969
            ],
            [
              -82.5752947,
              35.6288306
            ],
            [
              -82.5751966,
              35.6286017
            ],
            [
              -82.5752315,
              35.6279564
            ],
            [
              -82.5751872,
              35.6277558
            ],
            [
              -82.5741707,
              35.6278234
            ],
            [
              -82.5739427,
              35.6277809
            ],
            [
              -82.5737655,
              35.6282289
            ],
            [
              -82.5736743,
              35.6289695
            ],
            [
              -82.5740176,
              35.6289651
            ],
            [
              -82.5740345,
              35.6298853
            ],
            [
              -82.571598,
              35.6303409
            ],
            [
              -82.5710831,
              35.6304565
            ],
            [
              -82.5710522,
              35.6299638
            ],
            [
              -82.5713781,
              35.6299104
            ],
            [
              -82.5714921,
              35.6299801
            ],
            [
              -82.5719347,
              35.629918
            ],
            [
              -82.5718225,
              35.6293621
            ],
            [
              -82.5707188,
              35.6293686
            ],
            [
              -82.5706785,
              35.6306157
            ],
            [
              -82.569057,
              35.6310143
            ],
            [
              -82.5688598,
              35.6305598
            ],
            [
              -82.5685715,
              35.6306393
            ],
            [
              -82.5685514,
              35.6311811
            ],
            [
              -82.5683504,
              35.6312356
            ],
            [
              -82.5670638,
              35.6312737
            ],
            [
              -82.5674138,
              35.6301344
            ],
            [
              -82.5677662,
              35.6296454
            ],
            [
              -82.5675986,
              35.6296421
            ],
            [
              -82.5675181,
              35.6293576
            ],
            [
              -82.5670166,
              35.6293249
            ],
            [
              -82.567038,
              35.6290676
            ],
            [
              -82.5669079,
              35.6290611
            ],
            [
              -82.5668771,
              35.6293238
            ],
            [
              -82.5664265,
              35.62929
            ],
            [
              -82.5664573,
              35.6290088
            ],
            [
              -82.5662723,
              35.6284354
            ],
            [
              -82.5687203,
              35.6286059
            ],
            [
              -82.5689765,
              35.6291084
            ],
            [
              -82.5699729,
              35.6286975
            ],
            [
              -82.5702415,
              35.6287229
            ],
            [
              -82.5704239,
              35.6279944
            ],
            [
              -82.5691163,
              35.6278963
            ],
            [
              -82.5684605,
              35.6275725
            ],
            [
              -82.5682071,
              35.627651
            ],
            [
              -82.5677873,
              35.6273622
            ],
            [
              -82.5671657,
              35.6271296
            ],
            [
              -82.567161,
              35.6271278
            ],
            [
              -82.5671634,
              35.6271241
            ],
            [
              -82.5666974,
              35.6276719
            ],
            [
              -82.5664654,
              35.6278659
            ],
            [
              -82.5661811,
              35.6279128
            ],
            [
              -82.5658311,
              35.6278812
            ],
            [
              -82.5669066,
              35.6267355
            ],
            [
              -82.5669004,
              35.6267326
            ],
            [
              -82.5669112,
              35.6267199
            ],
            [
              -82.567186,
              35.6264328
            ],
            [
              -82.5661077,
              35.6241082
            ],
            [
              -82.5643107,
              35.6240777
            ],
            [
              -82.5639539,
              35.6224228
            ],
            [
              -82.5645306,
              35.6220849
            ],
            [
              -82.5644072,
              35.6215485
            ],
            [
              -82.5649912,
              35.6213719
            ],
            [
              -82.5649912,
              35.6208159
            ],
            [
              -82.5650073,
              35.6203602
            ],
            [
              -82.5653426,
              35.6203733
            ],
            [
              -82.5653453,
              35.6199525
            ],
            [
              -82.5654955,
              35.6198152
            ],
            [
              -82.5654955,
              35.6193246
            ],
            [
              -82.5660078,
              35.6192679
            ],
            [
              -82.5690018,
              35.6156954
            ],
            [
              -82.5688704,
              35.6152114
            ],
            [
              -82.5697767,
              35.6131058
            ],
            [
              -82.5707052,
              35.6143225
            ],
            [
              -82.5720034,
              35.6152426
            ],
            [
              -82.5724057,
              35.6145274
            ],
            [
              -82.5741223,
              35.6151903
            ],
            [
              -82.5744045,
              35.6151359
            ],
            [
              -82.5744188,
              35.6151447
            ],
            [
              -82.5747997,
              35.6155823
            ],
            [
              -82.574791,
              35.615563
            ],
            [
              -82.5751375,
              35.6152445
            ],
            [
              -82.5768885,
              35.6143695
            ],
            [
              -82.5770131,
              35.6132445
            ],
            [
              -82.5782183,
              35.6130302
            ],
            [
              -82.5784921,
              35.6120907
            ],
            [
              -82.5788087,
              35.6110375
            ],
            [
              -82.5791869,
              35.6102154
            ],
            [
              -82.5801042,
              35.6106275
            ],
            [
              -82.5804878,
              35.6109175
            ],
            [
              -82.5806299,
              35.6110898
            ],
            [
              -82.5816439,
              35.61143
            ],
            [
              -82.5817754,
              35.6113864
            ],
            [
              -82.5819819,
              35.6117505
            ],
            [
              -82.5830333,
              35.6113864
            ],
            [
              -82.5833954,
              35.6113471
            ],
            [
              -82.5837842,
              35.611539
            ],
            [
              -82.5838191,
              35.6117287
            ],
            [
              -82.5841975,
              35.6124745
            ],
            [
              -82.5843263,
              35.6129717
            ],
            [
              -82.5843665,
              35.613205
            ],
            [
              -82.5849029,
              35.6131789
            ],
            [
              -82.5848198,
              35.612915
            ],
            [
              -82.5849834,
              35.6128758
            ],
            [
              -82.5848601,
              35.6123394
            ],
            [
              -82.5844631,
              35.6115633
            ],
            [
              -82.5852598,
              35.6114894
            ],
            [
              -82.5851016,
              35.6111972
            ],
            [
              -82.5850506,
              35.6109791
            ],
            [
              -82.5854449,
              35.6106389
            ],
            [
              -82.5853188,
              35.6105538
            ],
            [
              -82.5849083,
              35.6108591
            ],
            [
              -82.5844523,
              35.6109093
            ],
            [
              -82.5842833,
              35.6105298
            ],
            [
              -82.5829074,
              35.6098429
            ],
            [
              -82.5826606,
              35.6099192
            ],
            [
              -82.582446,
              35.6097033
            ],
            [
              -82.5823334,
              35.609675
            ],
            [
              -82.5818399,
              35.6098299
            ],
            [
              -82.5818936,
              35.610181
            ],
            [
              -82.5818238,
              35.610447
            ],
            [
              -82.5817166,
              35.6107784
            ],
            [
              -82.5815208,
              35.6107632
            ],
            [
              -82.5813357,
              35.6106781
            ],
            [
              -82.5810245,
              35.6106978
            ],
            [
              -82.5807912,
              35.6105626
            ],
            [
              -82.5807832,
              35.6096861
            ],
            [
              -82.5806759,
              35.6094745
            ],
            [
              -82.5799543,
              35.6091495
            ],
            [
              -82.5802789,
              35.6087919
            ],
            [
              -82.5792474,
              35.6083627
            ],
            [
              -82.5799405,
              35.6072986
            ],
            [
              -82.5792734,
              35.6045094
            ],
            [
              -82.5761925,
              35.5999264
            ],
            [
              -82.5759135,
              35.5978985
            ],
            [
              -82.5746495,
              35.5955564
            ],
            [
              -82.5741631,
              35.5947129
            ],
            [
              -82.5746664,
              35.5950947
            ],
            [
              -82.5753235,
              35.5948373
            ],
            [
              -82.5753584,
              35.5948897
            ],
            [
              -82.5755676,
              35.5950794
            ],
            [
              -82.575841,
              35.595243
            ],
            [
              -82.5761494,
              35.5951798
            ],
            [
              -82.576364,
              35.595062
            ],
            [
              -82.5764767,
              35.5948614
            ],
            [
              -82.5771579,
              35.5950882
            ],
            [
              -82.5772764,
              35.5939611
            ],
            [
              -82.5780328,
              35.5939851
            ],
            [
              -82.5785424,
              35.5926873
            ],
            [
              -82.5775742,
              35.5924452
            ],
            [
              -82.5774588,
              35.5922424
            ],
            [
              -82.577703,
              35.5917234
            ],
            [
              -82.5778692,
              35.5917474
            ],
            [
              -82.5785908,
              35.5913832
            ],
            [
              -82.5782419,
              35.5906505
            ],
            [
              -82.578022,
              35.5901532
            ],
            [
              -82.5783359,
              35.5902361
            ],
            [
              -82.5786148,
              35.590801
            ],
            [
              -82.5788884,
              35.5907159
            ],
            [
              -82.5793309,
              35.5916844
            ],
            [
              -82.5818173,
              35.5909145
            ],
            [
              -82.5812015,
              35.5889404
            ],
            [
              -82.581296,
              35.588915
            ],
            [
              -82.581854,
              35.588779
            ],
            [
              -82.581954,
              35.588754
            ],
            [
              -82.5819927,
              35.5887442
            ],
            [
              -82.5818121,
              35.5881447
            ],
            [
              -82.5820857,
              35.5881207
            ],
            [
              -82.5824129,
              35.5882079
            ],
            [
              -82.582649,
              35.5883017
            ],
            [
              -82.5825819,
              35.5880247
            ],
            [
              -82.5827643,
              35.5880596
            ],
            [
              -82.5832766,
              35.5880531
            ],
            [
              -82.5838397,
              35.5879875
            ],
            [
              -82.5838987,
              35.5876843
            ],
            [
              -82.5843172,
              35.5875207
            ],
            [
              -82.5843306,
              35.5876079
            ],
            [
              -82.5845747,
              35.5875774
            ],
            [
              -82.5853765,
              35.586465
            ],
            [
              -82.5854275,
              35.5864672
            ],
            [
              -82.5856582,
              35.5864825
            ],
            [
              -82.5858486,
              35.5865784
            ],
            [
              -82.5860063,
              35.5867878
            ],
            [
              -82.5866473,
              35.5866831
            ],
            [
              -82.5865883,
              35.5873658
            ],
            [
              -82.5882594,
              35.5869667
            ],
            [
              -82.5900148,
              35.5866523
            ],
            [
              -82.5899236,
              35.5862946
            ],
            [
              -82.5903447,
              35.5858408
            ],
            [
              -82.5919594,
              35.5858583
            ],
            [
              -82.5919164,
              35.5860917
            ],
            [
              -82.5923215,
              35.5861048
            ],
            [
              -82.5923349,
              35.5860568
            ],
            [
              -82.592756,
              35.5861462
            ],
            [
              -82.5927694,
              35.586192
            ],
            [
              -82.5934748,
              35.5860349
            ],
            [
              -82.5956285,
              35.586397
            ],
            [
              -82.5957814,
              35.5863621
            ],
            [
              -82.595784,
              35.5863926
            ],
            [
              -82.596114,
              35.5863294
            ],
            [
              -82.596114,
              35.5863163
            ],
            [
              -82.5961569,
              35.5863119
            ],
            [
              -82.5964519,
              35.5863468
            ],
            [
              -82.5964202,
              35.586952
            ],
            [
              -82.5963795,
              35.5877275
            ],
            [
              -82.5967014,
              35.5877624
            ],
            [
              -82.596755,
              35.5880896
            ],
            [
              -82.5963768,
              35.5881267
            ],
            [
              -82.5963339,
              35.588696
            ],
            [
              -82.5967175,
              35.5887636
            ],
            [
              -82.5966397,
              35.5891868
            ],
            [
              -82.5966907,
              35.5891999
            ],
            [
              -82.5967229,
              35.5890276
            ],
            [
              -82.5970689,
              35.589093
            ],
            [
              -82.5970099,
              35.5892195
            ],
            [
              -82.597085,
              35.5892391
            ],
            [
              -82.5973933,
              35.5886197
            ],
            [
              -82.5974228,
              35.5884081
            ],
            [
              -82.5977205,
              35.5880395
            ],
            [
              -82.5979513,
              35.5883865
            ],
            [
              -82.5985547,
              35.5890714
            ],
            [
              -82.599641,
              35.5897694
            ],
            [
              -82.599818,
              35.5896146
            ],
            [
              -82.599936,
              35.5895557
            ],
            [
              -82.6011459,
              35.5898523
            ],
            [
              -82.6011459,
              35.5897563
            ],
            [
              -82.6018379,
              35.5895927
            ],
            [
              -82.6044987,
              35.5897062
            ],
            [
              -82.6059873,
              35.5885523
            ],
            [
              -82.6058827,
              35.588428
            ],
            [
              -82.6068159,
              35.5877403
            ],
            [
              -82.6076779,
              35.5870799
            ],
            [
              -82.6091155,
              35.5855398
            ],
            [
              -82.6103897,
              35.5843969
            ],
            [
              -82.6110173,
              35.5829484
            ],
            [
              -82.6114101,
              35.5809575
            ],
            [
              -82.611496,
              35.5790406
            ],
            [
              -82.6116705,
              35.5779825
            ],
            [
              -82.6120796,
              35.5771851
            ],
            [
              -82.6125516,
              35.5765939
            ],
            [
              -82.613198,
              35.5760813
            ],
            [
              -82.6142843,
              35.5754705
            ],
            [
              -82.6142468,
              35.5753069
            ],
            [
              -82.6166366,
              35.5739936
            ],
            [
              -82.6199229,
              35.5721607
            ],
            [
              -82.6210682,
              35.5714102
            ],
            [
              -82.6220955,
              35.5706379
            ],
            [
              -82.6224197,
              35.5706711
            ],
            [
              -82.6224208,
              35.5706663
            ],
            [
              -82.6224501,
              35.5704183
            ],
            [
              -82.6218801,
              35.5703255
            ],
            [
              -82.6215745,
              35.5703465
            ],
            [
              -82.6212795,
              35.5703967
            ],
            [
              -82.620967,
              35.5705287
            ],
            [
              -82.6204574,
              35.5707698
            ],
            [
              -82.6201001,
              35.5704257
            ],
            [
              -82.6200656,
              35.5703948
            ],
            [
              -82.620051,
              35.570403
            ],
            [
              -82.619916,
              35.570482
            ],
            [
              -82.619384,
              35.57082
            ],
            [
              -82.6193385,
              35.5708503
            ],
            [
              -82.6189335,
              35.5702259
            ],
            [
              -82.6186009,
              35.5700993
            ],
            [
              -82.6183327,
              35.5700557
            ],
            [
              -82.6176299,
              35.5699881
            ],
            [
              -82.6172169,
              35.5693314
            ],
            [
              -82.6171015,
              35.5687641
            ],
            [
              -82.61741,
              35.5686856
            ],
            [
              -82.6171659,
              35.5681205
            ],
            [
              -82.6168065,
              35.5678238
            ],
            [
              -82.6165356,
              35.5677823
            ],
            [
              -82.6162191,
              35.5679001
            ],
            [
              -82.6160769,
              35.5679678
            ],
            [
              -82.6159133,
              35.56749
            ],
            [
              -82.6159723,
              35.5673089
            ],
            [
              -82.6158956,
              35.5670204
            ],
            [
              -82.6155856,
              35.566356
            ],
            [
              -82.6154109,
              35.5659076
            ],
            [
              -82.6151926,
              35.5656321
            ],
            [
              -82.614973,
              35.5654903
            ],
            [
              -82.6145743,
              35.5653458
            ],
            [
              -82.6141393,
              35.5651792
            ],
            [
              -82.6137556,
              35.5651094
            ],
            [
              -82.6136138,
              35.5650813
            ],
            [
              -82.612893,
              35.5650113
            ],
            [
              -82.612495,
              35.5650385
            ],
            [
              -82.6115129,
              35.5649679
            ],
            [
              -82.6106353,
              35.5647918
            ],
            [
              -82.6104008,
              35.5648118
            ],
            [
              -82.6096829,
              35.5649692
            ],
            [
              -82.6089906,
              35.5649661
            ],
            [
              -82.6085373,
              35.5648439
            ],
            [
              -82.6079606,
              35.5649356
            ],
            [
              -82.6074322,
              35.5651712
            ],
            [
              -82.6069333,
              35.5656508
            ],
            [
              -82.6065873,
              35.5656508
            ],
            [
              -82.6053964,
              35.5660828
            ],
            [
              -82.6047199,
              35.5669016
            ],
            [
              -82.6032849,
              35.5674362
            ],
            [
              -82.6028852,
              35.567362
            ],
            [
              -82.6026143,
              35.5669627
            ],
            [
              -82.6013072,
              35.5639521
            ],
            [
              -82.6010255,
              35.5637165
            ],
            [
              -82.6007546,
              35.5632583
            ],
            [
              -82.6002584,
              35.5630444
            ],
            [
              -82.5992526,
              35.5632037
            ],
            [
              -82.5982012,
              35.5633172
            ],
            [
              -82.5974555,
              35.5629681
            ],
            [
              -82.5967313,
              35.5618073
            ],
            [
              -82.5973997,
              35.5601089
            ],
            [
              -82.5963934,
              35.5584829
            ],
            [
              -82.5959263,
              35.5580492
            ],
            [
              -82.5938878,
              35.5561568
            ],
            [
              -82.5911747,
              35.5542223
            ],
            [
              -82.5904505,
              35.5540412
            ],
            [
              -82.5894983,
              35.5543423
            ],
            [
              -82.5914935,
              35.5560502
            ],
            [
              -82.5929955,
              35.5595764
            ],
            [
              -82.5929064,
              35.5600451
            ],
            [
              -82.5923518,
              35.5629628
            ],
            [
              -82.5881032,
              35.5651621
            ],
            [
              -82.5838975,
              35.5655461
            ],
            [
              -82.5814084,
              35.5645686
            ],
            [
              -82.5741557,
              35.5649526
            ],
            [
              -82.5670563,
              35.5668034
            ],
            [
              -82.5651828,
              35.5641739
            ],
            [
              -82.5643433,
              35.5638947
            ],
            [
              -82.5632275,
              35.5636503
            ],
            [
              -82.5612028,
              35.5633844
            ],
            [
              -82.5586279,
              35.5633386
            ],
            [
              -82.5577991,
              35.5634564
            ],
            [
              -82.5569113,
              35.5640019
            ],
            [
              -82.5568415,
              35.5643139
            ],
            [
              -82.556554,
              35.5654354
            ],
            [
              -82.5561624,
              35.5657801
            ],
            [
              -82.5556354,
              35.5659045
            ],
            [
              -82.5547476,
              35.5660136
            ],
            [
              -82.5523282,
              35.566799
            ],
            [
              -82.5510279,
              35.5670975
            ],
            [
              -82.5492667,
              35.568284
            ],
            [
              -82.5473243,
              35.5690671
            ],
            [
              -82.5459349,
              35.5700227
            ],
            [
              -82.5448191,
              35.5701318
            ],
            [
              -82.5437673,
              35.5672166
            ],
            [
              -82.5425486,
              35.5674935
            ],
            [
              -82.5396518,
              35.5661059
            ],
            [
              -82.5381391,
              35.565687
            ],
            [
              -82.5336544,
              35.564116
            ],
            [
              -82.5291174,
              35.5629793
            ],
            [
              -82.5284243,
              35.561493
            ],
            [
              -82.5277564,
              35.5607315
            ],
            [
              -82.5261907,
              35.5583498
            ],
            [
              -82.5249475,
              35.5571554
            ],
            [
              -82.5247662,
              35.5569434
            ],
            [
              -82.5284078,
              35.557265
            ],
            [
              -82.5283166,
              35.555803
            ],
            [
              -82.529073,
              35.5556852
            ],
            [
              -82.5295238,
              35.5474825
            ],
            [
              -82.5281505,
              35.5474301
            ],
            [
              -82.526863,
              35.5475261
            ],
            [
              -82.5255112,
              35.5474476
            ],
            [
              -82.5255434,
              35.547142
            ],
            [
              -82.5254576,
              35.5470111
            ],
            [
              -82.5252215,
              35.5469587
            ],
            [
              -82.5248567,
              35.5469675
            ],
            [
              -82.5238814,
              35.5469217
            ],
            [
              -82.5234362,
              35.5470483
            ],
            [
              -82.5216257,
              35.5471705
            ],
            [
              -82.5219243,
              35.5459614
            ],
            [
              -82.521749,
              35.5445259
            ],
            [
              -82.5215961,
              35.5438995
            ],
            [
              -82.5205098,
              35.5438777
            ],
            [
              -82.5204428,
              35.543199
            ],
            [
              -82.5191848,
              35.5431335
            ],
            [
              -82.5193618,
              35.5437729
            ],
            [
              -82.5187235,
              35.5437773
            ],
            [
              -82.5175859,
              35.543855
            ],
            [
              -82.5175939,
              35.5441867
            ],
            [
              -82.5171621,
              35.5442173
            ],
            [
              -82.5171541,
              35.5438681
            ],
            [
              -82.5155957,
              35.5439853
            ],
            [
              -82.515711,
              35.5430447
            ],
            [
              -82.5143807,
              35.5431844
            ],
            [
              -82.5145132,
              35.5406367
            ],
            [
              -82.5110991,
              35.5404869
            ],
            [
              -82.5109655,
              35.5416926
            ],
            [
              -82.5108614,
              35.5431724
            ],
            [
              -82.5100622,
              35.543144
            ],
            [
              -82.5092176,
              35.5442443
            ],
            [
              -82.5091801,
              35.5446742
            ],
            [
              -82.5069619,
              35.5452155
            ],
            [
              -82.5053606,
              35.5459051
            ],
            [
              -82.5019381,
              35.5463073
            ],
            [
              -82.501222,
              35.5459057
            ],
            [
              -82.4978307,
              35.5450044
            ],
            [
              -82.4962132,
              35.544463
            ],
            [
              -82.4962454,
              35.5440952
            ],
            [
              -82.4955426,
              35.5430084
            ],
            [
              -82.4952825,
              35.5424922
            ],
            [
              -82.4934495,
              35.5407086
            ],
            [
              -82.4935863,
              35.5400797
            ],
            [
              -82.4937057,
              35.5398134
            ],
            [
              -82.493762,
              35.5395428
            ],
            [
              -82.493707,
              35.5393572
            ],
            [
              -82.4938014,
              35.5388614
            ],
            [
              -82.4950578,
              35.536651
            ],
            [
              -82.4950444,
              35.536433
            ],
            [
              -82.4949036,
              35.5362802
            ],
            [
              -82.4950587,
              35.5345839
            ],
            [
              -82.493857,
              35.5345883
            ],
            [
              -82.4938088,
              35.5350139
            ],
            [
              -82.4905847,
              35.5360878
            ],
            [
              -82.490633,
              35.5354417
            ],
            [
              -82.491722,
              35.5350794
            ],
            [
              -82.4919639,
              35.5347686
            ],
            [
              -82.4922267,
              35.5342994
            ],
            [
              -82.4920846,
              35.533734
            ],
            [
              -82.4918405,
              35.5338061
            ],
            [
              -82.4915428,
              35.5333608
            ],
            [
              -82.4914865,
              35.5331251
            ],
            [
              -82.4913202,
              35.5327409
            ],
            [
              -82.4914033,
              35.5323371
            ],
            [
              -82.4920175,
              35.5316582
            ],
            [
              -82.4904431,
              35.5303093
            ],
            [
              -82.4900461,
              35.5303791
            ],
            [
              -82.4895949,
              35.5295657
            ],
            [
              -82.4889077,
              35.527914
            ],
            [
              -82.4885804,
              35.5276171
            ],
            [
              -82.4883176,
              35.5276629
            ],
            [
              -82.4868665,
              35.5263117
            ],
            [
              -82.4876953,
              35.526124
            ],
            [
              -82.4871642,
              35.525921
            ],
            [
              -82.4869791,
              35.5257245
            ],
            [
              -82.4868692,
              35.5255848
            ],
            [
              -82.4858043,
              35.5262353
            ],
            [
              -82.4856407,
              35.5265104
            ],
            [
              -82.4856139,
              35.526613
            ],
            [
              -82.4859438,
              35.5267134
            ],
            [
              -82.48228,
              35.5291389
            ],
            [
              -82.4819931,
              35.528853
            ],
            [
              -82.4806063,
              35.5287613
            ],
            [
              -82.4805956,
              35.5287264
            ],
            [
              -82.4805125,
              35.5287285
            ],
            [
              -82.4803899,
              35.5286652
            ],
            [
              -82.4801297,
              35.5284622
            ],
            [
              -82.479663,
              35.52877
            ],
            [
              -82.4789818,
              35.5290058
            ],
            [
              -82.4783139,
              35.5296475
            ],
            [
              -82.4781154,
              35.5298833
            ],
            [
              -82.4779169,
              35.530274
            ],
            [
              -82.4743326,
              35.5274693
            ],
            [
              -82.4725287,
              35.526189
            ],
            [
              -82.4726333,
              35.5261628
            ],
            [
              -82.4689382,
              35.5252857
            ],
            [
              -82.4598213,
              35.5232643
            ],
            [
              -82.4610203,
              35.5214889
            ],
            [
              -82.4603659,
              35.5193647
            ],
            [
              -82.4593651,
              35.5182826
            ],
            [
              -82.459172,
              35.51799
            ],
            [
              -82.4589294,
              35.5169025
            ],
            [
              -82.4598644,
              35.5153754
            ],
            [
              -82.458303,
              35.5142101
            ],
            [
              -82.4591532,
              35.5131381
            ],
            [
              -82.4583517,
              35.5129744
            ],
            [
              -82.458577,
              35.5119788
            ],
            [
              -82.4603553,
              35.5121993
            ],
            [
              -82.4604331,
              35.5116535
            ],
            [
              -82.4613524,
              35.5115739
            ],
            [
              -82.4625272,
              35.51055
            ],
            [
              -82.4613175,
              35.5089474
            ],
            [
              -82.4617037,
              35.507979
            ],
            [
              -82.4588798,
              35.5058515
            ],
            [
              -82.4589964,
              35.5036559
            ],
            [
              -82.4601149,
              35.5022693
            ],
            [
              -82.4597903,
              35.5022649
            ],
            [
              -82.4604756,
              35.5007834
            ],
            [
              -82.4607649,
              35.499202
            ],
            [
              -82.4649533,
              35.496002
            ],
            [
              -82.4628961,
              35.4959103
            ],
            [
              -82.4638826,
              35.4950474
            ],
            [
              -82.465172,
              35.493592
            ],
            [
              -82.4652229,
              35.4935265
            ],
            [
              -82.4657621,
              35.4932338
            ],
            [
              -82.4662368,
              35.493188
            ],
            [
              -82.4668135,
              35.4931836
            ],
            [
              -82.4668135,
              35.494579
            ],
            [
              -82.4708399,
              35.4914952
            ],
            [
              -82.4671197,
              35.4902132
            ],
            [
              -82.4672001,
              35.4901128
            ],
            [
              -82.4669104,
              35.4894361
            ],
            [
              -82.467294,
              35.4894318
            ],
            [
              -82.4675117,
              35.4877534
            ],
            [
              -82.4686919,
              35.4880242
            ],
            [
              -82.4689991,
              35.4850137
            ],
            [
              -82.4693988,
              35.4850879
            ],
            [
              -82.4694202,
              35.4850421
            ],
            [
              -82.4690554,
              35.4849241
            ],
            [
              -82.469034,
              35.484662
            ],
            [
              -82.4693612,
              35.4843912
            ],
            [
              -82.4697367,
              35.4845594
            ],
            [
              -82.47008,
              35.4840265
            ],
            [
              -82.4686504,
              35.4835525
            ],
            [
              -82.4693558,
              35.4830939
            ],
            [
              -82.4695114,
              35.4830567
            ],
            [
              -82.470992,
              35.4826396
            ],
            [
              -82.4715154,
              35.481945
            ],
            [
              -82.4719767,
              35.4820826
            ],
            [
              -82.4720009,
              35.4815672
            ],
            [
              -82.472379,
              35.481541
            ],
            [
              -82.4720039,
              35.4807697
            ],
            [
              -82.4726564,
              35.4742712
            ],
            [
              -82.4700631,
              35.472172
            ],
            [
              -82.4696259,
              35.4721523
            ],
            [
              -82.469009,
              35.4715473
            ],
            [
              -82.4691377,
              35.4701552
            ],
            [
              -82.4698592,
              35.4696594
            ],
            [
              -82.4706049,
              35.4701967
            ],
            [
              -82.4707631,
              35.4700395
            ],
            [
              -82.469843,
              35.4688529
            ],
            [
              -82.4699422,
              35.4687088
            ],
            [
              -82.4699985,
              35.4685384
            ],
            [
              -82.4695586,
              35.4680447
            ],
            [
              -82.4694272,
              35.4678634
            ],
            [
              -82.4688792,
              35.4652841
            ],
            [
              -82.4685627,
              35.4641634
            ],
            [
              -82.4681657,
              35.464277
            ],
            [
              -82.4680263,
              35.4640432
            ],
            [
              -82.4677849,
              35.4638529
            ],
            [
              -82.4684474,
              35.4636977
            ],
            [
              -82.4682784,
              35.4632739
            ],
            [
              -82.4674764,
              35.4634684
            ],
            [
              -82.4670365,
              35.4627846
            ],
            [
              -82.4661809,
              35.4625093
            ],
            [
              -82.4682491,
              35.4605058
            ],
            [
              -82.4659961,
              35.4588454
            ],
            [
              -82.4662401,
              35.4580632
            ],
            [
              -82.4665245,
              35.4576066
            ],
            [
              -82.4667203,
              35.4571238
            ],
            [
              -82.468292,
              35.4552941
            ],
            [
              -82.4687292,
              35.4546783
            ],
            [
              -82.470242,
              35.4535859
            ],
            [
              -82.4668584,
              35.4496082
            ],
            [
              -82.4660968,
              35.4486907
            ],
            [
              -82.4660962,
              35.4486906
            ],
            [
              -82.4655069,
              35.4486385
            ],
            [
              -82.4670639,
              35.4478646
            ],
            [
              -82.469097,
              35.4459091
            ],
            [
              -82.4696455,
              35.445518
            ],
            [
              -82.4703576,
              35.4453049
            ],
            [
              -82.4731786,
              35.4451951
            ],
            [
              -82.4820886,
              35.4450502
            ],
            [
              -82.4981617,
              35.4448554
            ],
            [
              -82.4983494,
              35.4450685
            ],
            [
              -82.4986699,
              35.4449876
            ],
            [
              -82.4990616,
              35.4448412
            ],
            [
              -82.5072751,
              35.4447416
            ],
            [
              -82.5031135,
              35.4377213
            ],
            [
              -82.5020728,
              35.4350901
            ],
            [
              -82.5015042,
              35.4335079
            ],
            [
              -82.5101087,
              35.4336652
            ],
            [
              -82.5120185,
              35.4332631
            ],
            [
              -82.5257384,
              35.420099
            ],
            [
              -82.5229597,
              35.4163131
            ],
            [
              -82.5166774,
              35.4180286
            ],
            [
              -82.5144068,
              35.4203948
            ],
            [
              -82.5107107,
              35.4217587
            ],
            [
              -82.5060532,
              35.4222999
            ],
            [
              -82.5041984,
              35.4220138
            ],
            [
              -82.5026856,
              35.4219351
            ],
            [
              -82.4995206,
              35.4204335
            ],
            [
              -82.4998076,
              35.4186834
            ],
            [
              -82.4996773,
              35.4182069
            ],
            [
              -82.5004768,
              35.4152194
            ],
            [
              -82.5000288,
              35.4153483
            ],
            [
              -82.4994414,
              35.4149046
            ],
            [
              -82.5000342,
              35.4146729
            ],
            [
              -82.499766,
              35.4144718
            ],
            [
              -82.4996828,
              35.4141351
            ],
            [
              -82.5001488,
              35.4139526
            ],
            [
              -82.5006822,
              35.4125633
            ],
            [
              -82.5013684,
              35.4112623
            ],
            [
              -82.5014287,
              35.4101124
            ],
            [
              -82.5015264,
              35.4086015
            ],
            [
              -82.502779,
              35.4086671
            ],
            [
              -82.5039833,
              35.4077424
            ],
            [
              -82.5046942,
              35.4068929
            ],
            [
              -82.5026425,
              35.4027327
            ],
            [
              -82.5027203,
              35.4018472
            ],
            [
              -82.5023058,
              35.4009163
            ],
            [
              -82.5023055,
              35.4009157
            ],
            [
              -82.50226,
              35.4001477
            ],
            [
              -82.5032839,
              35.3975818
            ],
            [
              -82.502769,
              35.3975469
            ],
            [
              -82.4984774,
              35.396165
            ],
            [
              -82.4951086,
              35.3944508
            ],
            [
              -82.492598,
              35.3925442
            ],
            [
              -82.4900057,
              35.3893989
            ],
            [
              -82.4861434,
              35.3827162
            ],
            [
              -82.4841263,
              35.3806868
            ],
            [
              -82.4762943,
              35.3760536
            ],
            [
              -82.4654582,
              35.3659928
            ],
            [
              -82.4590209,
              35.3598157
            ],
            [
              -82.4542787,
              35.3514506
            ],
            [
              -82.4525192,
              35.3491404
            ],
            [
              -82.450588,
              35.3476702
            ],
            [
              -82.4487856,
              35.3466901
            ],
            [
              -82.4434426,
              35.3442222
            ],
            [
              -82.440948,
              35.3420291
            ],
            [
              -82.4404199,
              35.3413585
            ],
            [
              -82.4375902,
              35.3383325
            ],
            [
              -82.4360999,
              35.3370081
            ],
            [
              -82.4275029,
              35.3363882
            ],
            [
              -82.4272883,
              35.336049
            ],
            [
              -82.4266231,
              35.3357909
            ],
            [
              -82.4265891,
              35.335438
            ],
            [
              -82.425307,
              35.3351098
            ],
            [
              -82.4253553,
              35.334519
            ],
            [
              -82.4261016,
              35.334577
            ],
            [
              -82.4263579,
              35.3315317
            ],
            [
              -82.4261676,
              35.3307438
            ],
            [
              -82.4232716,
              35.328341
            ],
            [
              -82.4235854,
              35.3253018
            ],
            [
              -82.4234567,
              35.3252799
            ],
            [
              -82.4235693,
              35.3237769
            ],
            [
              -82.423454,
              35.3220962
            ],
            [
              -82.4213082,
              35.3221925
            ],
            [
              -82.421504,
              35.3235427
            ],
            [
              -82.4212975,
              35.3261339
            ],
            [
              -82.4207074,
              35.326449
            ],
            [
              -82.4199081,
              35.3281213
            ],
            [
              -82.4194534,
              35.3262117
            ],
            [
              -82.4193347,
              35.3235879
            ],
            [
              -82.4163226,
              35.3233866
            ],
            [
              -82.4156762,
              35.3234698
            ],
            [
              -82.4149509,
              35.3278088
            ],
            [
              -82.4022868,
              35.326999
            ],
            [
              -82.4003394,
              35.3238998
            ],
            [
              -82.395398,
              35.3227385
            ],
            [
              -82.3947784,
              35.3239903
            ],
            [
              -82.3894056,
              35.3257519
            ],
            [
              -82.3888155,
              35.3276185
            ],
            [
              -82.3880227,
              35.327617
            ],
            [
              -82.3874943,
              35.3275207
            ],
            [
              -82.3866253,
              35.3275185
            ],
            [
              -82.3856355,
              35.3271531
            ],
            [
              -82.3821254,
              35.3268418
            ],
            [
              -82.3814765,
              35.3288978
            ],
            [
              -82.3795708,
              35.3291167
            ],
            [
              -82.3753387,
              35.3290762
            ],
            [
              -82.3739225,
              35.327772
            ],
            [
              -82.3606665,
              35.3264415
            ],
            [
              -82.3505385,
              35.3205431
            ],
            [
              -82.3479582,
              35.3203264
            ],
            [
              -82.345573,
              35.3207091
            ],
            [
              -82.3448865,
              35.3210649
            ],
            [
              -82.3420567,
              35.321008
            ],
            [
              -82.3410792,
              35.3239742
            ],
            [
              -82.3403461,
              35.324595
            ],
            [
              -82.339991,
              35.3254881
            ],
            [
              -82.3179558,
              35.3370552
            ],
            [
              -82.2987334,
              35.3362014
            ],
            [
              -82.2987334,
              35.3362086
            ],
            [
              -82.2979422,
              35.3357666
            ],
            [
              -82.2945676,
              35.3420112
            ],
            [
              -82.2956997,
              35.3425006
            ],
            [
              -82.2939474,
              35.3467056
            ],
            [
              -82.2907575,
              35.3530864
            ],
            [
              -82.2843765,
              35.3589356
            ],
            [
              -82.2806545,
              35.3637205
            ],
            [
              -82.2806551,
              35.3637247
            ],
            [
              -82.2797675,
              35.3651061
            ],
            [
              -82.2807304,
              35.3658585
            ],
            [
              -82.2806634,
              35.3673808
            ],
            [
              -82.2795958,
              35.3673764
            ],
            [
              -82.2778855,
              35.3703134
            ],
            [
              -82.275796,
              35.3711379
            ],
            [
              -82.2738688,
              35.3723629
            ],
            [
              -82.2718768,
              35.3764161
            ],
            [
              -82.2729202,
              35.3764205
            ],
            [
              -82.272939,
              35.3765135
            ],
            [
              -82.2728907,
              35.3769432
            ],
            [
              -82.2716355,
              35.3785429
            ],
            [
              -82.2718344,
              35.3787631
            ],
            [
              -82.2641704,
              35.3849895
            ],
            [
              -82.2620434,
              35.3892434
            ],
            [
              -82.2610824,
              35.3940494
            ],
            [
              -82.2620725,
              35.3944515
            ],
            [
              -82.2666146,
              35.3982259
            ],
            [
              -82.265721,
              35.3996846
            ],
            [
              -82.2635984,
              35.4038054
            ],
            [
              -82.264387,
              35.4048818
            ],
            [
              -82.2688909,
              35.4048945
            ],
            [
              -82.2686915,
              35.4064095
            ],
            [
              -82.2712504,
              35.4077325
            ],
            [
              -82.2726765,
              35.4095514
            ],
            [
              -82.2732885,
              35.4149585
            ],
            [
              -82.2730404,
              35.4188325
            ],
            [
              -82.2758304,
              35.4230905
            ],
            [
              -82.2751134,
              35.4261995
            ],
            [
              -82.2734145,
              35.4303375
            ],
            [
              -82.2762015,
              35.4370714
            ],
            [
              -82.2789964,
              35.4383715
            ],
            [
              -82.2805104,
              35.4422055
            ],
            [
              -82.2796165,
              35.4459765
            ],
            [
              -82.2768964,
              35.4484384
            ],
            [
              -82.2753875,
              35.4502585
            ],
            [
              -82.2658714,
              35.4676224
            ],
            [
              -82.2538184,
              35.4617784
            ],
            [
              -82.2513135,
              35.4605525
            ],
            [
              -82.2425825,
              35.4680105
            ],
            [
              -82.2401015,
              35.4721345
            ],
            [
              -82.2377855,
              35.4761476
            ],
            [
              -82.2358614,
              35.4794114
            ],
            [
              -82.2335854,
              35.4833355
            ],
            [
              -82.2240925,
              35.4998336
            ],
            [
              -82.2266005,
              35.5039165
            ],
            [
              -82.2281725,
              35.5055335
            ],
            [
              -82.2316915,
              35.5070804
            ],
            [
              -82.2332515,
              35.5094694
            ],
            [
              -82.2338514,
              35.5115224
            ],
            [
              -82.2336375,
              35.5152395
            ],
            [
              -82.2328405,
              35.5172105
            ],
            [
              -82.2331524,
              35.5195035
            ],
            [
              -82.2303994,
              35.5201876
            ],
            [
              -82.2207635,
              35.5214505
            ],
            [
              -82.2100714,
              35.5227615
            ],
            [
              -82.1850859,
              35.5258068
            ],
            [
              -82.1802996,
              35.5264856
            ],
            [
              -82.1791566,
              35.5269142
            ],
            [
              -82.1781922,
              35.5268069
            ],
            [
              -82.1771921,
              35.5269855
            ],
            [
              -82.1766206,
              35.5269499
            ],
            [
              -82.1759775,
              35.527307
            ],
            [
              -82.174406,
              35.5271642
            ],
            [
              -82.1739417,
              35.5272713
            ],
            [
              -82.1690481,
              35.5278786
            ],
            [
              -82.1861735,
              35.5368645
            ],
            [
              -82.1916234,
              35.5397635
            ],
            [
              -82.1994935,
              35.5439105
            ],
            [
              -82.2106655,
              35.5493536
            ],
            [
              -82.2199805,
              35.5531355
            ],
            [
              -82.2351315,
              35.5562134
            ],
            [
              -82.2508635,
              35.5596686
            ],
            [
              -82.2548506,
              35.5625575
            ],
            [
              -82.2646275,
              35.5701335
            ],
            [
              -82.2665435,
              35.5716965
            ],
            [
              -82.2717995,
              35.5758885
            ],
            [
              -82.2857944,
              35.5871125
            ],
            [
              -82.2908935,
              35.5916164
            ],
            [
              -82.2918605,
              35.5949774
            ],
            [
              -82.2894944,
              35.5968984
            ],
            [
              -82.2887774,
              35.5995865
            ],
            [
              -82.2869745,
              35.6014585
            ],
            [
              -82.2849264,
              35.6025485
            ],
            [
              -82.2824914,
              35.6030245
            ],
            [
              -82.2820124,
              35.6060755
            ],
            [
              -82.2804165,
              35.6087545
            ],
            [
              -82.2773674,
              35.6103695
            ],
            [
              -82.2744585,
              35.6109025
            ],
            [
              -82.2725175,
              35.6118465
            ],
            [
              -82.2700165,
              35.6116524
            ],
            [
              -82.2646806,
              35.6143715
            ],
            [
              -82.2644265,
              35.6177615
            ],
            [
              -82.2690275,
              35.6207594
            ],
            [
              -82.2706105,
              35.6228565
            ],
            [
              -82.2719025,
              35.6246164
            ],
            [
              -82.2731305,
              35.6297524
            ],
            [
              -82.2706645,
              35.6314644
            ],
            [
              -82.2718545,
              35.6336324
            ],
            [
              -82.2761675,
              35.6375034
            ],
            [
              -82.2801634,
              35.6381105
            ],
            [
              -82.2819264,
              35.6396076
            ],
            [
              -82.2831104,
              35.6430546
            ],
            [
              -82.2831955,
              35.6470694
            ],
            [
              -82.2855925,
              35.6480214
            ],
            [
              -82.2862695,
              35.6508365
            ],
            [
              -82.2865675,
              35.6535085
            ],
            [
              -82.2865045,
              35.6578075
            ],
            [
              -82.2852795,
              35.6596795
            ],
            [
              -82.2848484,
              35.6619105
            ],
            [
              -82.2833395,
              35.6637465
            ],
            [
              -82.2802935,
              35.6673785
            ],
            [
              -82.2835475,
              35.6741495
            ],
            [
              -82.2853874,
              35.6774125
            ],
            [
              -82.2884755,
              35.6793375
            ],
            [
              -82.2906805,
              35.6816975
            ],
            [
              -82.2932285,
              35.6825926
            ],
            [
              -82.2948065,
              35.6839434
            ],
            [
              -82.2931575,
              35.6879335
            ],
            [
              -82.2890724,
              35.6939974
            ],
            [
              -82.2888985,
              35.6962465
            ],
            [
              -82.2838925,
              35.6985276
            ],
            [
              -82.2810385,
              35.7022465
            ],
            [
              -82.2753955,
              35.7044234
            ],
            [
              -82.2760134,
              35.7072875
            ],
            [
              -82.2752015,
              35.7106524
            ],
            [
              -82.2758375,
              35.7142265
            ],
            [
              -82.2789605,
              35.7172225
            ],
            [
              -82.2787045,
              35.7202805
            ],
            [
              -82.2845635,
              35.7253815
            ],
            [
              -82.2864974,
              35.7265855
            ],
            [
              -82.2909254,
              35.7296844
            ],
            [
              -82.2965966,
              35.7301065
            ],
            [
              -82.3060415,
              35.7331235
            ],
            [
              -82.3086315,
              35.7329405
            ],
            [
              -82.3130075,
              35.7335014
            ],
            [
              -82.3222164,
              35.7403815
            ],
            [
              -82.3267475,
              35.7473194
            ],
            [
              -82.3294794,
              35.7475234
            ],
            [
              -82.3315605,
              35.7483915
            ],
            [
              -82.331988,
              35.748422
            ],
            [
              -82.333578,
              35.748263
            ],
            [
              -82.333797,
              35.748256
            ],
            [
              -82.333933,
              35.748245
            ],
            [
              -82.334065,
              35.748234
            ],
            [
              -82.334389,
              35.748326
            ]
          ]
        ]
      }
    }
  ]
}
